[2026-01-19T18:47:49.930Z] --- LORAPOK STARTUP ---
[2026-01-19T18:47:50.165Z] Creating Window...
[2026-01-19T18:47:51.077Z] Window Ready to Show
[2026-01-19T18:47:51.081Z] Renderer Finished Load
[2026-01-19T18:48:04.947Z] --- LORAPOK STARTUP ---
[2026-01-19T18:48:05.163Z] Creating Window...
[2026-01-19T18:48:06.123Z] Renderer Finished Load
[2026-01-19T18:48:06.125Z] Window Ready to Show
[2026-01-19T18:48:21.968Z] --- LORAPOK STARTUP ---
[2026-01-19T18:48:22.179Z] Creating Window...
[2026-01-19T18:48:23.165Z] Renderer Finished Load
[2026-01-19T18:48:23.168Z] Window Ready to Show
[2026-01-19T18:48:36.692Z] 🚨 Process Gone: Utility (killed)
[2026-01-19T18:48:36.695Z] 🚨 Process Gone: GPU (killed)
[2026-01-19T18:48:39.122Z] --- LORAPOK STARTUP ---
[2026-01-19T18:48:39.350Z] Creating Window...
[2026-01-19T18:48:40.260Z] Window Ready to Show
[2026-01-19T18:48:40.263Z] Renderer Finished Load
[2026-01-19T18:48:56.148Z] --- LORAPOK STARTUP ---
[2026-01-19T18:48:56.364Z] Creating Window...
[2026-01-19T18:48:57.282Z] Window Ready to Show
[2026-01-19T18:48:57.286Z] Renderer Finished Load
[2026-01-19T18:49:10.879Z] 🚨 Process Gone: Utility (killed)
[2026-01-19T18:49:10.888Z] 🚨 Process Gone: GPU (killed)
[2026-01-19T18:49:13.358Z] --- LORAPOK STARTUP ---
[2026-01-19T18:49:13.576Z] Creating Window...
[2026-01-19T18:49:14.472Z] Window Ready to Show
[2026-01-19T18:49:14.478Z] Renderer Finished Load
[2026-01-19T18:49:30.312Z] --- LORAPOK STARTUP ---
[2026-01-19T18:49:30.538Z] Creating Window...
[2026-01-19T18:49:31.461Z] Window Ready to Show
[2026-01-19T18:49:31.466Z] Renderer Finished Load
[2026-01-19T18:51:24.596Z] --- LORAPOK STARTUP ---
[2026-01-19T18:51:24.821Z] Creating Window...
[2026-01-19T18:51:25.726Z] Window Ready to Show
[2026-01-19T18:51:25.728Z] Renderer Finished Load
[2026-01-19T18:51:39.618Z] --- LORAPOK STARTUP ---
[2026-01-19T18:51:39.861Z] Creating Window...
[2026-01-19T18:51:40.778Z] Window Ready to Show
[2026-01-19T18:51:40.781Z] Renderer Finished Load
[2026-01-19T18:51:56.623Z] --- LORAPOK STARTUP ---
[2026-01-19T18:51:56.843Z] Creating Window...
[2026-01-19T18:51:57.734Z] Window Ready to Show
[2026-01-19T18:51:57.737Z] Renderer Finished Load
[2026-01-19T18:52:11.358Z] 🚨 Process Gone: Utility (killed)
[2026-01-19T18:52:11.363Z] 🚨 Process Gone: GPU (killed)
[2026-01-19T18:52:13.789Z] --- LORAPOK STARTUP ---
[2026-01-19T18:52:14.025Z] Creating Window...
[2026-01-19T18:52:14.870Z] Window Ready to Show
[2026-01-19T18:52:14.875Z] Renderer Finished Load
[2026-01-19T18:52:30.817Z] --- LORAPOK STARTUP ---
[2026-01-19T18:52:31.044Z] Creating Window...
[2026-01-19T18:52:31.955Z] Window Ready to Show
[2026-01-19T18:52:31.958Z] Renderer Finished Load
[2026-01-19T18:52:47.824Z] --- LORAPOK STARTUP ---
[2026-01-19T18:52:48.057Z] Creating Window...
[2026-01-19T18:52:48.917Z] Window Ready to Show
[2026-01-19T18:52:48.923Z] Renderer Finished Load
[2026-01-19T18:53:04.860Z] --- LORAPOK STARTUP ---
[2026-01-19T18:53:05.090Z] Creating Window...
[2026-01-19T18:53:05.961Z] Window Ready to Show
[2026-01-19T18:53:05.968Z] Renderer Finished Load
[2026-01-19T18:56:21.244Z] --- LORAPOK STARTUP ---
[2026-01-19T18:56:21.483Z] Creating Window...
[2026-01-19T18:56:22.414Z] Window Ready to Show
[2026-01-19T18:56:22.419Z] Renderer Finished Load
[2026-01-19T18:56:36.257Z] --- LORAPOK STARTUP ---
[2026-01-19T18:56:36.466Z] Creating Window...
[2026-01-19T18:56:37.349Z] Window Ready to Show
[2026-01-19T18:56:37.352Z] Renderer Finished Load
[2026-01-19T18:56:53.294Z] --- LORAPOK STARTUP ---
[2026-01-19T18:56:53.521Z] Creating Window...
[2026-01-19T18:56:54.382Z] Window Ready to Show
[2026-01-19T18:56:54.384Z] Renderer Finished Load
[2026-01-19T18:57:10.309Z] --- LORAPOK STARTUP ---
[2026-01-19T18:57:10.542Z] Creating Window...
[2026-01-19T18:57:11.388Z] Window Ready to Show
[2026-01-19T18:57:11.395Z] Renderer Finished Load
[2026-01-19T18:57:25.038Z] 🚨 Process Gone: Utility (killed)
[2026-01-19T18:57:25.047Z] 🚨 Process Gone: GPU (killed)
[2026-01-19T18:57:27.442Z] --- LORAPOK STARTUP ---
[2026-01-19T18:57:27.675Z] Creating Window...
[2026-01-19T18:57:28.541Z] Window Ready to Show
[2026-01-19T18:57:28.546Z] Renderer Finished Load
[2026-01-19T18:57:44.487Z] --- LORAPOK STARTUP ---
[2026-01-19T18:57:44.756Z] Creating Window...
[2026-01-19T18:57:45.870Z] Window Ready to Show
[2026-01-19T18:57:45.876Z] Renderer Finished Load
[2026-01-19T18:57:59.201Z] 🚨 Process Gone: Utility (killed)
[2026-01-19T18:57:59.203Z] 🚨 Process Gone: GPU (killed)
[2026-01-19T18:58:01.654Z] --- LORAPOK STARTUP ---
[2026-01-19T18:58:01.896Z] Creating Window...
[2026-01-19T18:58:02.885Z] Window Ready to Show
[2026-01-19T18:58:02.888Z] Renderer Finished Load
[2026-01-19T19:01:50.241Z] --- LORAPOK STARTUP ---
[2026-01-19T19:01:50.525Z] Creating Window...
[2026-01-19T19:01:51.558Z] Window Ready to Show
[2026-01-19T19:01:51.561Z] Renderer Finished Load
[2026-01-19T19:02:05.267Z] --- LORAPOK STARTUP ---
[2026-01-19T19:02:05.567Z] Creating Window...
[2026-01-19T19:02:06.491Z] Window Ready to Show
[2026-01-19T19:02:06.495Z] Renderer Finished Load
[2026-01-19T19:02:19.976Z] 🚨 Process Gone: Utility (killed)
[2026-01-19T19:02:19.986Z] 🚨 Process Gone: GPU (killed)
[2026-01-19T19:02:22.436Z] --- LORAPOK STARTUP ---
[2026-01-19T19:02:22.703Z] Creating Window...
[2026-01-19T19:02:23.619Z] Window Ready to Show
[2026-01-19T19:02:23.624Z] Renderer Finished Load
[2026-01-19T19:02:39.470Z] --- LORAPOK STARTUP ---
[2026-01-19T19:02:39.716Z] Creating Window...
[2026-01-19T19:02:40.679Z] Window Ready to Show
[2026-01-19T19:02:40.683Z] Renderer Finished Load
[2026-01-19T19:02:56.636Z] --- LORAPOK STARTUP ---
[2026-01-19T19:02:56.943Z] Creating Window...
[2026-01-19T19:02:58.222Z] Window Ready to Show
[2026-01-19T19:02:58.224Z] Renderer Finished Load
[2026-01-19T19:03:11.221Z] 🚨 Process Gone: Utility (killed)
[2026-01-19T19:03:11.238Z] 🚨 Process Gone: GPU (killed)
[2026-01-19T19:03:13.827Z] --- LORAPOK STARTUP ---
[2026-01-19T19:03:14.103Z] Creating Window...
[2026-01-19T19:03:15.150Z] Window Ready to Show
[2026-01-19T19:03:15.159Z] Renderer Finished Load
[2026-01-19T19:03:30.924Z] --- LORAPOK STARTUP ---
[2026-01-19T19:03:31.183Z] Creating Window...
[2026-01-19T19:03:32.199Z] Renderer Finished Load
[2026-01-19T19:03:32.268Z] Window Ready to Show
[2026-01-19T19:05:43.971Z] --- LORAPOK STARTUP ---
[2026-01-19T19:05:44.273Z] Creating Window...
[2026-01-19T19:05:45.136Z] Window Ready to Show
[2026-01-19T19:05:45.137Z] Renderer Finished Load
[2026-01-19T19:05:58.657Z] 🚨 Process Gone: Utility (killed)
[2026-01-19T19:05:58.662Z] 🚨 Process Gone: GPU (killed)
[2026-01-19T19:05:59.293Z] --- LORAPOK STARTUP ---
[2026-01-19T19:05:59.613Z] Creating Window...
[2026-01-19T19:06:00.768Z] Window Ready to Show
[2026-01-19T19:06:00.770Z] Renderer Finished Load
[2026-01-19T19:06:16.163Z] --- LORAPOK STARTUP ---
[2026-01-19T19:06:16.397Z] Creating Window...
[2026-01-19T19:06:17.324Z] Window Ready to Show
[2026-01-19T19:06:17.327Z] Renderer Finished Load
[2026-01-19T19:06:33.216Z] --- LORAPOK STARTUP ---
[2026-01-19T19:06:33.482Z] Creating Window...
[2026-01-19T19:06:34.376Z] Window Ready to Show
[2026-01-19T19:06:34.383Z] Renderer Finished Load
[2026-01-19T19:06:50.231Z] --- LORAPOK STARTUP ---
[2026-01-19T19:06:50.465Z] Creating Window...
[2026-01-19T19:06:51.323Z] Window Ready to Show
[2026-01-19T19:06:51.325Z] Renderer Finished Load
[2026-01-19T19:07:04.945Z] 🚨 Process Gone: Utility (killed)
[2026-01-19T19:07:04.961Z] 🚨 Process Gone: GPU (killed)
[2026-01-19T19:07:07.421Z] --- LORAPOK STARTUP ---
[2026-01-19T19:07:07.676Z] Creating Window...
[2026-01-19T19:07:08.568Z] Window Ready to Show
[2026-01-19T19:07:08.569Z] Renderer Finished Load
[2026-01-19T19:07:24.463Z] --- LORAPOK STARTUP ---
[2026-01-19T19:07:24.699Z] Creating Window...
[2026-01-19T19:07:25.569Z] Window Ready to Show
[2026-01-19T19:07:25.572Z] Renderer Finished Load
[2026-01-19T19:08:39.002Z] --- LORAPOK STARTUP ---
[2026-01-19T19:08:39.249Z] Creating Window...
[2026-01-19T19:08:40.158Z] Window Ready to Show
[2026-01-19T19:08:40.160Z] Renderer Finished Load
[2026-01-19T19:08:54.025Z] --- LORAPOK STARTUP ---
[2026-01-19T19:08:54.264Z] Creating Window...
[2026-01-19T19:08:55.122Z] Window Ready to Show
[2026-01-19T19:08:55.124Z] Renderer Finished Load
[2026-01-19T19:47:29.179Z] --- LORAPOK STARTUP ---
[2026-01-19T19:47:29.297Z] Creating Window...
[2026-01-19T19:47:29.697Z] Window Ready to Show
[2026-01-19T19:47:29.697Z] Renderer Finished Load
[2026-01-19T19:47:29.730Z] [RENDERER] App Component Mounted
[2026-01-19T19:47:34.023Z] 🚨 Process Gone: Utility (killed)
[2026-01-19T19:47:34.029Z] 🚨 Process Gone: GPU (killed)
[2026-01-19T19:47:34.278Z] --- LORAPOK STARTUP ---
[2026-01-19T19:47:34.407Z] Creating Window...
[2026-01-19T19:47:34.926Z] Window Ready to Show
[2026-01-19T19:47:34.927Z] Renderer Finished Load
[2026-01-19T19:47:34.976Z] [RENDERER] App Component Mounted
[2026-01-19T19:47:41.291Z] --- LORAPOK STARTUP ---
[2026-01-19T19:47:41.411Z] Creating Window...
[2026-01-19T19:47:41.930Z] Window Ready to Show
[2026-01-19T19:47:41.931Z] Renderer Finished Load
[2026-01-19T19:47:41.975Z] [RENDERER] App Component Mounted
[2026-01-19T19:47:48.312Z] --- LORAPOK STARTUP ---
[2026-01-19T19:47:48.436Z] Creating Window...
[2026-01-19T19:47:48.992Z] Renderer Finished Load
[2026-01-19T19:47:49.036Z] Window Ready to Show
[2026-01-19T19:47:49.040Z] [RENDERER] App Component Mounted
[2026-01-19T19:47:55.330Z] --- LORAPOK STARTUP ---
[2026-01-19T19:47:55.459Z] Creating Window...
[2026-01-19T19:47:56.029Z] Window Ready to Show
[2026-01-19T19:47:56.030Z] Renderer Finished Load
[2026-01-19T19:47:56.079Z] [RENDERER] App Component Mounted
[2026-01-19T19:48:02.347Z] --- LORAPOK STARTUP ---
[2026-01-19T19:48:02.469Z] Creating Window...
[2026-01-19T19:48:03.010Z] Window Ready to Show
[2026-01-19T19:48:03.011Z] Renderer Finished Load
[2026-01-19T19:48:03.056Z] [RENDERER] App Component Mounted
[2026-01-19T19:48:09.376Z] --- LORAPOK STARTUP ---
[2026-01-19T19:48:09.508Z] Creating Window...
[2026-01-19T19:48:10.038Z] Window Ready to Show
[2026-01-19T19:48:10.039Z] Renderer Finished Load
[2026-01-19T19:48:10.085Z] [RENDERER] App Component Mounted
[2026-01-19T20:42:20.625Z] --- LORAPOK STARTUP ---
[2026-01-19T20:42:20.792Z] Creating Window...
[2026-01-19T20:42:21.457Z] Window Ready to Show
[2026-01-19T20:42:21.459Z] Renderer Finished Load
[2026-01-19T20:42:21.516Z] [RENDERER] App Component Mounted
[2026-01-19T20:42:21.516Z] Renderer reported READY
[2026-01-19T20:42:25.616Z] --- LORAPOK STARTUP ---
[2026-01-19T20:42:25.863Z] Creating Window...
[2026-01-19T20:42:26.586Z] Window Ready to Show
[2026-01-19T20:42:26.587Z] Renderer Finished Load
[2026-01-19T20:42:26.642Z] [RENDERER] App Component Mounted
[2026-01-19T20:42:26.642Z] Renderer reported READY
[2026-01-19T20:42:32.491Z] 🚨 Process Gone: Utility (killed)
[2026-01-19T20:42:32.530Z] 🚨 Process Gone: GPU (killed)
[2026-01-19T20:42:33.758Z] --- LORAPOK STARTUP ---
[2026-01-19T20:42:33.866Z] Creating Window...
[2026-01-19T20:42:34.317Z] Window Ready to Show
[2026-01-19T20:42:34.318Z] Renderer Finished Load
[2026-01-19T20:42:34.358Z] [RENDERER] App Component Mounted
[2026-01-19T20:42:34.358Z] Renderer reported READY
[2026-01-19T20:42:41.796Z] --- LORAPOK STARTUP ---
[2026-01-19T20:42:41.934Z] Creating Window...
[2026-01-19T20:42:42.467Z] Renderer Finished Load
[2026-01-19T20:42:42.506Z] Window Ready to Show
[2026-01-19T20:42:42.509Z] [RENDERER] App Component Mounted
[2026-01-19T20:42:42.509Z] Renderer reported READY
[2026-01-19T20:42:48.653Z] 🚨 Process Gone: Utility (killed)
[2026-01-19T20:42:48.655Z] 🚨 Process Gone: GPU (killed)
[2026-01-19T20:42:49.945Z] --- LORAPOK STARTUP ---
[2026-01-19T20:42:50.092Z] Creating Window...
[2026-01-19T20:42:50.724Z] Window Ready to Show
[2026-01-19T20:42:50.725Z] Renderer Finished Load
[2026-01-19T20:42:50.780Z] [RENDERER] App Component Mounted
[2026-01-19T20:42:50.780Z] Renderer reported READY
[2026-01-19T20:42:57.911Z] --- LORAPOK STARTUP ---
[2026-01-19T20:42:58.022Z] Creating Window...
[2026-01-19T20:42:58.492Z] Window Ready to Show
[2026-01-19T20:42:58.493Z] Renderer Finished Load
[2026-01-19T20:42:58.539Z] [RENDERER] App Component Mounted
[2026-01-19T20:42:58.539Z] Renderer reported READY
[2026-01-19T20:43:05.947Z] --- LORAPOK STARTUP ---
[2026-01-19T20:43:06.064Z] Creating Window...
[2026-01-19T20:43:06.581Z] Window Ready to Show
[2026-01-19T20:43:06.582Z] Renderer Finished Load
[2026-01-19T20:43:06.620Z] [RENDERER] App Component Mounted
[2026-01-19T20:43:06.620Z] Renderer reported READY
[2026-01-19T20:43:14.011Z] --- LORAPOK STARTUP ---
[2026-01-19T20:43:14.153Z] Creating Window...
[2026-01-19T20:43:14.753Z] Window Ready to Show
[2026-01-19T20:43:14.755Z] Renderer Finished Load
[2026-01-19T20:43:14.809Z] [RENDERER] App Component Mounted
[2026-01-19T20:43:14.809Z] Renderer reported READY
[2026-01-19T20:43:22.042Z] --- LORAPOK STARTUP ---
[2026-01-19T20:43:22.267Z] Creating Window...
[2026-01-19T20:43:22.951Z] Window Ready to Show
[2026-01-19T20:43:22.952Z] Renderer Finished Load
[2026-01-19T20:43:23.005Z] [RENDERER] App Component Mounted
[2026-01-19T20:43:23.005Z] Renderer reported READY
[2026-01-19T20:43:30.027Z] --- LORAPOK STARTUP ---
[2026-01-19T20:43:30.151Z] Creating Window...
[2026-01-19T20:43:30.663Z] Window Ready to Show
[2026-01-19T20:43:30.664Z] Renderer Finished Load
[2026-01-19T20:43:30.703Z] [RENDERER] App Component Mounted
[2026-01-19T20:43:30.704Z] Renderer reported READY
[2026-01-19T20:43:38.057Z] --- LORAPOK STARTUP ---
[2026-01-19T20:43:38.231Z] Creating Window...
[2026-01-19T20:43:38.819Z] Window Ready to Show
[2026-01-19T20:43:38.820Z] Renderer Finished Load
[2026-01-19T20:43:38.864Z] [RENDERER] App Component Mounted
[2026-01-19T20:43:38.864Z] Renderer reported READY
[2026-01-19T20:43:46.080Z] --- LORAPOK STARTUP ---
[2026-01-19T20:43:46.215Z] Creating Window...
[2026-01-19T20:43:46.721Z] Window Ready to Show
[2026-01-19T20:43:46.722Z] Renderer Finished Load
[2026-01-19T20:43:46.760Z] [RENDERER] App Component Mounted
[2026-01-19T20:43:46.760Z] Renderer reported READY
[2026-01-19T20:43:54.110Z] --- LORAPOK STARTUP ---
[2026-01-19T20:43:54.259Z] Creating Window...
[2026-01-19T20:43:54.876Z] Window Ready to Show
[2026-01-19T20:43:54.877Z] Renderer Finished Load
[2026-01-19T20:43:54.926Z] [RENDERER] App Component Mounted
[2026-01-19T20:43:54.927Z] Renderer reported READY
[2026-01-19T20:44:02.162Z] --- LORAPOK STARTUP ---
[2026-01-19T20:44:02.315Z] Creating Window...
[2026-01-19T20:44:03.113Z] Window Ready to Show
[2026-01-19T20:44:03.114Z] Renderer Finished Load
[2026-01-19T20:44:03.177Z] [RENDERER] App Component Mounted
[2026-01-19T20:44:03.177Z] Renderer reported READY
[2026-01-19T20:47:28.719Z] --- LORAPOK STARTUP ---
[2026-01-19T20:47:28.900Z] Creating Window...
[2026-01-19T20:47:29.496Z] Window Ready to Show
[2026-01-19T20:47:29.497Z] Renderer Finished Load
[2026-01-19T20:47:29.549Z] [RENDERER] App Component Mounted
[2026-01-19T20:47:29.550Z] Renderer reported READY
[2026-01-19T20:47:33.678Z] --- LORAPOK STARTUP ---
[2026-01-19T20:47:33.804Z] Creating Window...
[2026-01-19T20:47:34.335Z] Window Ready to Show
[2026-01-19T20:47:34.336Z] Renderer Finished Load
[2026-01-19T20:47:34.389Z] [RENDERER] App Component Mounted
[2026-01-19T20:47:34.390Z] Renderer reported READY
[2026-01-19T20:47:41.705Z] --- LORAPOK STARTUP ---
[2026-01-19T20:47:41.880Z] Creating Window...
[2026-01-19T20:47:42.450Z] Window Ready to Show
[2026-01-19T20:47:42.451Z] Renderer Finished Load
[2026-01-19T20:47:42.505Z] [RENDERER] App Component Mounted
[2026-01-19T20:47:42.505Z] Renderer reported READY
[2026-01-19T20:47:49.697Z] --- LORAPOK STARTUP ---
[2026-01-19T20:47:49.796Z] Creating Window...
[2026-01-19T20:47:50.188Z] Window Ready to Show
[2026-01-19T20:47:50.189Z] Renderer Finished Load
[2026-01-19T20:47:50.223Z] [RENDERER] App Component Mounted
[2026-01-19T20:47:50.223Z] Renderer reported READY
[2026-01-19T20:47:57.724Z] --- LORAPOK STARTUP ---
[2026-01-19T20:47:57.856Z] Creating Window...
[2026-01-19T20:47:58.360Z] Window Ready to Show
[2026-01-19T20:47:58.362Z] Renderer Finished Load
[2026-01-19T20:47:58.408Z] [RENDERER] App Component Mounted
[2026-01-19T20:47:58.408Z] Renderer reported READY
[2026-01-19T20:48:05.749Z] --- LORAPOK STARTUP ---
[2026-01-19T20:48:05.858Z] Creating Window...
[2026-01-19T20:48:06.285Z] Window Ready to Show
[2026-01-19T20:48:06.286Z] Renderer Finished Load
[2026-01-19T20:48:06.325Z] [RENDERER] App Component Mounted
[2026-01-19T20:48:06.325Z] Renderer reported READY
[2026-01-19T20:48:13.786Z] --- LORAPOK STARTUP ---
[2026-01-19T20:48:13.905Z] Creating Window...
[2026-01-19T20:48:14.388Z] Window Ready to Show
[2026-01-19T20:48:14.389Z] Renderer Finished Load
[2026-01-19T20:48:14.433Z] [RENDERER] App Component Mounted
[2026-01-19T20:48:14.433Z] Renderer reported READY
[2026-01-19T20:48:21.790Z] --- LORAPOK STARTUP ---
[2026-01-19T20:48:21.900Z] Creating Window...
[2026-01-19T20:48:22.358Z] Window Ready to Show
[2026-01-19T20:48:22.359Z] Renderer Finished Load
[2026-01-19T20:48:22.398Z] [RENDERER] App Component Mounted
[2026-01-19T20:48:22.398Z] Renderer reported READY
[2026-01-19T20:48:29.793Z] --- LORAPOK STARTUP ---
[2026-01-19T20:48:29.948Z] Creating Window...
[2026-01-19T20:48:30.374Z] Window Ready to Show
[2026-01-19T20:48:30.375Z] Renderer Finished Load
[2026-01-19T20:48:30.410Z] [RENDERER] App Component Mounted
[2026-01-19T20:48:30.410Z] Renderer reported READY
[2026-01-19T20:48:37.838Z] --- LORAPOK STARTUP ---
[2026-01-19T20:48:37.990Z] Creating Window...
[2026-01-19T20:48:38.575Z] Window Ready to Show
[2026-01-19T20:48:38.576Z] Renderer Finished Load
[2026-01-19T20:48:38.624Z] [RENDERER] App Component Mounted
[2026-01-19T20:48:38.624Z] Renderer reported READY
[2026-01-19T20:48:45.843Z] --- LORAPOK STARTUP ---
[2026-01-19T20:48:45.968Z] Creating Window...
[2026-01-19T20:48:46.499Z] Window Ready to Show
[2026-01-19T20:48:46.500Z] Renderer Finished Load
[2026-01-19T20:48:46.544Z] [RENDERER] App Component Mounted
[2026-01-19T20:48:46.544Z] Renderer reported READY
[2026-01-19T20:48:53.884Z] --- LORAPOK STARTUP ---
[2026-01-19T20:48:53.998Z] Creating Window...
[2026-01-19T20:48:54.443Z] Window Ready to Show
[2026-01-19T20:48:54.444Z] Renderer Finished Load
[2026-01-19T20:48:54.482Z] [RENDERER] App Component Mounted
[2026-01-19T20:48:54.482Z] Renderer reported READY
[2026-01-19T20:49:01.906Z] --- LORAPOK STARTUP ---
[2026-01-19T20:49:02.042Z] Creating Window...
[2026-01-19T20:49:02.580Z] Window Ready to Show
[2026-01-19T20:49:02.582Z] Renderer Finished Load
[2026-01-19T20:49:02.630Z] [RENDERER] App Component Mounted
[2026-01-19T20:49:02.630Z] Renderer reported READY
[2026-01-19T20:49:09.900Z] --- LORAPOK STARTUP ---
[2026-01-19T20:49:10.001Z] Creating Window...
[2026-01-19T20:49:10.428Z] Window Ready to Show
[2026-01-19T20:49:10.429Z] Renderer Finished Load
[2026-01-19T20:49:10.467Z] [RENDERER] App Component Mounted
[2026-01-19T20:49:10.467Z] Renderer reported READY
[2026-01-20T04:58:49.921Z] --- LORAPOK STARTUP ---
[2026-01-20T04:58:50.028Z] ⚠️ FFmpeg binary not found at static path, checking system path...
[2026-01-20T04:58:50.030Z] ✅ FFprobe Initialized: /home/maizied/Desktop/Personal_Projects/lorapok_player/lorapok-player/release/builds/linux/linux-unpacked/resources/app.asar/dist-electron/bin/linux/x64/ffprobe
[2026-01-20T04:58:50.044Z] Creating Window...
[2026-01-20T04:58:50.239Z] [APP PROTOCOL] Request: app://lorapok/index.html -> /home/maizied/Desktop/Personal_Projects/lorapok_player/lorapok-player/release/builds/linux/linux-unpacked/resources/app.asar/dist/index.html
[2026-01-20T04:58:50.391Z] [APP PROTOCOL] Request: app://lorapok/assets/index-CTYcFka6.js -> /home/maizied/Desktop/Personal_Projects/lorapok_player/lorapok-player/release/builds/linux/linux-unpacked/resources/app.asar/dist/assets/index-CTYcFka6.js
[2026-01-20T04:58:50.396Z] [APP PROTOCOL] Request: app://lorapok/assets/index-BShdH5d3.css -> /home/maizied/Desktop/Personal_Projects/lorapok_player/lorapok-player/release/builds/linux/linux-unpacked/resources/app.asar/dist/assets/index-BShdH5d3.css
[2026-01-20T04:58:50.698Z] Renderer Finished Load
[2026-01-20T04:58:50.700Z] Window Ready to Show
[2026-01-20T04:58:50.772Z] [RENDERER] App Component Mounted
[2026-01-20T04:58:50.773Z] Renderer reported READY
[2026-01-20T04:58:50.808Z] [RENDERER CONSOLE] L:1 Received protocol/CLI URL: lorapok://test-protocol-launch (app://lorapok/assets/index-CTYcFka6.js:227)
[2026-01-20T04:58:51.097Z] Media Protocol Error: Error: ENOENT: no such file or directory, stat '/test-protocol-launch'
[2026-01-20T04:58:51.120Z] [RENDERER CONSOLE] L:1 ⚠️ Native playback failed. Switching to Neural Decode... (app://lorapok/assets/index-CTYcFka6.js:227)
[2026-01-20T04:58:51.128Z] Media Protocol Error: Error: ENOENT: no such file or directory, stat '/test-protocol-launch'
[2026-01-20T04:58:51.131Z] [RENDERER CONSOLE] L:3 Video Error: The video could not be loaded, either because the server or network failed or because the format is not supported. [object MediaError] (app://lorapok/assets/index-CTYcFka6.js:227)
[2026-01-20T04:58:54.911Z] --- LORAPOK STARTUP ---
[2026-01-20T04:58:55.003Z] ⚠️ FFmpeg binary not found at static path, checking system path...
[2026-01-20T04:58:55.004Z] ✅ FFprobe Initialized: /home/maizied/Desktop/Personal_Projects/lorapok_player/lorapok-player/release/builds/linux/linux-unpacked/resources/app.asar/dist-electron/bin/linux/x64/ffprobe
[2026-01-20T04:58:55.015Z] Creating Window...
[2026-01-20T04:58:55.160Z] [APP PROTOCOL] Request: app://lorapok/index.html -> /home/maizied/Desktop/Personal_Projects/lorapok_player/lorapok-player/release/builds/linux/linux-unpacked/resources/app.asar/dist/index.html
[2026-01-20T04:58:55.289Z] [APP PROTOCOL] Request: app://lorapok/assets/index-CTYcFka6.js -> /home/maizied/Desktop/Personal_Projects/lorapok_player/lorapok-player/release/builds/linux/linux-unpacked/resources/app.asar/dist/assets/index-CTYcFka6.js
[2026-01-20T04:58:55.293Z] [APP PROTOCOL] Request: app://lorapok/assets/index-BShdH5d3.css -> /home/maizied/Desktop/Personal_Projects/lorapok_player/lorapok-player/release/builds/linux/linux-unpacked/resources/app.asar/dist/assets/index-BShdH5d3.css
[2026-01-20T04:58:55.487Z] Renderer Finished Load
[2026-01-20T04:58:55.488Z] Window Ready to Show
[2026-01-20T04:58:55.533Z] [RENDERER] App Component Mounted
[2026-01-20T04:58:55.533Z] Renderer reported READY
[2026-01-20T04:58:55.555Z] [RENDERER CONSOLE] L:1 Received protocol/CLI URL: lorapok:///home/maizied/Desktop/Personal_Projects/lorapok_player/test_media/long_sample.mp4 (app://lorapok/assets/index-CTYcFka6.js:227)
[2026-01-20T04:58:55.885Z] Deep Probe Error: Error: spawn ENOTDIR
[2026-01-20T04:58:55.885Z] 🧠 Universal Decode: .mp4 -> fMP4
[2026-01-20T04:58:55.892Z] FFmpeg Error: Cannot find ffmpeg
[2026-01-20T04:59:02.922Z] --- LORAPOK STARTUP ---
[2026-01-20T04:59:03.057Z] ⚠️ FFmpeg binary not found at static path, checking system path...
[2026-01-20T04:59:03.064Z] ✅ FFprobe Initialized: /home/maizied/Desktop/Personal_Projects/lorapok_player/lorapok-player/release/builds/linux/linux-unpacked/resources/app.asar/dist-electron/bin/linux/x64/ffprobe
[2026-01-20T04:59:03.103Z] Creating Window...
[2026-01-20T04:59:03.271Z] [APP PROTOCOL] Request: app://lorapok/index.html -> /home/maizied/Desktop/Personal_Projects/lorapok_player/lorapok-player/release/builds/linux/linux-unpacked/resources/app.asar/dist/index.html
[2026-01-20T04:59:03.386Z] [APP PROTOCOL] Request: app://lorapok/assets/index-CTYcFka6.js -> /home/maizied/Desktop/Personal_Projects/lorapok_player/lorapok-player/release/builds/linux/linux-unpacked/resources/app.asar/dist/assets/index-CTYcFka6.js
[2026-01-20T04:59:03.390Z] [APP PROTOCOL] Request: app://lorapok/assets/index-BShdH5d3.css -> /home/maizied/Desktop/Personal_Projects/lorapok_player/lorapok-player/release/builds/linux/linux-unpacked/resources/app.asar/dist/assets/index-BShdH5d3.css
[2026-01-20T04:59:03.576Z] Renderer Finished Load
[2026-01-20T04:59:03.576Z] Window Ready to Show
[2026-01-20T04:59:03.622Z] [RENDERER] App Component Mounted
[2026-01-20T04:59:03.622Z] Renderer reported READY
[2026-01-20T04:59:03.645Z] [RENDERER CONSOLE] L:1 Received protocol/CLI URL: lorapok:///home/maizied/Desktop/Personal_Projects/lorapok_player/test_media/sample_1080p.mp4 (app://lorapok/assets/index-CTYcFka6.js:227)
[2026-01-20T04:59:03.984Z] Deep Probe Error: Error: spawn ENOTDIR
[2026-01-20T04:59:03.985Z] 🧠 Universal Decode: .mp4 -> fMP4
[2026-01-20T04:59:03.992Z] FFmpeg Error: Cannot find ffmpeg
[2026-01-20T04:59:11.014Z] --- LORAPOK STARTUP ---
[2026-01-20T04:59:11.115Z] ⚠️ FFmpeg binary not found at static path, checking system path...
[2026-01-20T04:59:11.117Z] ✅ FFprobe Initialized: /home/maizied/Desktop/Personal_Projects/lorapok_player/lorapok-player/release/builds/linux/linux-unpacked/resources/app.asar/dist-electron/bin/linux/x64/ffprobe
[2026-01-20T04:59:11.127Z] Creating Window...
[2026-01-20T04:59:11.299Z] [APP PROTOCOL] Request: app://lorapok/index.html -> /home/maizied/Desktop/Personal_Projects/lorapok_player/lorapok-player/release/builds/linux/linux-unpacked/resources/app.asar/dist/index.html
[2026-01-20T04:59:11.431Z] [APP PROTOCOL] Request: app://lorapok/assets/index-CTYcFka6.js -> /home/maizied/Desktop/Personal_Projects/lorapok_player/lorapok-player/release/builds/linux/linux-unpacked/resources/app.asar/dist/assets/index-CTYcFka6.js
[2026-01-20T04:59:11.437Z] [APP PROTOCOL] Request: app://lorapok/assets/index-BShdH5d3.css -> /home/maizied/Desktop/Personal_Projects/lorapok_player/lorapok-player/release/builds/linux/linux-unpacked/resources/app.asar/dist/assets/index-BShdH5d3.css
[2026-01-20T04:59:11.633Z] Renderer Finished Load
[2026-01-20T04:59:11.633Z] Window Ready to Show
[2026-01-20T04:59:11.685Z] [RENDERER] App Component Mounted
[2026-01-20T04:59:11.685Z] Renderer reported READY
[2026-01-20T04:59:11.711Z] [RENDERER CONSOLE] L:1 Received protocol/CLI URL: lorapok:///home/maizied/Desktop/Personal_Projects/lorapok_player/test_media/sample.3gp (app://lorapok/assets/index-CTYcFka6.js:227)
[2026-01-20T04:59:11.987Z] 🧠 Universal Decode: .3gp -> fMP4
[2026-01-20T04:59:11.992Z] FFmpeg Error: Cannot find ffmpeg
[2026-01-20T04:59:18.979Z] --- LORAPOK STARTUP ---
[2026-01-20T04:59:19.089Z] ⚠️ FFmpeg binary not found at static path, checking system path...
[2026-01-20T04:59:19.090Z] ✅ FFprobe Initialized: /home/maizied/Desktop/Personal_Projects/lorapok_player/lorapok-player/release/builds/linux/linux-unpacked/resources/app.asar/dist-electron/bin/linux/x64/ffprobe
[2026-01-20T04:59:19.102Z] Creating Window...
[2026-01-20T04:59:19.251Z] [APP PROTOCOL] Request: app://lorapok/index.html -> /home/maizied/Desktop/Personal_Projects/lorapok_player/lorapok-player/release/builds/linux/linux-unpacked/resources/app.asar/dist/index.html
[2026-01-20T04:59:19.364Z] [APP PROTOCOL] Request: app://lorapok/assets/index-CTYcFka6.js -> /home/maizied/Desktop/Personal_Projects/lorapok_player/lorapok-player/release/builds/linux/linux-unpacked/resources/app.asar/dist/assets/index-CTYcFka6.js
[2026-01-20T04:59:19.368Z] [APP PROTOCOL] Request: app://lorapok/assets/index-BShdH5d3.css -> /home/maizied/Desktop/Personal_Projects/lorapok_player/lorapok-player/release/builds/linux/linux-unpacked/resources/app.asar/dist/assets/index-BShdH5d3.css
[2026-01-20T04:59:19.536Z] Renderer Finished Load
[2026-01-20T04:59:19.537Z] Window Ready to Show
[2026-01-20T04:59:19.579Z] [RENDERER] App Component Mounted
[2026-01-20T04:59:19.580Z] Renderer reported READY
[2026-01-20T04:59:19.605Z] [RENDERER CONSOLE] L:1 Received protocol/CLI URL: lorapok:///home/maizied/Desktop/Personal_Projects/lorapok_player/test_media/sample.aac (app://lorapok/assets/index-CTYcFka6.js:227)
[2026-01-20T04:59:19.907Z] [RENDERER CONSOLE] L:1 ⚠️ Native playback failed. Switching to Neural Decode... (app://lorapok/assets/index-CTYcFka6.js:227)
[2026-01-20T04:59:19.915Z] 🧠 Universal Decode: .aac -> fMP4
[2026-01-20T04:59:19.921Z] FFmpeg Error: Cannot find ffmpeg
[2026-01-20T04:59:27.073Z] --- LORAPOK STARTUP ---
[2026-01-20T04:59:27.206Z] ⚠️ FFmpeg binary not found at static path, checking system path...
[2026-01-20T04:59:27.207Z] ✅ FFprobe Initialized: /home/maizied/Desktop/Personal_Projects/lorapok_player/lorapok-player/release/builds/linux/linux-unpacked/resources/app.asar/dist-electron/bin/linux/x64/ffprobe
[2026-01-20T04:59:27.221Z] Creating Window...
[2026-01-20T04:59:27.407Z] [APP PROTOCOL] Request: app://lorapok/index.html -> /home/maizied/Desktop/Personal_Projects/lorapok_player/lorapok-player/release/builds/linux/linux-unpacked/resources/app.asar/dist/index.html
[2026-01-20T04:59:27.539Z] [APP PROTOCOL] Request: app://lorapok/assets/index-CTYcFka6.js -> /home/maizied/Desktop/Personal_Projects/lorapok_player/lorapok-player/release/builds/linux/linux-unpacked/resources/app.asar/dist/assets/index-CTYcFka6.js
[2026-01-20T04:59:27.543Z] [APP PROTOCOL] Request: app://lorapok/assets/index-BShdH5d3.css -> /home/maizied/Desktop/Personal_Projects/lorapok_player/lorapok-player/release/builds/linux/linux-unpacked/resources/app.asar/dist/assets/index-BShdH5d3.css
[2026-01-20T04:59:27.744Z] Renderer Finished Load
[2026-01-20T04:59:27.745Z] Window Ready to Show
[2026-01-20T04:59:27.794Z] [RENDERER] App Component Mounted
[2026-01-20T04:59:27.795Z] Renderer reported READY
[2026-01-20T04:59:27.823Z] [RENDERER CONSOLE] L:1 Received protocol/CLI URL: lorapok:///home/maizied/Desktop/Personal_Projects/lorapok_player/test_media/sample.avi (app://lorapok/assets/index-CTYcFka6.js:227)
[2026-01-20T04:59:28.095Z] 🧠 Universal Decode: .avi -> fMP4
[2026-01-20T04:59:28.101Z] FFmpeg Error: Cannot find ffmpeg
[2026-01-20T04:59:35.062Z] --- LORAPOK STARTUP ---
[2026-01-20T04:59:35.174Z] ⚠️ FFmpeg binary not found at static path, checking system path...
[2026-01-20T04:59:35.176Z] ✅ FFprobe Initialized: /home/maizied/Desktop/Personal_Projects/lorapok_player/lorapok-player/release/builds/linux/linux-unpacked/resources/app.asar/dist-electron/bin/linux/x64/ffprobe
[2026-01-20T04:59:35.188Z] Creating Window...
[2026-01-20T04:59:35.337Z] [APP PROTOCOL] Request: app://lorapok/index.html -> /home/maizied/Desktop/Personal_Projects/lorapok_player/lorapok-player/release/builds/linux/linux-unpacked/resources/app.asar/dist/index.html
[2026-01-20T04:59:35.448Z] [APP PROTOCOL] Request: app://lorapok/assets/index-CTYcFka6.js -> /home/maizied/Desktop/Personal_Projects/lorapok_player/lorapok-player/release/builds/linux/linux-unpacked/resources/app.asar/dist/assets/index-CTYcFka6.js
[2026-01-20T04:59:35.452Z] [APP PROTOCOL] Request: app://lorapok/assets/index-BShdH5d3.css -> /home/maizied/Desktop/Personal_Projects/lorapok_player/lorapok-player/release/builds/linux/linux-unpacked/resources/app.asar/dist/assets/index-BShdH5d3.css
[2026-01-20T04:59:35.621Z] Renderer Finished Load
[2026-01-20T04:59:35.621Z] Window Ready to Show
[2026-01-20T04:59:35.665Z] [RENDERER] App Component Mounted
[2026-01-20T04:59:35.666Z] Renderer reported READY
[2026-01-20T04:59:35.686Z] [RENDERER CONSOLE] L:1 Received protocol/CLI URL: lorapok:///home/maizied/Desktop/Personal_Projects/lorapok_player/test_media/sample.flac (app://lorapok/assets/index-CTYcFka6.js:227)
[2026-01-20T04:59:35.990Z] [RENDERER CONSOLE] L:1 ⚠️ Native playback failed. Switching to Neural Decode... (app://lorapok/assets/index-CTYcFka6.js:227)
[2026-01-20T04:59:35.996Z] 🧠 Universal Decode: .flac -> fMP4
[2026-01-20T04:59:36.003Z] FFmpeg Error: Cannot find ffmpeg
[2026-01-20T04:59:43.073Z] --- LORAPOK STARTUP ---
[2026-01-20T04:59:43.170Z] ⚠️ FFmpeg binary not found at static path, checking system path...
[2026-01-20T04:59:43.174Z] ✅ FFprobe Initialized: /home/maizied/Desktop/Personal_Projects/lorapok_player/lorapok-player/release/builds/linux/linux-unpacked/resources/app.asar/dist-electron/bin/linux/x64/ffprobe
[2026-01-20T04:59:43.185Z] Creating Window...
[2026-01-20T04:59:43.348Z] [APP PROTOCOL] Request: app://lorapok/index.html -> /home/maizied/Desktop/Personal_Projects/lorapok_player/lorapok-player/release/builds/linux/linux-unpacked/resources/app.asar/dist/index.html
[2026-01-20T04:59:43.536Z] [APP PROTOCOL] Request: app://lorapok/assets/index-CTYcFka6.js -> /home/maizied/Desktop/Personal_Projects/lorapok_player/lorapok-player/release/builds/linux/linux-unpacked/resources/app.asar/dist/assets/index-CTYcFka6.js
[2026-01-20T04:59:43.541Z] [APP PROTOCOL] Request: app://lorapok/assets/index-BShdH5d3.css -> /home/maizied/Desktop/Personal_Projects/lorapok_player/lorapok-player/release/builds/linux/linux-unpacked/resources/app.asar/dist/assets/index-BShdH5d3.css
[2026-01-20T04:59:43.786Z] Renderer Finished Load
[2026-01-20T04:59:43.786Z] Window Ready to Show
[2026-01-20T04:59:43.841Z] [RENDERER] App Component Mounted
[2026-01-20T04:59:43.841Z] Renderer reported READY
[2026-01-20T04:59:43.865Z] [RENDERER CONSOLE] L:1 Received protocol/CLI URL: lorapok:///home/maizied/Desktop/Personal_Projects/lorapok_player/test_media/sample.flv (app://lorapok/assets/index-CTYcFka6.js:227)
[2026-01-20T04:59:44.167Z] 🧠 Universal Decode: .flv -> fMP4
[2026-01-20T04:59:44.194Z] FFmpeg Error: Cannot find ffmpeg
[2026-01-20T04:59:51.217Z] --- LORAPOK STARTUP ---
[2026-01-20T04:59:51.336Z] ⚠️ FFmpeg binary not found at static path, checking system path...
[2026-01-20T04:59:51.338Z] ✅ FFprobe Initialized: /home/maizied/Desktop/Personal_Projects/lorapok_player/lorapok-player/release/builds/linux/linux-unpacked/resources/app.asar/dist-electron/bin/linux/x64/ffprobe
[2026-01-20T04:59:51.350Z] Creating Window...
[2026-01-20T04:59:51.517Z] [APP PROTOCOL] Request: app://lorapok/index.html -> /home/maizied/Desktop/Personal_Projects/lorapok_player/lorapok-player/release/builds/linux/linux-unpacked/resources/app.asar/dist/index.html
[2026-01-20T04:59:51.660Z] [APP PROTOCOL] Request: app://lorapok/assets/index-CTYcFka6.js -> /home/maizied/Desktop/Personal_Projects/lorapok_player/lorapok-player/release/builds/linux/linux-unpacked/resources/app.asar/dist/assets/index-CTYcFka6.js
[2026-01-20T04:59:51.666Z] [APP PROTOCOL] Request: app://lorapok/assets/index-BShdH5d3.css -> /home/maizied/Desktop/Personal_Projects/lorapok_player/lorapok-player/release/builds/linux/linux-unpacked/resources/app.asar/dist/assets/index-BShdH5d3.css
[2026-01-20T04:59:51.858Z] Renderer Finished Load
[2026-01-20T04:59:51.858Z] Window Ready to Show
[2026-01-20T04:59:51.906Z] [RENDERER] App Component Mounted
[2026-01-20T04:59:51.907Z] Renderer reported READY
[2026-01-20T04:59:51.932Z] [RENDERER CONSOLE] L:1 Received protocol/CLI URL: lorapok:///home/maizied/Desktop/Personal_Projects/lorapok_player/test_media/sample.m4a (app://lorapok/assets/index-CTYcFka6.js:227)
[2026-01-20T04:59:52.285Z] [RENDERER CONSOLE] L:1 ⚠️ Native playback failed. Switching to Neural Decode... (app://lorapok/assets/index-CTYcFka6.js:227)
[2026-01-20T04:59:52.292Z] 🧠 Universal Decode: .m4a -> fMP4
[2026-01-20T04:59:52.301Z] FFmpeg Error: Cannot find ffmpeg
[2026-01-20T04:59:57.866Z] 🚨 Process Gone: Utility (killed)
[2026-01-20T04:59:57.875Z] 🚨 Process Gone: GPU (killed)
[2026-01-20T04:59:59.233Z] --- LORAPOK STARTUP ---
[2026-01-20T04:59:59.357Z] ⚠️ FFmpeg binary not found at static path, checking system path...
[2026-01-20T04:59:59.358Z] ✅ FFprobe Initialized: /home/maizied/Desktop/Personal_Projects/lorapok_player/lorapok-player/release/builds/linux/linux-unpacked/resources/app.asar/dist-electron/bin/linux/x64/ffprobe
[2026-01-20T04:59:59.370Z] Creating Window...
[2026-01-20T04:59:59.528Z] [APP PROTOCOL] Request: app://lorapok/index.html -> /home/maizied/Desktop/Personal_Projects/lorapok_player/lorapok-player/release/builds/linux/linux-unpacked/resources/app.asar/dist/index.html
[2026-01-20T04:59:59.639Z] [APP PROTOCOL] Request: app://lorapok/assets/index-CTYcFka6.js -> /home/maizied/Desktop/Personal_Projects/lorapok_player/lorapok-player/release/builds/linux/linux-unpacked/resources/app.asar/dist/assets/index-CTYcFka6.js
[2026-01-20T04:59:59.644Z] [APP PROTOCOL] Request: app://lorapok/assets/index-BShdH5d3.css -> /home/maizied/Desktop/Personal_Projects/lorapok_player/lorapok-player/release/builds/linux/linux-unpacked/resources/app.asar/dist/assets/index-BShdH5d3.css
[2026-01-20T04:59:59.818Z] Renderer Finished Load
[2026-01-20T04:59:59.819Z] Window Ready to Show
[2026-01-20T04:59:59.863Z] [RENDERER] App Component Mounted
[2026-01-20T04:59:59.863Z] Renderer reported READY
[2026-01-20T04:59:59.884Z] [RENDERER CONSOLE] L:1 Received protocol/CLI URL: lorapok:///home/maizied/Desktop/Personal_Projects/lorapok_player/test_media/sample.m4v (app://lorapok/assets/index-CTYcFka6.js:227)
[2026-01-20T05:00:00.212Z] 🧠 Universal Decode: .m4v -> fMP4
[2026-01-20T05:00:00.217Z] FFmpeg Error: Cannot find ffmpeg
[2026-01-20T05:00:07.324Z] --- LORAPOK STARTUP ---
[2026-01-20T05:00:07.458Z] ⚠️ FFmpeg binary not found at static path, checking system path...
[2026-01-20T05:00:07.460Z] ✅ FFprobe Initialized: /home/maizied/Desktop/Personal_Projects/lorapok_player/lorapok-player/release/builds/linux/linux-unpacked/resources/app.asar/dist-electron/bin/linux/x64/ffprobe
[2026-01-20T05:00:07.473Z] Creating Window...
[2026-01-20T05:00:07.644Z] [APP PROTOCOL] Request: app://lorapok/index.html -> /home/maizied/Desktop/Personal_Projects/lorapok_player/lorapok-player/release/builds/linux/linux-unpacked/resources/app.asar/dist/index.html
[2026-01-20T05:00:07.778Z] [APP PROTOCOL] Request: app://lorapok/assets/index-CTYcFka6.js -> /home/maizied/Desktop/Personal_Projects/lorapok_player/lorapok-player/release/builds/linux/linux-unpacked/resources/app.asar/dist/assets/index-CTYcFka6.js
[2026-01-20T05:00:07.785Z] [APP PROTOCOL] Request: app://lorapok/assets/index-BShdH5d3.css -> /home/maizied/Desktop/Personal_Projects/lorapok_player/lorapok-player/release/builds/linux/linux-unpacked/resources/app.asar/dist/assets/index-BShdH5d3.css
[2026-01-20T05:00:07.979Z] Renderer Finished Load
[2026-01-20T05:00:07.980Z] Window Ready to Show
[2026-01-20T05:00:08.032Z] [RENDERER] App Component Mounted
[2026-01-20T05:00:08.032Z] Renderer reported READY
[2026-01-20T05:00:08.057Z] [RENDERER CONSOLE] L:1 Received protocol/CLI URL: lorapok:///home/maizied/Desktop/Personal_Projects/lorapok_player/test_media/sample.mkv (app://lorapok/assets/index-CTYcFka6.js:227)
[2026-01-20T05:00:08.337Z] 🧠 Universal Decode: .mkv -> fMP4
[2026-01-20T05:00:08.342Z] FFmpeg Error: Cannot find ffmpeg
[2026-01-20T05:00:15.352Z] --- LORAPOK STARTUP ---
[2026-01-20T05:00:15.439Z] ⚠️ FFmpeg binary not found at static path, checking system path...
[2026-01-20T05:00:15.440Z] ✅ FFprobe Initialized: /home/maizied/Desktop/Personal_Projects/lorapok_player/lorapok-player/release/builds/linux/linux-unpacked/resources/app.asar/dist-electron/bin/linux/x64/ffprobe
[2026-01-20T05:00:15.450Z] Creating Window...
[2026-01-20T05:00:15.620Z] [APP PROTOCOL] Request: app://lorapok/index.html -> /home/maizied/Desktop/Personal_Projects/lorapok_player/lorapok-player/release/builds/linux/linux-unpacked/resources/app.asar/dist/index.html
[2026-01-20T05:00:15.732Z] [APP PROTOCOL] Request: app://lorapok/assets/index-CTYcFka6.js -> /home/maizied/Desktop/Personal_Projects/lorapok_player/lorapok-player/release/builds/linux/linux-unpacked/resources/app.asar/dist/assets/index-CTYcFka6.js
[2026-01-20T05:00:15.736Z] [APP PROTOCOL] Request: app://lorapok/assets/index-BShdH5d3.css -> /home/maizied/Desktop/Personal_Projects/lorapok_player/lorapok-player/release/builds/linux/linux-unpacked/resources/app.asar/dist/assets/index-BShdH5d3.css
[2026-01-20T05:00:15.904Z] Renderer Finished Load
[2026-01-20T05:00:15.904Z] Window Ready to Show
[2026-01-20T05:00:15.946Z] [RENDERER] App Component Mounted
[2026-01-20T05:00:15.946Z] Renderer reported READY
[2026-01-20T05:00:15.967Z] [RENDERER CONSOLE] L:1 Received protocol/CLI URL: lorapok:///home/maizied/Desktop/Personal_Projects/lorapok_player/test_media/sample.mov (app://lorapok/assets/index-CTYcFka6.js:227)
[2026-01-20T05:00:16.290Z] 🧠 Universal Decode: .mov -> fMP4
[2026-01-20T05:00:16.295Z] FFmpeg Error: Cannot find ffmpeg
[2026-01-20T05:00:23.483Z] --- LORAPOK STARTUP ---
[2026-01-20T05:00:23.596Z] ⚠️ FFmpeg binary not found at static path, checking system path...
[2026-01-20T05:00:23.599Z] ✅ FFprobe Initialized: /home/maizied/Desktop/Personal_Projects/lorapok_player/lorapok-player/release/builds/linux/linux-unpacked/resources/app.asar/dist-electron/bin/linux/x64/ffprobe
[2026-01-20T05:00:23.611Z] Creating Window...
[2026-01-20T05:00:23.787Z] [APP PROTOCOL] Request: app://lorapok/index.html -> /home/maizied/Desktop/Personal_Projects/lorapok_player/lorapok-player/release/builds/linux/linux-unpacked/resources/app.asar/dist/index.html
[2026-01-20T05:00:23.912Z] [APP PROTOCOL] Request: app://lorapok/assets/index-CTYcFka6.js -> /home/maizied/Desktop/Personal_Projects/lorapok_player/lorapok-player/release/builds/linux/linux-unpacked/resources/app.asar/dist/assets/index-CTYcFka6.js
[2026-01-20T05:00:23.919Z] [APP PROTOCOL] Request: app://lorapok/assets/index-BShdH5d3.css -> /home/maizied/Desktop/Personal_Projects/lorapok_player/lorapok-player/release/builds/linux/linux-unpacked/resources/app.asar/dist/assets/index-BShdH5d3.css
[2026-01-20T05:00:24.114Z] Renderer Finished Load
[2026-01-20T05:00:24.116Z] Window Ready to Show
[2026-01-20T05:00:24.162Z] [RENDERER] App Component Mounted
[2026-01-20T05:00:24.162Z] Renderer reported READY
[2026-01-20T05:00:24.189Z] [RENDERER CONSOLE] L:1 Received protocol/CLI URL: lorapok:///home/maizied/Desktop/Personal_Projects/lorapok_player/test_media/sample.mp3 (app://lorapok/assets/index-CTYcFka6.js:227)
[2026-01-20T05:00:31.466Z] --- LORAPOK STARTUP ---
[2026-01-20T05:00:31.591Z] ⚠️ FFmpeg binary not found at static path, checking system path...
[2026-01-20T05:00:31.592Z] ✅ FFprobe Initialized: /home/maizied/Desktop/Personal_Projects/lorapok_player/lorapok-player/release/builds/linux/linux-unpacked/resources/app.asar/dist-electron/bin/linux/x64/ffprobe
[2026-01-20T05:00:31.605Z] Creating Window...
[2026-01-20T05:00:31.755Z] [APP PROTOCOL] Request: app://lorapok/index.html -> /home/maizied/Desktop/Personal_Projects/lorapok_player/lorapok-player/release/builds/linux/linux-unpacked/resources/app.asar/dist/index.html
[2026-01-20T05:00:31.866Z] [APP PROTOCOL] Request: app://lorapok/assets/index-CTYcFka6.js -> /home/maizied/Desktop/Personal_Projects/lorapok_player/lorapok-player/release/builds/linux/linux-unpacked/resources/app.asar/dist/assets/index-CTYcFka6.js
[2026-01-20T05:00:31.870Z] [APP PROTOCOL] Request: app://lorapok/assets/index-BShdH5d3.css -> /home/maizied/Desktop/Personal_Projects/lorapok_player/lorapok-player/release/builds/linux/linux-unpacked/resources/app.asar/dist/assets/index-BShdH5d3.css
[2026-01-20T05:00:32.037Z] Renderer Finished Load
[2026-01-20T05:00:32.038Z] Window Ready to Show
[2026-01-20T05:00:32.078Z] [RENDERER] App Component Mounted
[2026-01-20T05:00:32.079Z] Renderer reported READY
[2026-01-20T05:00:32.100Z] [RENDERER CONSOLE] L:1 Received protocol/CLI URL: lorapok:///home/maizied/Desktop/Personal_Projects/lorapok_player/test_media/sample.ogg (app://lorapok/assets/index-CTYcFka6.js:227)
[2026-01-20T05:00:39.553Z] --- LORAPOK STARTUP ---
[2026-01-20T05:00:39.684Z] ⚠️ FFmpeg binary not found at static path, checking system path...
[2026-01-20T05:00:39.685Z] ✅ FFprobe Initialized: /home/maizied/Desktop/Personal_Projects/lorapok_player/lorapok-player/release/builds/linux/linux-unpacked/resources/app.asar/dist-electron/bin/linux/x64/ffprobe
[2026-01-20T05:00:39.696Z] Creating Window...
[2026-01-20T05:00:39.865Z] [APP PROTOCOL] Request: app://lorapok/index.html -> /home/maizied/Desktop/Personal_Projects/lorapok_player/lorapok-player/release/builds/linux/linux-unpacked/resources/app.asar/dist/index.html
[2026-01-20T05:00:39.994Z] [APP PROTOCOL] Request: app://lorapok/assets/index-CTYcFka6.js -> /home/maizied/Desktop/Personal_Projects/lorapok_player/lorapok-player/release/builds/linux/linux-unpacked/resources/app.asar/dist/assets/index-CTYcFka6.js
[2026-01-20T05:00:40.000Z] [APP PROTOCOL] Request: app://lorapok/assets/index-BShdH5d3.css -> /home/maizied/Desktop/Personal_Projects/lorapok_player/lorapok-player/release/builds/linux/linux-unpacked/resources/app.asar/dist/assets/index-BShdH5d3.css
[2026-01-20T05:00:40.191Z] Renderer Finished Load
[2026-01-20T05:00:40.191Z] Window Ready to Show
[2026-01-20T05:00:40.241Z] [RENDERER] App Component Mounted
[2026-01-20T05:00:40.241Z] Renderer reported READY
[2026-01-20T05:00:40.271Z] [RENDERER CONSOLE] L:1 Received protocol/CLI URL: lorapok:///home/maizied/Desktop/Personal_Projects/lorapok_player/test_media/sample_rmvb.rmvb (app://lorapok/assets/index-CTYcFka6.js:227)
[2026-01-20T05:00:40.554Z] 🧠 Universal Decode: .rmvb -> fMP4
[2026-01-20T05:00:40.560Z] FFmpeg Error: Cannot find ffmpeg
[2026-01-20T05:00:47.603Z] --- LORAPOK STARTUP ---
[2026-01-20T05:00:47.705Z] ⚠️ FFmpeg binary not found at static path, checking system path...
[2026-01-20T05:00:47.707Z] ✅ FFprobe Initialized: /home/maizied/Desktop/Personal_Projects/lorapok_player/lorapok-player/release/builds/linux/linux-unpacked/resources/app.asar/dist-electron/bin/linux/x64/ffprobe
[2026-01-20T05:00:47.718Z] Creating Window...
[2026-01-20T05:00:47.886Z] [APP PROTOCOL] Request: app://lorapok/index.html -> /home/maizied/Desktop/Personal_Projects/lorapok_player/lorapok-player/release/builds/linux/linux-unpacked/resources/app.asar/dist/index.html
[2026-01-20T05:00:48.017Z] [APP PROTOCOL] Request: app://lorapok/assets/index-CTYcFka6.js -> /home/maizied/Desktop/Personal_Projects/lorapok_player/lorapok-player/release/builds/linux/linux-unpacked/resources/app.asar/dist/assets/index-CTYcFka6.js
[2026-01-20T05:00:48.022Z] [APP PROTOCOL] Request: app://lorapok/assets/index-BShdH5d3.css -> /home/maizied/Desktop/Personal_Projects/lorapok_player/lorapok-player/release/builds/linux/linux-unpacked/resources/app.asar/dist/assets/index-BShdH5d3.css
[2026-01-20T05:00:48.211Z] Renderer Finished Load
[2026-01-20T05:00:48.211Z] Window Ready to Show
[2026-01-20T05:00:48.263Z] [RENDERER] App Component Mounted
[2026-01-20T05:00:48.264Z] Renderer reported READY
[2026-01-20T05:00:48.288Z] [RENDERER CONSOLE] L:1 Received protocol/CLI URL: lorapok:///home/maizied/Desktop/Personal_Projects/lorapok_player/test_media/sample.webm (app://lorapok/assets/index-CTYcFka6.js:227)
[2026-01-20T05:00:55.609Z] --- LORAPOK STARTUP ---
[2026-01-20T05:00:55.708Z] ⚠️ FFmpeg binary not found at static path, checking system path...
[2026-01-20T05:00:55.709Z] ✅ FFprobe Initialized: /home/maizied/Desktop/Personal_Projects/lorapok_player/lorapok-player/release/builds/linux/linux-unpacked/resources/app.asar/dist-electron/bin/linux/x64/ffprobe
[2026-01-20T05:00:55.722Z] Creating Window...
[2026-01-20T05:00:55.913Z] [APP PROTOCOL] Request: app://lorapok/index.html -> /home/maizied/Desktop/Personal_Projects/lorapok_player/lorapok-player/release/builds/linux/linux-unpacked/resources/app.asar/dist/index.html
[2026-01-20T05:00:56.046Z] [APP PROTOCOL] Request: app://lorapok/assets/index-CTYcFka6.js -> /home/maizied/Desktop/Personal_Projects/lorapok_player/lorapok-player/release/builds/linux/linux-unpacked/resources/app.asar/dist/assets/index-CTYcFka6.js
[2026-01-20T05:00:56.051Z] [APP PROTOCOL] Request: app://lorapok/assets/index-BShdH5d3.css -> /home/maizied/Desktop/Personal_Projects/lorapok_player/lorapok-player/release/builds/linux/linux-unpacked/resources/app.asar/dist/assets/index-BShdH5d3.css
[2026-01-20T05:00:56.244Z] Renderer Finished Load
[2026-01-20T05:00:56.245Z] Window Ready to Show
[2026-01-20T05:00:56.296Z] [RENDERER] App Component Mounted
[2026-01-20T05:00:56.297Z] Renderer reported READY
[2026-01-20T05:00:56.320Z] [RENDERER CONSOLE] L:1 Received protocol/CLI URL: lorapok:///home/maizied/Desktop/Personal_Projects/lorapok_player/test_media/sample.wmv (app://lorapok/assets/index-CTYcFka6.js:227)
[2026-01-20T05:00:56.603Z] 🧠 Universal Decode: .wmv -> fMP4
[2026-01-20T05:00:56.608Z] FFmpeg Error: Cannot find ffmpeg
[2026-01-20T05:01:04.276Z] --- LORAPOK STARTUP ---
[2026-01-20T05:01:04.398Z] ⚠️ FFmpeg binary not found at static path, checking system path...
[2026-01-20T05:01:04.401Z] ✅ FFprobe Initialized: /home/maizied/Desktop/Personal_Projects/lorapok_player/lorapok-player/release/builds/linux/linux-unpacked/resources/app.asar/dist-electron/bin/linux/x64/ffprobe
[2026-01-20T05:01:04.413Z] Creating Window...
[2026-01-20T05:01:04.585Z] [APP PROTOCOL] Request: app://lorapok/index.html -> /home/maizied/Desktop/Personal_Projects/lorapok_player/lorapok-player/release/builds/linux/linux-unpacked/resources/app.asar/dist/index.html
[2026-01-20T05:01:04.719Z] [APP PROTOCOL] Request: app://lorapok/assets/index-CTYcFka6.js -> /home/maizied/Desktop/Personal_Projects/lorapok_player/lorapok-player/release/builds/linux/linux-unpacked/resources/app.asar/dist/assets/index-CTYcFka6.js
[2026-01-20T05:01:04.724Z] [APP PROTOCOL] Request: app://lorapok/assets/index-BShdH5d3.css -> /home/maizied/Desktop/Personal_Projects/lorapok_player/lorapok-player/release/builds/linux/linux-unpacked/resources/app.asar/dist/assets/index-BShdH5d3.css
[2026-01-20T05:01:04.916Z] Renderer Finished Load
[2026-01-20T05:01:04.917Z] Window Ready to Show
[2026-01-20T05:01:04.962Z] [RENDERER] App Component Mounted
[2026-01-20T05:01:04.962Z] Renderer reported READY
[2026-01-20T05:01:15.523Z] --- LORAPOK STARTUP ---
[2026-01-20T05:01:15.622Z] ⚠️ FFmpeg binary not found at static path, checking system path...
[2026-01-20T05:01:15.623Z] ✅ FFprobe Initialized: /home/maizied/Desktop/Personal_Projects/lorapok_player/lorapok-player/release/builds/linux/linux-unpacked/resources/app.asar/dist-electron/bin/linux/x64/ffprobe
[2026-01-20T05:01:15.636Z] Creating Window...
[2026-01-20T05:01:15.821Z] [APP PROTOCOL] Request: app://lorapok/index.html -> /home/maizied/Desktop/Personal_Projects/lorapok_player/lorapok-player/release/builds/linux/linux-unpacked/resources/app.asar/dist/index.html
[2026-01-20T05:01:15.956Z] [APP PROTOCOL] Request: app://lorapok/assets/index-CTYcFka6.js -> /home/maizied/Desktop/Personal_Projects/lorapok_player/lorapok-player/release/builds/linux/linux-unpacked/resources/app.asar/dist/assets/index-CTYcFka6.js
[2026-01-20T05:01:15.960Z] [APP PROTOCOL] Request: app://lorapok/assets/index-BShdH5d3.css -> /home/maizied/Desktop/Personal_Projects/lorapok_player/lorapok-player/release/builds/linux/linux-unpacked/resources/app.asar/dist/assets/index-BShdH5d3.css
[2026-01-20T05:01:16.156Z] Renderer Finished Load
[2026-01-20T05:01:16.157Z] Window Ready to Show
[2026-01-20T05:01:16.204Z] [RENDERER] App Component Mounted
[2026-01-20T05:01:16.204Z] Renderer reported READY
[2026-01-20T05:01:25.243Z] 🚨 Process Gone: Utility (killed)
[2026-01-20T05:01:25.258Z] 🚨 Process Gone: GPU (killed)
[2026-01-20T05:02:24.380Z] --- LORAPOK STARTUP ---
[2026-01-20T05:02:24.522Z] ⚠️ FFmpeg binary not found at static path, checking system path...
[2026-01-20T05:02:24.524Z] ✅ FFprobe Initialized: /home/maizied/Desktop/Personal_Projects/lorapok_player/lorapok-player/release/builds/linux/linux-unpacked/resources/app.asar/dist-electron/bin/linux/x64/ffprobe
[2026-01-20T05:02:24.538Z] Creating Window...
[2026-01-20T05:02:24.733Z] [APP PROTOCOL] Request: app://lorapok/index.html -> /home/maizied/Desktop/Personal_Projects/lorapok_player/lorapok-player/release/builds/linux/linux-unpacked/resources/app.asar/dist/index.html
[2026-01-20T05:02:24.854Z] [APP PROTOCOL] Request: app://lorapok/assets/index-CTYcFka6.js -> /home/maizied/Desktop/Personal_Projects/lorapok_player/lorapok-player/release/builds/linux/linux-unpacked/resources/app.asar/dist/assets/index-CTYcFka6.js
[2026-01-20T05:02:24.859Z] [APP PROTOCOL] Request: app://lorapok/assets/index-BShdH5d3.css -> /home/maizied/Desktop/Personal_Projects/lorapok_player/lorapok-player/release/builds/linux/linux-unpacked/resources/app.asar/dist/assets/index-BShdH5d3.css
[2026-01-20T05:02:25.051Z] Renderer Finished Load
[2026-01-20T05:02:25.051Z] Window Ready to Show
[2026-01-20T05:02:25.095Z] [RENDERER] App Component Mounted
[2026-01-20T05:02:25.095Z] Renderer reported READY
[2026-01-20T05:02:25.117Z] [RENDERER CONSOLE] L:1 Received protocol/CLI URL: lorapok:///home/maizied/Desktop/Personal_Projects/lorapok_player/http:/commondatastorage.googleapis.com/gtv-videos-bucket/sample/BigBuckBunny.mp4 (app://lorapok/assets/index-CTYcFka6.js:227)
[2026-01-20T05:02:25.388Z] Media Protocol Error: Error: ENOENT: no such file or directory, stat '/home/maizied/Desktop/Personal_Projects/lorapok_player/http:/commondatastorage.googleapis.com/gtv-videos-bucket/sample/BigBuckBunny.mp4'
[2026-01-20T05:02:25.403Z] [RENDERER CONSOLE] L:1 ⚠️ Native playback failed. Switching to Neural Decode... (app://lorapok/assets/index-CTYcFka6.js:227)
[2026-01-20T05:02:25.407Z] Media Protocol Error: Error: ENOENT: no such file or directory, stat '/home/maizied/Desktop/Personal_Projects/lorapok_player/http:/commondatastorage.googleapis.com/gtv-videos-bucket/sample/BigBuckBunny.mp4'
[2026-01-20T05:02:25.410Z] [RENDERER CONSOLE] L:3 Video Error: The video could not be loaded, either because the server or network failed or because the format is not supported. [object MediaError] (app://lorapok/assets/index-CTYcFka6.js:227)
[2026-01-20T16:16:50.162Z] --- LORAPOK STARTUP ---
[2026-01-20T16:16:50.293Z] ⚠️ FFmpeg binary not found at static path, checking system path...
[2026-01-20T16:16:50.299Z] ✅ FFprobe Initialized: /home/maizied/Desktop/Personal_Projects/lorapok_player/lorapok-player/release/builds/linux/linux-unpacked/resources/app.asar/dist-electron/bin/linux/x64/ffprobe
[2026-01-20T16:16:50.340Z] Creating Window...
[2026-01-20T16:16:50.582Z] [APP PROTOCOL] Request: app://lorapok/index.html -> /home/maizied/Desktop/Personal_Projects/lorapok_player/lorapok-player/release/builds/linux/linux-unpacked/resources/app.asar/dist/index.html
[2026-01-20T16:16:50.765Z] [APP PROTOCOL] Request: app://lorapok/assets/index-CTYcFka6.js -> /home/maizied/Desktop/Personal_Projects/lorapok_player/lorapok-player/release/builds/linux/linux-unpacked/resources/app.asar/dist/assets/index-CTYcFka6.js
[2026-01-20T16:16:50.776Z] [APP PROTOCOL] Request: app://lorapok/assets/index-BShdH5d3.css -> /home/maizied/Desktop/Personal_Projects/lorapok_player/lorapok-player/release/builds/linux/linux-unpacked/resources/app.asar/dist/assets/index-BShdH5d3.css
[2026-01-20T16:16:50.985Z] Renderer Finished Load
[2026-01-20T16:16:50.986Z] Window Ready to Show
[2026-01-20T16:16:51.045Z] [RENDERER] App Component Mounted
[2026-01-20T16:16:51.045Z] Renderer reported READY
[2026-01-20T16:16:51.072Z] [RENDERER CONSOLE] L:1 Received protocol/CLI URL: lorapok://test-protocol-launch (app://lorapok/assets/index-CTYcFka6.js:227)
[2026-01-20T16:16:51.360Z] Media Protocol Error: Error: ENOENT: no such file or directory, stat '/test-protocol-launch'
[2026-01-20T16:16:51.402Z] [RENDERER CONSOLE] L:1 ⚠️ Native playback failed. Switching to Neural Decode... (app://lorapok/assets/index-CTYcFka6.js:227)
[2026-01-20T16:16:51.415Z] Media Protocol Error: Error: ENOENT: no such file or directory, stat '/test-protocol-launch'
[2026-01-20T16:16:51.419Z] [RENDERER CONSOLE] L:3 Video Error: The video could not be loaded, either because the server or network failed or because the format is not supported. [object MediaError] (app://lorapok/assets/index-CTYcFka6.js:227)
[2026-01-20T16:16:55.015Z] --- LORAPOK STARTUP ---
[2026-01-20T16:16:55.118Z] ⚠️ FFmpeg binary not found at static path, checking system path...
[2026-01-20T16:16:55.120Z] ✅ FFprobe Initialized: /home/maizied/Desktop/Personal_Projects/lorapok_player/lorapok-player/release/builds/linux/linux-unpacked/resources/app.asar/dist-electron/bin/linux/x64/ffprobe
[2026-01-20T16:16:55.132Z] Creating Window...
[2026-01-20T16:16:55.303Z] [APP PROTOCOL] Request: app://lorapok/index.html -> /home/maizied/Desktop/Personal_Projects/lorapok_player/lorapok-player/release/builds/linux/linux-unpacked/resources/app.asar/dist/index.html
[2026-01-20T16:16:55.437Z] [APP PROTOCOL] Request: app://lorapok/assets/index-CTYcFka6.js -> /home/maizied/Desktop/Personal_Projects/lorapok_player/lorapok-player/release/builds/linux/linux-unpacked/resources/app.asar/dist/assets/index-CTYcFka6.js
[2026-01-20T16:16:55.441Z] [APP PROTOCOL] Request: app://lorapok/assets/index-BShdH5d3.css -> /home/maizied/Desktop/Personal_Projects/lorapok_player/lorapok-player/release/builds/linux/linux-unpacked/resources/app.asar/dist/assets/index-BShdH5d3.css
[2026-01-20T16:16:55.634Z] Renderer Finished Load
[2026-01-20T16:16:55.634Z] Window Ready to Show
[2026-01-20T16:16:55.680Z] [RENDERER] App Component Mounted
[2026-01-20T16:16:55.681Z] Renderer reported READY
[2026-01-20T16:16:55.705Z] [RENDERER CONSOLE] L:1 Received protocol/CLI URL: lorapok:///home/maizied/Desktop/Personal_Projects/lorapok_player/test_media/long_sample.mp4 (app://lorapok/assets/index-CTYcFka6.js:227)
[2026-01-20T16:16:55.995Z] Deep Probe Error: Error: spawn ENOTDIR
[2026-01-20T16:16:55.995Z] 🧠 Universal Decode: .mp4 -> fMP4
[2026-01-20T16:16:56.003Z] FFmpeg Error: Cannot find ffmpeg
[2026-01-20T16:17:03.070Z] --- LORAPOK STARTUP ---
[2026-01-20T16:17:03.155Z] ⚠️ FFmpeg binary not found at static path, checking system path...
[2026-01-20T16:17:03.156Z] ✅ FFprobe Initialized: /home/maizied/Desktop/Personal_Projects/lorapok_player/lorapok-player/release/builds/linux/linux-unpacked/resources/app.asar/dist-electron/bin/linux/x64/ffprobe
[2026-01-20T16:17:03.166Z] Creating Window...
[2026-01-20T16:17:03.611Z] [APP PROTOCOL] Request: app://lorapok/index.html -> /home/maizied/Desktop/Personal_Projects/lorapok_player/lorapok-player/release/builds/linux/linux-unpacked/resources/app.asar/dist/index.html
[2026-01-20T16:17:03.738Z] [APP PROTOCOL] Request: app://lorapok/assets/index-CTYcFka6.js -> /home/maizied/Desktop/Personal_Projects/lorapok_player/lorapok-player/release/builds/linux/linux-unpacked/resources/app.asar/dist/assets/index-CTYcFka6.js
[2026-01-20T16:17:03.742Z] [APP PROTOCOL] Request: app://lorapok/assets/index-BShdH5d3.css -> /home/maizied/Desktop/Personal_Projects/lorapok_player/lorapok-player/release/builds/linux/linux-unpacked/resources/app.asar/dist/assets/index-BShdH5d3.css
[2026-01-20T16:17:03.919Z] Renderer Finished Load
[2026-01-20T16:17:03.920Z] Window Ready to Show
[2026-01-20T16:17:03.963Z] [RENDERER] App Component Mounted
[2026-01-20T16:17:03.963Z] Renderer reported READY
[2026-01-20T16:17:03.985Z] [RENDERER CONSOLE] L:1 Received protocol/CLI URL: lorapok:///home/maizied/Desktop/Personal_Projects/lorapok_player/test_media/PXL_20240713_091018599.mp4 (app://lorapok/assets/index-CTYcFka6.js:227)
[2026-01-20T16:17:04.268Z] Deep Probe Error: Error: spawn ENOTDIR
[2026-01-20T16:17:04.268Z] 🧠 Universal Decode: .mp4 -> fMP4
[2026-01-20T16:17:04.273Z] FFmpeg Error: Cannot find ffmpeg
[2026-01-20T16:17:11.018Z] --- LORAPOK STARTUP ---
[2026-01-20T16:17:11.103Z] ⚠️ FFmpeg binary not found at static path, checking system path...
[2026-01-20T16:17:11.104Z] ✅ FFprobe Initialized: /home/maizied/Desktop/Personal_Projects/lorapok_player/lorapok-player/release/builds/linux/linux-unpacked/resources/app.asar/dist-electron/bin/linux/x64/ffprobe
[2026-01-20T16:17:11.116Z] Creating Window...
[2026-01-20T16:17:11.275Z] [APP PROTOCOL] Request: app://lorapok/index.html -> /home/maizied/Desktop/Personal_Projects/lorapok_player/lorapok-player/release/builds/linux/linux-unpacked/resources/app.asar/dist/index.html
[2026-01-20T16:17:11.414Z] [APP PROTOCOL] Request: app://lorapok/assets/index-CTYcFka6.js -> /home/maizied/Desktop/Personal_Projects/lorapok_player/lorapok-player/release/builds/linux/linux-unpacked/resources/app.asar/dist/assets/index-CTYcFka6.js
[2026-01-20T16:17:11.419Z] [APP PROTOCOL] Request: app://lorapok/assets/index-BShdH5d3.css -> /home/maizied/Desktop/Personal_Projects/lorapok_player/lorapok-player/release/builds/linux/linux-unpacked/resources/app.asar/dist/assets/index-BShdH5d3.css
[2026-01-20T16:17:11.620Z] Renderer Finished Load
[2026-01-20T16:17:11.621Z] Window Ready to Show
[2026-01-20T16:17:11.670Z] [RENDERER] App Component Mounted
[2026-01-20T16:17:11.671Z] Renderer reported READY
[2026-01-20T16:17:11.697Z] [RENDERER CONSOLE] L:1 Received protocol/CLI URL: lorapok:///home/maizied/Desktop/Personal_Projects/lorapok_player/test_media/PXL_20240713_095454016.mp4 (app://lorapok/assets/index-CTYcFka6.js:227)
[2026-01-20T16:17:11.982Z] Deep Probe Error: Error: spawn ENOTDIR
[2026-01-20T16:17:11.983Z] 🧠 Universal Decode: .mp4 -> fMP4
[2026-01-20T16:17:11.988Z] FFmpeg Error: Cannot find ffmpeg
[2026-01-20T16:17:19.059Z] --- LORAPOK STARTUP ---
[2026-01-20T16:17:19.148Z] ⚠️ FFmpeg binary not found at static path, checking system path...
[2026-01-20T16:17:19.150Z] ✅ FFprobe Initialized: /home/maizied/Desktop/Personal_Projects/lorapok_player/lorapok-player/release/builds/linux/linux-unpacked/resources/app.asar/dist-electron/bin/linux/x64/ffprobe
[2026-01-20T16:17:19.160Z] Creating Window...
[2026-01-20T16:17:19.312Z] [APP PROTOCOL] Request: app://lorapok/index.html -> /home/maizied/Desktop/Personal_Projects/lorapok_player/lorapok-player/release/builds/linux/linux-unpacked/resources/app.asar/dist/index.html
[2026-01-20T16:17:19.429Z] [APP PROTOCOL] Request: app://lorapok/assets/index-CTYcFka6.js -> /home/maizied/Desktop/Personal_Projects/lorapok_player/lorapok-player/release/builds/linux/linux-unpacked/resources/app.asar/dist/assets/index-CTYcFka6.js
[2026-01-20T16:17:19.434Z] [APP PROTOCOL] Request: app://lorapok/assets/index-BShdH5d3.css -> /home/maizied/Desktop/Personal_Projects/lorapok_player/lorapok-player/release/builds/linux/linux-unpacked/resources/app.asar/dist/assets/index-BShdH5d3.css
[2026-01-20T16:17:19.616Z] Renderer Finished Load
[2026-01-20T16:17:19.617Z] Window Ready to Show
[2026-01-20T16:17:19.660Z] [RENDERER] App Component Mounted
[2026-01-20T16:17:19.660Z] Renderer reported READY
[2026-01-20T16:17:19.683Z] [RENDERER CONSOLE] L:1 Received protocol/CLI URL: lorapok:///home/maizied/Desktop/Personal_Projects/lorapok_player/test_media/sample_1080p.mp4 (app://lorapok/assets/index-CTYcFka6.js:227)
[2026-01-20T16:17:19.969Z] Deep Probe Error: Error: spawn ENOTDIR
[2026-01-20T16:17:19.969Z] 🧠 Universal Decode: .mp4 -> fMP4
[2026-01-20T16:17:19.974Z] FFmpeg Error: Cannot find ffmpeg
[2026-01-20T16:17:27.063Z] --- LORAPOK STARTUP ---
[2026-01-20T16:17:27.149Z] ⚠️ FFmpeg binary not found at static path, checking system path...
[2026-01-20T16:17:27.150Z] ✅ FFprobe Initialized: /home/maizied/Desktop/Personal_Projects/lorapok_player/lorapok-player/release/builds/linux/linux-unpacked/resources/app.asar/dist-electron/bin/linux/x64/ffprobe
[2026-01-20T16:17:27.160Z] Creating Window...
[2026-01-20T16:17:27.314Z] [APP PROTOCOL] Request: app://lorapok/index.html -> /home/maizied/Desktop/Personal_Projects/lorapok_player/lorapok-player/release/builds/linux/linux-unpacked/resources/app.asar/dist/index.html
[2026-01-20T16:17:27.431Z] [APP PROTOCOL] Request: app://lorapok/assets/index-CTYcFka6.js -> /home/maizied/Desktop/Personal_Projects/lorapok_player/lorapok-player/release/builds/linux/linux-unpacked/resources/app.asar/dist/assets/index-CTYcFka6.js
[2026-01-20T16:17:27.435Z] [APP PROTOCOL] Request: app://lorapok/assets/index-BShdH5d3.css -> /home/maizied/Desktop/Personal_Projects/lorapok_player/lorapok-player/release/builds/linux/linux-unpacked/resources/app.asar/dist/assets/index-BShdH5d3.css
[2026-01-20T16:17:27.615Z] Renderer Finished Load
[2026-01-20T16:17:27.615Z] Window Ready to Show
[2026-01-20T16:17:27.660Z] [RENDERER] App Component Mounted
[2026-01-20T16:17:27.660Z] Renderer reported READY
[2026-01-20T16:17:27.682Z] [RENDERER CONSOLE] L:1 Received protocol/CLI URL: lorapok:///home/maizied/Desktop/Personal_Projects/lorapok_player/test_media/sample.3gp (app://lorapok/assets/index-CTYcFka6.js:227)
[2026-01-20T16:17:27.965Z] 🧠 Universal Decode: .3gp -> fMP4
[2026-01-20T16:17:27.970Z] FFmpeg Error: Cannot find ffmpeg
[2026-01-20T16:17:35.110Z] --- LORAPOK STARTUP ---
[2026-01-20T16:17:35.199Z] ⚠️ FFmpeg binary not found at static path, checking system path...
[2026-01-20T16:17:35.201Z] ✅ FFprobe Initialized: /home/maizied/Desktop/Personal_Projects/lorapok_player/lorapok-player/release/builds/linux/linux-unpacked/resources/app.asar/dist-electron/bin/linux/x64/ffprobe
[2026-01-20T16:17:35.211Z] Creating Window...
[2026-01-20T16:17:35.365Z] [APP PROTOCOL] Request: app://lorapok/index.html -> /home/maizied/Desktop/Personal_Projects/lorapok_player/lorapok-player/release/builds/linux/linux-unpacked/resources/app.asar/dist/index.html
[2026-01-20T16:17:35.511Z] [APP PROTOCOL] Request: app://lorapok/assets/index-CTYcFka6.js -> /home/maizied/Desktop/Personal_Projects/lorapok_player/lorapok-player/release/builds/linux/linux-unpacked/resources/app.asar/dist/assets/index-CTYcFka6.js
[2026-01-20T16:17:35.515Z] [APP PROTOCOL] Request: app://lorapok/assets/index-BShdH5d3.css -> /home/maizied/Desktop/Personal_Projects/lorapok_player/lorapok-player/release/builds/linux/linux-unpacked/resources/app.asar/dist/assets/index-BShdH5d3.css
[2026-01-20T16:17:35.699Z] Renderer Finished Load
[2026-01-20T16:17:35.699Z] Window Ready to Show
[2026-01-20T16:17:35.742Z] [RENDERER] App Component Mounted
[2026-01-20T16:17:35.742Z] Renderer reported READY
[2026-01-20T16:17:35.765Z] [RENDERER CONSOLE] L:1 Received protocol/CLI URL: lorapok:///home/maizied/Desktop/Personal_Projects/lorapok_player/test_media/sample.aac (app://lorapok/assets/index-CTYcFka6.js:227)
[2026-01-20T16:17:36.131Z] [RENDERER CONSOLE] L:1 ⚠️ Native playback failed. Switching to Neural Decode... (app://lorapok/assets/index-CTYcFka6.js:227)
[2026-01-20T16:17:36.137Z] 🧠 Universal Decode: .aac -> fMP4
[2026-01-20T16:17:36.143Z] FFmpeg Error: Cannot find ffmpeg
[2026-01-20T16:17:43.149Z] --- LORAPOK STARTUP ---
[2026-01-20T16:17:43.234Z] ⚠️ FFmpeg binary not found at static path, checking system path...
[2026-01-20T16:17:43.236Z] ✅ FFprobe Initialized: /home/maizied/Desktop/Personal_Projects/lorapok_player/lorapok-player/release/builds/linux/linux-unpacked/resources/app.asar/dist-electron/bin/linux/x64/ffprobe
[2026-01-20T16:17:43.246Z] Creating Window...
[2026-01-20T16:17:43.395Z] [APP PROTOCOL] Request: app://lorapok/index.html -> /home/maizied/Desktop/Personal_Projects/lorapok_player/lorapok-player/release/builds/linux/linux-unpacked/resources/app.asar/dist/index.html
[2026-01-20T16:17:43.511Z] [APP PROTOCOL] Request: app://lorapok/assets/index-CTYcFka6.js -> /home/maizied/Desktop/Personal_Projects/lorapok_player/lorapok-player/release/builds/linux/linux-unpacked/resources/app.asar/dist/assets/index-CTYcFka6.js
[2026-01-20T16:17:43.515Z] [APP PROTOCOL] Request: app://lorapok/assets/index-BShdH5d3.css -> /home/maizied/Desktop/Personal_Projects/lorapok_player/lorapok-player/release/builds/linux/linux-unpacked/resources/app.asar/dist/assets/index-BShdH5d3.css
[2026-01-20T16:17:43.692Z] Renderer Finished Load
[2026-01-20T16:17:43.692Z] Window Ready to Show
[2026-01-20T16:17:43.735Z] [RENDERER] App Component Mounted
[2026-01-20T16:17:43.736Z] Renderer reported READY
[2026-01-20T16:17:43.758Z] [RENDERER CONSOLE] L:1 Received protocol/CLI URL: lorapok:///home/maizied/Desktop/Personal_Projects/lorapok_player/test_media/sample.avi (app://lorapok/assets/index-CTYcFka6.js:227)
[2026-01-20T16:17:44.044Z] 🧠 Universal Decode: .avi -> fMP4
[2026-01-20T16:17:44.049Z] FFmpeg Error: Cannot find ffmpeg
[2026-01-20T16:17:51.181Z] --- LORAPOK STARTUP ---
[2026-01-20T16:17:51.273Z] ⚠️ FFmpeg binary not found at static path, checking system path...
[2026-01-20T16:17:51.274Z] ✅ FFprobe Initialized: /home/maizied/Desktop/Personal_Projects/lorapok_player/lorapok-player/release/builds/linux/linux-unpacked/resources/app.asar/dist-electron/bin/linux/x64/ffprobe
[2026-01-20T16:17:51.286Z] Creating Window...
[2026-01-20T16:17:51.451Z] [APP PROTOCOL] Request: app://lorapok/index.html -> /home/maizied/Desktop/Personal_Projects/lorapok_player/lorapok-player/release/builds/linux/linux-unpacked/resources/app.asar/dist/index.html
[2026-01-20T16:17:51.567Z] [APP PROTOCOL] Request: app://lorapok/assets/index-CTYcFka6.js -> /home/maizied/Desktop/Personal_Projects/lorapok_player/lorapok-player/release/builds/linux/linux-unpacked/resources/app.asar/dist/assets/index-CTYcFka6.js
[2026-01-20T16:17:51.571Z] [APP PROTOCOL] Request: app://lorapok/assets/index-BShdH5d3.css -> /home/maizied/Desktop/Personal_Projects/lorapok_player/lorapok-player/release/builds/linux/linux-unpacked/resources/app.asar/dist/assets/index-BShdH5d3.css
[2026-01-20T16:17:51.753Z] Renderer Finished Load
[2026-01-20T16:17:51.753Z] Window Ready to Show
[2026-01-20T16:17:51.799Z] [RENDERER] App Component Mounted
[2026-01-20T16:17:51.799Z] Renderer reported READY
[2026-01-20T16:17:51.821Z] [RENDERER CONSOLE] L:1 Received protocol/CLI URL: lorapok:///home/maizied/Desktop/Personal_Projects/lorapok_player/test_media/sample.flac (app://lorapok/assets/index-CTYcFka6.js:227)
[2026-01-20T16:17:52.102Z] [RENDERER CONSOLE] L:1 ⚠️ Native playback failed. Switching to Neural Decode... (app://lorapok/assets/index-CTYcFka6.js:227)
[2026-01-20T16:17:52.108Z] 🧠 Universal Decode: .flac -> fMP4
[2026-01-20T16:17:52.115Z] FFmpeg Error: Cannot find ffmpeg
[2026-01-20T16:17:59.229Z] --- LORAPOK STARTUP ---
[2026-01-20T16:17:59.316Z] ⚠️ FFmpeg binary not found at static path, checking system path...
[2026-01-20T16:17:59.317Z] ✅ FFprobe Initialized: /home/maizied/Desktop/Personal_Projects/lorapok_player/lorapok-player/release/builds/linux/linux-unpacked/resources/app.asar/dist-electron/bin/linux/x64/ffprobe
[2026-01-20T16:17:59.328Z] Creating Window...
[2026-01-20T16:17:59.479Z] [APP PROTOCOL] Request: app://lorapok/index.html -> /home/maizied/Desktop/Personal_Projects/lorapok_player/lorapok-player/release/builds/linux/linux-unpacked/resources/app.asar/dist/index.html
[2026-01-20T16:17:59.596Z] [APP PROTOCOL] Request: app://lorapok/assets/index-CTYcFka6.js -> /home/maizied/Desktop/Personal_Projects/lorapok_player/lorapok-player/release/builds/linux/linux-unpacked/resources/app.asar/dist/assets/index-CTYcFka6.js
[2026-01-20T16:17:59.601Z] [APP PROTOCOL] Request: app://lorapok/assets/index-BShdH5d3.css -> /home/maizied/Desktop/Personal_Projects/lorapok_player/lorapok-player/release/builds/linux/linux-unpacked/resources/app.asar/dist/assets/index-BShdH5d3.css
[2026-01-20T16:17:59.779Z] Renderer Finished Load
[2026-01-20T16:17:59.780Z] Window Ready to Show
[2026-01-20T16:17:59.824Z] [RENDERER] App Component Mounted
[2026-01-20T16:17:59.825Z] Renderer reported READY
[2026-01-20T16:17:59.846Z] [RENDERER CONSOLE] L:1 Received protocol/CLI URL: lorapok:///home/maizied/Desktop/Personal_Projects/lorapok_player/test_media/sample.flv (app://lorapok/assets/index-CTYcFka6.js:227)
[2026-01-20T16:18:00.130Z] 🧠 Universal Decode: .flv -> fMP4
[2026-01-20T16:18:00.135Z] FFmpeg Error: Cannot find ffmpeg
[2026-01-20T16:18:07.247Z] --- LORAPOK STARTUP ---
[2026-01-20T16:18:07.340Z] ⚠️ FFmpeg binary not found at static path, checking system path...
[2026-01-20T16:18:07.341Z] ✅ FFprobe Initialized: /home/maizied/Desktop/Personal_Projects/lorapok_player/lorapok-player/release/builds/linux/linux-unpacked/resources/app.asar/dist-electron/bin/linux/x64/ffprobe
[2026-01-20T16:18:07.352Z] Creating Window...
[2026-01-20T16:18:07.504Z] [APP PROTOCOL] Request: app://lorapok/index.html -> /home/maizied/Desktop/Personal_Projects/lorapok_player/lorapok-player/release/builds/linux/linux-unpacked/resources/app.asar/dist/index.html
[2026-01-20T16:18:07.620Z] [APP PROTOCOL] Request: app://lorapok/assets/index-CTYcFka6.js -> /home/maizied/Desktop/Personal_Projects/lorapok_player/lorapok-player/release/builds/linux/linux-unpacked/resources/app.asar/dist/assets/index-CTYcFka6.js
[2026-01-20T16:18:07.624Z] [APP PROTOCOL] Request: app://lorapok/assets/index-BShdH5d3.css -> /home/maizied/Desktop/Personal_Projects/lorapok_player/lorapok-player/release/builds/linux/linux-unpacked/resources/app.asar/dist/assets/index-BShdH5d3.css
[2026-01-20T16:18:07.806Z] Renderer Finished Load
[2026-01-20T16:18:07.806Z] Window Ready to Show
[2026-01-20T16:18:07.853Z] [RENDERER] App Component Mounted
[2026-01-20T16:18:07.853Z] Renderer reported READY
[2026-01-20T16:18:07.874Z] [RENDERER CONSOLE] L:1 Received protocol/CLI URL: lorapok:///home/maizied/Desktop/Personal_Projects/lorapok_player/test_media/sample.m4a (app://lorapok/assets/index-CTYcFka6.js:227)
[2026-01-20T16:18:08.216Z] [RENDERER CONSOLE] L:1 ⚠️ Native playback failed. Switching to Neural Decode... (app://lorapok/assets/index-CTYcFka6.js:227)
[2026-01-20T16:18:08.231Z] 🧠 Universal Decode: .m4a -> fMP4
[2026-01-20T16:18:08.245Z] FFmpeg Error: Cannot find ffmpeg
[2026-01-20T16:18:15.292Z] --- LORAPOK STARTUP ---
[2026-01-20T16:18:15.394Z] ⚠️ FFmpeg binary not found at static path, checking system path...
[2026-01-20T16:18:15.395Z] ✅ FFprobe Initialized: /home/maizied/Desktop/Personal_Projects/lorapok_player/lorapok-player/release/builds/linux/linux-unpacked/resources/app.asar/dist-electron/bin/linux/x64/ffprobe
[2026-01-20T16:18:15.405Z] Creating Window...
[2026-01-20T16:18:15.557Z] [APP PROTOCOL] Request: app://lorapok/index.html -> /home/maizied/Desktop/Personal_Projects/lorapok_player/lorapok-player/release/builds/linux/linux-unpacked/resources/app.asar/dist/index.html
[2026-01-20T16:18:15.678Z] [APP PROTOCOL] Request: app://lorapok/assets/index-CTYcFka6.js -> /home/maizied/Desktop/Personal_Projects/lorapok_player/lorapok-player/release/builds/linux/linux-unpacked/resources/app.asar/dist/assets/index-CTYcFka6.js
[2026-01-20T16:18:15.683Z] [APP PROTOCOL] Request: app://lorapok/assets/index-BShdH5d3.css -> /home/maizied/Desktop/Personal_Projects/lorapok_player/lorapok-player/release/builds/linux/linux-unpacked/resources/app.asar/dist/assets/index-BShdH5d3.css
[2026-01-20T16:18:15.861Z] Renderer Finished Load
[2026-01-20T16:18:15.861Z] Window Ready to Show
[2026-01-20T16:18:15.905Z] [RENDERER] App Component Mounted
[2026-01-20T16:18:15.905Z] Renderer reported READY
[2026-01-20T16:18:15.928Z] [RENDERER CONSOLE] L:1 Received protocol/CLI URL: lorapok:///home/maizied/Desktop/Personal_Projects/lorapok_player/test_media/sample.m4v (app://lorapok/assets/index-CTYcFka6.js:227)
[2026-01-20T16:18:16.258Z] 🧠 Universal Decode: .m4v -> fMP4
[2026-01-20T16:18:16.267Z] FFmpeg Error: Cannot find ffmpeg
[2026-01-20T16:18:23.334Z] --- LORAPOK STARTUP ---
[2026-01-20T16:18:23.422Z] ⚠️ FFmpeg binary not found at static path, checking system path...
[2026-01-20T16:18:23.424Z] ✅ FFprobe Initialized: /home/maizied/Desktop/Personal_Projects/lorapok_player/lorapok-player/release/builds/linux/linux-unpacked/resources/app.asar/dist-electron/bin/linux/x64/ffprobe
[2026-01-20T16:18:23.434Z] Creating Window...
[2026-01-20T16:18:23.587Z] [APP PROTOCOL] Request: app://lorapok/index.html -> /home/maizied/Desktop/Personal_Projects/lorapok_player/lorapok-player/release/builds/linux/linux-unpacked/resources/app.asar/dist/index.html
[2026-01-20T16:18:23.704Z] [APP PROTOCOL] Request: app://lorapok/assets/index-CTYcFka6.js -> /home/maizied/Desktop/Personal_Projects/lorapok_player/lorapok-player/release/builds/linux/linux-unpacked/resources/app.asar/dist/assets/index-CTYcFka6.js
[2026-01-20T16:18:23.709Z] [APP PROTOCOL] Request: app://lorapok/assets/index-BShdH5d3.css -> /home/maizied/Desktop/Personal_Projects/lorapok_player/lorapok-player/release/builds/linux/linux-unpacked/resources/app.asar/dist/assets/index-BShdH5d3.css
[2026-01-20T16:18:23.886Z] Renderer Finished Load
[2026-01-20T16:18:23.887Z] Window Ready to Show
[2026-01-20T16:18:23.931Z] [RENDERER] App Component Mounted
[2026-01-20T16:18:23.931Z] Renderer reported READY
[2026-01-20T16:18:23.961Z] [RENDERER CONSOLE] L:1 Received protocol/CLI URL: lorapok:///home/maizied/Desktop/Personal_Projects/lorapok_player/test_media/sample.mkv (app://lorapok/assets/index-CTYcFka6.js:227)
[2026-01-20T16:18:24.264Z] 🧠 Universal Decode: .mkv -> fMP4
[2026-01-20T16:18:24.288Z] FFmpeg Error: Cannot find ffmpeg
[2026-01-20T16:18:31.382Z] --- LORAPOK STARTUP ---
[2026-01-20T16:18:31.467Z] ⚠️ FFmpeg binary not found at static path, checking system path...
[2026-01-20T16:18:31.469Z] ✅ FFprobe Initialized: /home/maizied/Desktop/Personal_Projects/lorapok_player/lorapok-player/release/builds/linux/linux-unpacked/resources/app.asar/dist-electron/bin/linux/x64/ffprobe
[2026-01-20T16:18:31.479Z] Creating Window...
[2026-01-20T16:18:31.635Z] [APP PROTOCOL] Request: app://lorapok/index.html -> /home/maizied/Desktop/Personal_Projects/lorapok_player/lorapok-player/release/builds/linux/linux-unpacked/resources/app.asar/dist/index.html
[2026-01-20T16:18:31.750Z] [APP PROTOCOL] Request: app://lorapok/assets/index-CTYcFka6.js -> /home/maizied/Desktop/Personal_Projects/lorapok_player/lorapok-player/release/builds/linux/linux-unpacked/resources/app.asar/dist/assets/index-CTYcFka6.js
[2026-01-20T16:18:31.754Z] [APP PROTOCOL] Request: app://lorapok/assets/index-BShdH5d3.css -> /home/maizied/Desktop/Personal_Projects/lorapok_player/lorapok-player/release/builds/linux/linux-unpacked/resources/app.asar/dist/assets/index-BShdH5d3.css
[2026-01-20T16:18:31.932Z] Renderer Finished Load
[2026-01-20T16:18:31.933Z] Window Ready to Show
[2026-01-20T16:18:31.980Z] [RENDERER] App Component Mounted
[2026-01-20T16:18:31.980Z] Renderer reported READY
[2026-01-20T16:18:32.002Z] [RENDERER CONSOLE] L:1 Received protocol/CLI URL: lorapok:///home/maizied/Desktop/Personal_Projects/lorapok_player/test_media/sample.mov (app://lorapok/assets/index-CTYcFka6.js:227)
[2026-01-20T16:18:32.308Z] 🧠 Universal Decode: .mov -> fMP4
[2026-01-20T16:18:32.328Z] FFmpeg Error: Cannot find ffmpeg
[2026-01-20T16:18:39.449Z] --- LORAPOK STARTUP ---
[2026-01-20T16:18:39.538Z] ⚠️ FFmpeg binary not found at static path, checking system path...
[2026-01-20T16:18:39.539Z] ✅ FFprobe Initialized: /home/maizied/Desktop/Personal_Projects/lorapok_player/lorapok-player/release/builds/linux/linux-unpacked/resources/app.asar/dist-electron/bin/linux/x64/ffprobe
[2026-01-20T16:18:39.550Z] Creating Window...
[2026-01-20T16:18:39.700Z] [APP PROTOCOL] Request: app://lorapok/index.html -> /home/maizied/Desktop/Personal_Projects/lorapok_player/lorapok-player/release/builds/linux/linux-unpacked/resources/app.asar/dist/index.html
[2026-01-20T16:18:39.816Z] [APP PROTOCOL] Request: app://lorapok/assets/index-CTYcFka6.js -> /home/maizied/Desktop/Personal_Projects/lorapok_player/lorapok-player/release/builds/linux/linux-unpacked/resources/app.asar/dist/assets/index-CTYcFka6.js
[2026-01-20T16:18:39.820Z] [APP PROTOCOL] Request: app://lorapok/assets/index-BShdH5d3.css -> /home/maizied/Desktop/Personal_Projects/lorapok_player/lorapok-player/release/builds/linux/linux-unpacked/resources/app.asar/dist/assets/index-BShdH5d3.css
[2026-01-20T16:18:39.999Z] Renderer Finished Load
[2026-01-20T16:18:39.999Z] Window Ready to Show
[2026-01-20T16:18:40.045Z] [RENDERER] App Component Mounted
[2026-01-20T16:18:40.046Z] Renderer reported READY
[2026-01-20T16:18:40.068Z] [RENDERER CONSOLE] L:1 Received protocol/CLI URL: lorapok:///home/maizied/Desktop/Personal_Projects/lorapok_player/test_media/sample.mp3 (app://lorapok/assets/index-CTYcFka6.js:227)
[2026-01-20T16:18:47.517Z] --- LORAPOK STARTUP ---
[2026-01-20T16:18:47.606Z] ⚠️ FFmpeg binary not found at static path, checking system path...
[2026-01-20T16:18:47.608Z] ✅ FFprobe Initialized: /home/maizied/Desktop/Personal_Projects/lorapok_player/lorapok-player/release/builds/linux/linux-unpacked/resources/app.asar/dist-electron/bin/linux/x64/ffprobe
[2026-01-20T16:18:47.618Z] Creating Window...
[2026-01-20T16:18:47.775Z] [APP PROTOCOL] Request: app://lorapok/index.html -> /home/maizied/Desktop/Personal_Projects/lorapok_player/lorapok-player/release/builds/linux/linux-unpacked/resources/app.asar/dist/index.html
[2026-01-20T16:18:47.891Z] [APP PROTOCOL] Request: app://lorapok/assets/index-CTYcFka6.js -> /home/maizied/Desktop/Personal_Projects/lorapok_player/lorapok-player/release/builds/linux/linux-unpacked/resources/app.asar/dist/assets/index-CTYcFka6.js
[2026-01-20T16:18:47.897Z] [APP PROTOCOL] Request: app://lorapok/assets/index-BShdH5d3.css -> /home/maizied/Desktop/Personal_Projects/lorapok_player/lorapok-player/release/builds/linux/linux-unpacked/resources/app.asar/dist/assets/index-BShdH5d3.css
[2026-01-20T16:18:48.075Z] Renderer Finished Load
[2026-01-20T16:18:48.076Z] Window Ready to Show
[2026-01-20T16:18:48.120Z] [RENDERER] App Component Mounted
[2026-01-20T16:18:48.120Z] Renderer reported READY
[2026-01-20T16:18:48.142Z] [RENDERER CONSOLE] L:1 Received protocol/CLI URL: lorapok:///home/maizied/Desktop/Personal_Projects/lorapok_player/test_media/sample.ogg (app://lorapok/assets/index-CTYcFka6.js:227)
[2026-01-20T16:18:55.531Z] --- LORAPOK STARTUP ---
[2026-01-20T16:18:55.616Z] ⚠️ FFmpeg binary not found at static path, checking system path...
[2026-01-20T16:18:55.618Z] ✅ FFprobe Initialized: /home/maizied/Desktop/Personal_Projects/lorapok_player/lorapok-player/release/builds/linux/linux-unpacked/resources/app.asar/dist-electron/bin/linux/x64/ffprobe
[2026-01-20T16:18:55.630Z] Creating Window...
[2026-01-20T16:18:55.784Z] [APP PROTOCOL] Request: app://lorapok/index.html -> /home/maizied/Desktop/Personal_Projects/lorapok_player/lorapok-player/release/builds/linux/linux-unpacked/resources/app.asar/dist/index.html
[2026-01-20T16:18:55.903Z] [APP PROTOCOL] Request: app://lorapok/assets/index-CTYcFka6.js -> /home/maizied/Desktop/Personal_Projects/lorapok_player/lorapok-player/release/builds/linux/linux-unpacked/resources/app.asar/dist/assets/index-CTYcFka6.js
[2026-01-20T16:18:55.908Z] [APP PROTOCOL] Request: app://lorapok/assets/index-BShdH5d3.css -> /home/maizied/Desktop/Personal_Projects/lorapok_player/lorapok-player/release/builds/linux/linux-unpacked/resources/app.asar/dist/assets/index-BShdH5d3.css
[2026-01-20T16:18:56.090Z] Renderer Finished Load
[2026-01-20T16:18:56.091Z] Window Ready to Show
[2026-01-20T16:18:56.135Z] [RENDERER] App Component Mounted
[2026-01-20T16:18:56.136Z] Renderer reported READY
[2026-01-20T16:18:56.159Z] [RENDERER CONSOLE] L:1 Received protocol/CLI URL: lorapok:///home/maizied/Desktop/Personal_Projects/lorapok_player/test_media/sample_rmvb.rmvb (app://lorapok/assets/index-CTYcFka6.js:227)
[2026-01-20T16:18:56.493Z] 🧠 Universal Decode: .rmvb -> fMP4
[2026-01-20T16:18:56.503Z] FFmpeg Error: Cannot find ffmpeg
[2026-01-20T16:19:03.569Z] --- LORAPOK STARTUP ---
[2026-01-20T16:19:03.659Z] ⚠️ FFmpeg binary not found at static path, checking system path...
[2026-01-20T16:19:03.661Z] ✅ FFprobe Initialized: /home/maizied/Desktop/Personal_Projects/lorapok_player/lorapok-player/release/builds/linux/linux-unpacked/resources/app.asar/dist-electron/bin/linux/x64/ffprobe
[2026-01-20T16:19:03.671Z] Creating Window...
[2026-01-20T16:19:03.819Z] [APP PROTOCOL] Request: app://lorapok/index.html -> /home/maizied/Desktop/Personal_Projects/lorapok_player/lorapok-player/release/builds/linux/linux-unpacked/resources/app.asar/dist/index.html
[2026-01-20T16:19:03.935Z] [APP PROTOCOL] Request: app://lorapok/assets/index-CTYcFka6.js -> /home/maizied/Desktop/Personal_Projects/lorapok_player/lorapok-player/release/builds/linux/linux-unpacked/resources/app.asar/dist/assets/index-CTYcFka6.js
[2026-01-20T16:19:03.939Z] [APP PROTOCOL] Request: app://lorapok/assets/index-BShdH5d3.css -> /home/maizied/Desktop/Personal_Projects/lorapok_player/lorapok-player/release/builds/linux/linux-unpacked/resources/app.asar/dist/assets/index-BShdH5d3.css
[2026-01-20T16:19:04.128Z] Renderer Finished Load
[2026-01-20T16:19:04.128Z] Window Ready to Show
[2026-01-20T16:19:04.172Z] [RENDERER] App Component Mounted
[2026-01-20T16:19:04.172Z] Renderer reported READY
[2026-01-20T16:19:04.196Z] [RENDERER CONSOLE] L:1 Received protocol/CLI URL: lorapok:///home/maizied/Desktop/Personal_Projects/lorapok_player/test_media/sample.webm (app://lorapok/assets/index-CTYcFka6.js:227)
[2026-01-20T16:19:11.611Z] --- LORAPOK STARTUP ---
[2026-01-20T16:19:11.698Z] ⚠️ FFmpeg binary not found at static path, checking system path...
[2026-01-20T16:19:11.700Z] ✅ FFprobe Initialized: /home/maizied/Desktop/Personal_Projects/lorapok_player/lorapok-player/release/builds/linux/linux-unpacked/resources/app.asar/dist-electron/bin/linux/x64/ffprobe
[2026-01-20T16:19:11.709Z] Creating Window...
[2026-01-20T16:19:11.860Z] [APP PROTOCOL] Request: app://lorapok/index.html -> /home/maizied/Desktop/Personal_Projects/lorapok_player/lorapok-player/release/builds/linux/linux-unpacked/resources/app.asar/dist/index.html
[2026-01-20T16:19:11.981Z] [APP PROTOCOL] Request: app://lorapok/assets/index-CTYcFka6.js -> /home/maizied/Desktop/Personal_Projects/lorapok_player/lorapok-player/release/builds/linux/linux-unpacked/resources/app.asar/dist/assets/index-CTYcFka6.js
[2026-01-20T16:19:11.985Z] [APP PROTOCOL] Request: app://lorapok/assets/index-BShdH5d3.css -> /home/maizied/Desktop/Personal_Projects/lorapok_player/lorapok-player/release/builds/linux/linux-unpacked/resources/app.asar/dist/assets/index-BShdH5d3.css
[2026-01-20T16:19:12.172Z] Renderer Finished Load
[2026-01-20T16:19:12.173Z] Window Ready to Show
[2026-01-20T16:19:12.219Z] [RENDERER] App Component Mounted
[2026-01-20T16:19:12.219Z] Renderer reported READY
[2026-01-20T16:19:12.243Z] [RENDERER CONSOLE] L:1 Received protocol/CLI URL: lorapok:///home/maizied/Desktop/Personal_Projects/lorapok_player/test_media/sample.wmv (app://lorapok/assets/index-CTYcFka6.js:227)
[2026-01-20T16:19:12.534Z] 🧠 Universal Decode: .wmv -> fMP4
[2026-01-20T16:19:12.539Z] FFmpeg Error: Cannot find ffmpeg
[2026-01-20T16:20:47.517Z] --- LORAPOK STARTUP ---
[2026-01-20T16:20:47.601Z] ⚠️ FFmpeg binary not found at static path, checking system path...
[2026-01-20T16:20:47.602Z] ✅ FFprobe Initialized: /home/maizied/Desktop/Personal_Projects/lorapok_player/lorapok-player/release/builds/linux/linux-unpacked/resources/app.asar/dist-electron/bin/linux/x64/ffprobe
[2026-01-20T16:20:47.612Z] Creating Window...
[2026-01-20T16:20:47.761Z] [APP PROTOCOL] Request: app://lorapok/index.html -> /home/maizied/Desktop/Personal_Projects/lorapok_player/lorapok-player/release/builds/linux/linux-unpacked/resources/app.asar/dist/index.html
[2026-01-20T16:20:47.868Z] [APP PROTOCOL] Request: app://lorapok/assets/index-CTYcFka6.js -> /home/maizied/Desktop/Personal_Projects/lorapok_player/lorapok-player/release/builds/linux/linux-unpacked/resources/app.asar/dist/assets/index-CTYcFka6.js
[2026-01-20T16:20:47.872Z] [APP PROTOCOL] Request: app://lorapok/assets/index-BShdH5d3.css -> /home/maizied/Desktop/Personal_Projects/lorapok_player/lorapok-player/release/builds/linux/linux-unpacked/resources/app.asar/dist/assets/index-BShdH5d3.css
[2026-01-20T16:20:48.085Z] Renderer Finished Load
[2026-01-20T16:20:48.086Z] Window Ready to Show
[2026-01-20T16:20:48.130Z] [RENDERER] App Component Mounted
[2026-01-20T16:20:48.131Z] Renderer reported READY
[2026-01-20T16:20:48.151Z] [RENDERER CONSOLE] L:1 Received protocol/CLI URL: lorapok:///home/maizied/Desktop/Personal_Projects/lorapok_player/https:/commondatastorage.googleapis.com/gtv-videos-bucket/sample/Sintel.mp4 (app://lorapok/assets/index-CTYcFka6.js:227)
[2026-01-20T16:20:48.476Z] Media Protocol Error: Error: ENOENT: no such file or directory, stat '/home/maizied/Desktop/Personal_Projects/lorapok_player/https:/commondatastorage.googleapis.com/gtv-videos-bucket/sample/Sintel.mp4'
[2026-01-20T16:20:48.491Z] [RENDERER CONSOLE] L:1 ⚠️ Native playback failed. Switching to Neural Decode... (app://lorapok/assets/index-CTYcFka6.js:227)
[2026-01-20T16:20:48.496Z] Media Protocol Error: Error: ENOENT: no such file or directory, stat '/home/maizied/Desktop/Personal_Projects/lorapok_player/https:/commondatastorage.googleapis.com/gtv-videos-bucket/sample/Sintel.mp4'
[2026-01-20T16:20:48.498Z] [RENDERER CONSOLE] L:3 Video Error: The video could not be loaded, either because the server or network failed or because the format is not supported. [object MediaError] (app://lorapok/assets/index-CTYcFka6.js:227)
[2026-01-20T16:20:58.555Z] --- LORAPOK STARTUP ---
[2026-01-20T16:20:58.644Z] ⚠️ FFmpeg binary not found at static path, checking system path...
[2026-01-20T16:20:58.645Z] ✅ FFprobe Initialized: /home/maizied/Desktop/Personal_Projects/lorapok_player/lorapok-player/release/builds/linux/linux-unpacked/resources/app.asar/dist-electron/bin/linux/x64/ffprobe
[2026-01-20T16:20:58.656Z] Creating Window...
[2026-01-20T16:20:58.798Z] [APP PROTOCOL] Request: app://lorapok/index.html -> /home/maizied/Desktop/Personal_Projects/lorapok_player/lorapok-player/release/builds/linux/linux-unpacked/resources/app.asar/dist/index.html
[2026-01-20T16:20:58.904Z] [APP PROTOCOL] Request: app://lorapok/assets/index-CTYcFka6.js -> /home/maizied/Desktop/Personal_Projects/lorapok_player/lorapok-player/release/builds/linux/linux-unpacked/resources/app.asar/dist/assets/index-CTYcFka6.js
[2026-01-20T16:20:58.908Z] [APP PROTOCOL] Request: app://lorapok/assets/index-BShdH5d3.css -> /home/maizied/Desktop/Personal_Projects/lorapok_player/lorapok-player/release/builds/linux/linux-unpacked/resources/app.asar/dist/assets/index-BShdH5d3.css
[2026-01-20T16:20:59.077Z] Renderer Finished Load
[2026-01-20T16:20:59.077Z] Window Ready to Show
[2026-01-20T16:20:59.122Z] [RENDERER] App Component Mounted
[2026-01-20T16:20:59.123Z] Renderer reported READY
[2026-01-20T16:21:12.992Z] --- LORAPOK STARTUP ---
[2026-01-20T16:21:13.082Z] ⚠️ FFmpeg binary not found at static path, checking system path...
[2026-01-20T16:21:13.083Z] ✅ FFprobe Initialized: /home/maizied/Desktop/Personal_Projects/lorapok_player/lorapok-player/release/builds/linux/linux-unpacked/resources/app.asar/dist-electron/bin/linux/x64/ffprobe
[2026-01-20T16:21:13.093Z] Creating Window...
[2026-01-20T16:21:13.232Z] [APP PROTOCOL] Request: app://lorapok/index.html -> /home/maizied/Desktop/Personal_Projects/lorapok_player/lorapok-player/release/builds/linux/linux-unpacked/resources/app.asar/dist/index.html
[2026-01-20T16:21:13.340Z] [APP PROTOCOL] Request: app://lorapok/assets/index-CTYcFka6.js -> /home/maizied/Desktop/Personal_Projects/lorapok_player/lorapok-player/release/builds/linux/linux-unpacked/resources/app.asar/dist/assets/index-CTYcFka6.js
[2026-01-20T16:21:13.344Z] [APP PROTOCOL] Request: app://lorapok/assets/index-BShdH5d3.css -> /home/maizied/Desktop/Personal_Projects/lorapok_player/lorapok-player/release/builds/linux/linux-unpacked/resources/app.asar/dist/assets/index-BShdH5d3.css
[2026-01-20T16:21:13.515Z] Renderer Finished Load
[2026-01-20T16:21:13.516Z] Window Ready to Show
[2026-01-20T16:21:13.559Z] [RENDERER] App Component Mounted
[2026-01-20T16:21:13.560Z] Renderer reported READY
[2026-01-20T16:21:24.993Z] --- LORAPOK STARTUP ---
[2026-01-20T16:21:25.083Z] ⚠️ FFmpeg binary not found at static path, checking system path...
[2026-01-20T16:21:25.085Z] ✅ FFprobe Initialized: /home/maizied/Desktop/Personal_Projects/lorapok_player/lorapok-player/release/builds/linux/linux-unpacked/resources/app.asar/dist-electron/bin/linux/x64/ffprobe
[2026-01-20T16:21:25.096Z] Creating Window...
[2026-01-20T16:21:25.250Z] [APP PROTOCOL] Request: app://lorapok/index.html -> /home/maizied/Desktop/Personal_Projects/lorapok_player/lorapok-player/release/builds/linux/linux-unpacked/resources/app.asar/dist/index.html
[2026-01-20T16:21:25.372Z] [APP PROTOCOL] Request: app://lorapok/assets/index-CTYcFka6.js -> /home/maizied/Desktop/Personal_Projects/lorapok_player/lorapok-player/release/builds/linux/linux-unpacked/resources/app.asar/dist/assets/index-CTYcFka6.js
[2026-01-20T16:21:25.378Z] [APP PROTOCOL] Request: app://lorapok/assets/index-BShdH5d3.css -> /home/maizied/Desktop/Personal_Projects/lorapok_player/lorapok-player/release/builds/linux/linux-unpacked/resources/app.asar/dist/assets/index-BShdH5d3.css
[2026-01-20T16:21:25.549Z] Renderer Finished Load
[2026-01-20T16:21:25.550Z] Window Ready to Show
[2026-01-20T16:21:25.595Z] [RENDERER] App Component Mounted
[2026-01-20T16:21:25.595Z] Renderer reported READY
[2026-01-20T16:21:37.932Z] --- LORAPOK STARTUP ---
[2026-01-20T16:21:38.014Z] ⚠️ FFmpeg binary not found at static path, checking system path...
[2026-01-20T16:21:38.015Z] ✅ FFprobe Initialized: /home/maizied/Desktop/Personal_Projects/lorapok_player/lorapok-player/release/builds/linux/linux-unpacked/resources/app.asar/dist-electron/bin/linux/x64/ffprobe
[2026-01-20T16:21:38.028Z] Creating Window...
[2026-01-20T16:21:38.177Z] [APP PROTOCOL] Request: app://lorapok/index.html -> /home/maizied/Desktop/Personal_Projects/lorapok_player/lorapok-player/release/builds/linux/linux-unpacked/resources/app.asar/dist/index.html
[2026-01-20T16:21:38.300Z] [APP PROTOCOL] Request: app://lorapok/assets/index-CTYcFka6.js -> /home/maizied/Desktop/Personal_Projects/lorapok_player/lorapok-player/release/builds/linux/linux-unpacked/resources/app.asar/dist/assets/index-CTYcFka6.js
[2026-01-20T16:21:38.304Z] [APP PROTOCOL] Request: app://lorapok/assets/index-BShdH5d3.css -> /home/maizied/Desktop/Personal_Projects/lorapok_player/lorapok-player/release/builds/linux/linux-unpacked/resources/app.asar/dist/assets/index-BShdH5d3.css
[2026-01-20T16:21:38.472Z] Renderer Finished Load
[2026-01-20T16:21:38.472Z] Window Ready to Show
[2026-01-20T16:21:38.515Z] [RENDERER] App Component Mounted
[2026-01-20T16:21:38.516Z] Renderer reported READY
[2026-01-20T16:23:20.011Z] --- LORAPOK STARTUP ---
[2026-01-20T16:23:20.102Z] ⚠️ FFmpeg binary not found at static path, checking system path...
[2026-01-20T16:23:20.104Z] ✅ FFprobe Initialized: /home/maizied/Desktop/Personal_Projects/lorapok_player/lorapok-player/release/builds/linux/linux-unpacked/resources/app.asar/dist-electron/bin/linux/x64/ffprobe
[2026-01-20T16:23:20.115Z] Creating Window...
[2026-01-20T16:23:20.263Z] [APP PROTOCOL] Request: app://lorapok/index.html -> /home/maizied/Desktop/Personal_Projects/lorapok_player/lorapok-player/release/builds/linux/linux-unpacked/resources/app.asar/dist/index.html
[2026-01-20T16:23:20.374Z] [APP PROTOCOL] Request: app://lorapok/assets/index-CTYcFka6.js -> /home/maizied/Desktop/Personal_Projects/lorapok_player/lorapok-player/release/builds/linux/linux-unpacked/resources/app.asar/dist/assets/index-CTYcFka6.js
[2026-01-20T16:23:20.379Z] [APP PROTOCOL] Request: app://lorapok/assets/index-BShdH5d3.css -> /home/maizied/Desktop/Personal_Projects/lorapok_player/lorapok-player/release/builds/linux/linux-unpacked/resources/app.asar/dist/assets/index-BShdH5d3.css
[2026-01-20T16:23:20.553Z] Renderer Finished Load
[2026-01-20T16:23:20.553Z] Window Ready to Show
[2026-01-20T16:23:20.596Z] [RENDERER] App Component Mounted
[2026-01-20T16:23:20.596Z] Renderer reported READY
[2026-01-20T16:23:20.617Z] [RENDERER CONSOLE] L:1 Received protocol/CLI URL: lorapok:///home/maizied/Desktop/Personal_Projects/lorapok_player/https:/commondatastorage.googleapis.com/gtv-videos-bucket/sample/BigBuckBunny.mp4 (app://lorapok/assets/index-CTYcFka6.js:227)
[2026-01-20T16:23:20.946Z] Media Protocol Error: Error: ENOENT: no such file or directory, stat '/home/maizied/Desktop/Personal_Projects/lorapok_player/https:/commondatastorage.googleapis.com/gtv-videos-bucket/sample/BigBuckBunny.mp4'
[2026-01-20T16:23:20.960Z] [RENDERER CONSOLE] L:1 ⚠️ Native playback failed. Switching to Neural Decode... (app://lorapok/assets/index-CTYcFka6.js:227)
[2026-01-20T16:23:20.965Z] Media Protocol Error: Error: ENOENT: no such file or directory, stat '/home/maizied/Desktop/Personal_Projects/lorapok_player/https:/commondatastorage.googleapis.com/gtv-videos-bucket/sample/BigBuckBunny.mp4'
[2026-01-20T16:23:20.967Z] [RENDERER CONSOLE] L:3 Video Error: The video could not be loaded, either because the server or network failed or because the format is not supported. [object MediaError] (app://lorapok/assets/index-CTYcFka6.js:227)
[2026-01-20T16:23:40.338Z] --- LORAPOK STARTUP ---
[2026-01-20T16:23:40.436Z] ⚠️ FFmpeg binary not found at static path, checking system path...
[2026-01-20T16:23:40.438Z] ✅ FFprobe Initialized: /home/maizied/Desktop/Personal_Projects/lorapok_player/lorapok-player/release/builds/linux/linux-unpacked/resources/app.asar/dist-electron/bin/linux/x64/ffprobe
[2026-01-20T16:23:40.448Z] Creating Window...
[2026-01-20T16:23:40.605Z] [APP PROTOCOL] Request: app://lorapok/index.html -> /home/maizied/Desktop/Personal_Projects/lorapok_player/lorapok-player/release/builds/linux/linux-unpacked/resources/app.asar/dist/index.html
[2026-01-20T16:23:40.719Z] [APP PROTOCOL] Request: app://lorapok/assets/index-CTYcFka6.js -> /home/maizied/Desktop/Personal_Projects/lorapok_player/lorapok-player/release/builds/linux/linux-unpacked/resources/app.asar/dist/assets/index-CTYcFka6.js
[2026-01-20T16:23:40.724Z] [APP PROTOCOL] Request: app://lorapok/assets/index-BShdH5d3.css -> /home/maizied/Desktop/Personal_Projects/lorapok_player/lorapok-player/release/builds/linux/linux-unpacked/resources/app.asar/dist/assets/index-BShdH5d3.css
[2026-01-20T16:23:40.900Z] Renderer Finished Load
[2026-01-20T16:23:40.901Z] Window Ready to Show
[2026-01-20T16:23:40.942Z] [RENDERER] App Component Mounted
[2026-01-20T16:23:40.943Z] Renderer reported READY
[2026-01-20T16:23:52.924Z] --- LORAPOK STARTUP ---
[2026-01-20T16:23:53.010Z] ⚠️ FFmpeg binary not found at static path, checking system path...
[2026-01-20T16:23:53.011Z] ✅ FFprobe Initialized: /home/maizied/Desktop/Personal_Projects/lorapok_player/lorapok-player/release/builds/linux/linux-unpacked/resources/app.asar/dist-electron/bin/linux/x64/ffprobe
[2026-01-20T16:23:53.022Z] Creating Window...
[2026-01-20T16:23:53.171Z] [APP PROTOCOL] Request: app://lorapok/index.html -> /home/maizied/Desktop/Personal_Projects/lorapok_player/lorapok-player/release/builds/linux/linux-unpacked/resources/app.asar/dist/index.html
[2026-01-20T16:23:53.286Z] [APP PROTOCOL] Request: app://lorapok/assets/index-CTYcFka6.js -> /home/maizied/Desktop/Personal_Projects/lorapok_player/lorapok-player/release/builds/linux/linux-unpacked/resources/app.asar/dist/assets/index-CTYcFka6.js
[2026-01-20T16:23:53.290Z] [APP PROTOCOL] Request: app://lorapok/assets/index-BShdH5d3.css -> /home/maizied/Desktop/Personal_Projects/lorapok_player/lorapok-player/release/builds/linux/linux-unpacked/resources/app.asar/dist/assets/index-BShdH5d3.css
[2026-01-20T16:23:53.466Z] Renderer Finished Load
[2026-01-20T16:23:53.467Z] Window Ready to Show
[2026-01-20T16:23:53.507Z] [RENDERER] App Component Mounted
[2026-01-20T16:23:53.508Z] Renderer reported READY
[2026-01-20T16:24:04.826Z] --- LORAPOK STARTUP ---
[2026-01-20T16:24:04.929Z] ⚠️ FFmpeg binary not found at static path, checking system path...
[2026-01-20T16:24:04.930Z] ✅ FFprobe Initialized: /home/maizied/Desktop/Personal_Projects/lorapok_player/lorapok-player/release/builds/linux/linux-unpacked/resources/app.asar/dist-electron/bin/linux/x64/ffprobe
[2026-01-20T16:24:04.941Z] Creating Window...
[2026-01-20T16:24:05.107Z] [APP PROTOCOL] Request: app://lorapok/index.html -> /home/maizied/Desktop/Personal_Projects/lorapok_player/lorapok-player/release/builds/linux/linux-unpacked/resources/app.asar/dist/index.html
[2026-01-20T16:24:05.229Z] [APP PROTOCOL] Request: app://lorapok/assets/index-CTYcFka6.js -> /home/maizied/Desktop/Personal_Projects/lorapok_player/lorapok-player/release/builds/linux/linux-unpacked/resources/app.asar/dist/assets/index-CTYcFka6.js
[2026-01-20T16:24:05.233Z] [APP PROTOCOL] Request: app://lorapok/assets/index-BShdH5d3.css -> /home/maizied/Desktop/Personal_Projects/lorapok_player/lorapok-player/release/builds/linux/linux-unpacked/resources/app.asar/dist/assets/index-BShdH5d3.css
[2026-01-20T16:24:05.422Z] Renderer Finished Load
[2026-01-20T16:24:05.423Z] Window Ready to Show
[2026-01-20T16:24:05.468Z] [RENDERER] App Component Mounted
[2026-01-20T16:24:05.468Z] Renderer reported READY
[2026-01-20T16:24:16.890Z] --- LORAPOK STARTUP ---
[2026-01-20T16:24:16.980Z] ⚠️ FFmpeg binary not found at static path, checking system path...
[2026-01-20T16:24:16.981Z] ✅ FFprobe Initialized: /home/maizied/Desktop/Personal_Projects/lorapok_player/lorapok-player/release/builds/linux/linux-unpacked/resources/app.asar/dist-electron/bin/linux/x64/ffprobe
[2026-01-20T16:24:16.992Z] Creating Window...
[2026-01-20T16:24:17.151Z] [APP PROTOCOL] Request: app://lorapok/index.html -> /home/maizied/Desktop/Personal_Projects/lorapok_player/lorapok-player/release/builds/linux/linux-unpacked/resources/app.asar/dist/index.html
[2026-01-20T16:24:17.272Z] [APP PROTOCOL] Request: app://lorapok/assets/index-CTYcFka6.js -> /home/maizied/Desktop/Personal_Projects/lorapok_player/lorapok-player/release/builds/linux/linux-unpacked/resources/app.asar/dist/assets/index-CTYcFka6.js
[2026-01-20T16:24:17.278Z] [APP PROTOCOL] Request: app://lorapok/assets/index-BShdH5d3.css -> /home/maizied/Desktop/Personal_Projects/lorapok_player/lorapok-player/release/builds/linux/linux-unpacked/resources/app.asar/dist/assets/index-BShdH5d3.css
[2026-01-20T16:24:17.465Z] Renderer Finished Load
[2026-01-20T16:24:17.466Z] Window Ready to Show
[2026-01-20T16:24:17.512Z] [RENDERER] App Component Mounted
[2026-01-20T16:24:17.512Z] Renderer reported READY
[2026-01-20T16:24:29.489Z] --- LORAPOK STARTUP ---
[2026-01-20T16:24:29.592Z] ⚠️ FFmpeg binary not found at static path, checking system path...
[2026-01-20T16:24:29.595Z] ✅ FFprobe Initialized: /home/maizied/Desktop/Personal_Projects/lorapok_player/lorapok-player/release/builds/linux/linux-unpacked/resources/app.asar/dist-electron/bin/linux/x64/ffprobe
[2026-01-20T16:24:29.606Z] Creating Window...
[2026-01-20T16:24:29.771Z] [APP PROTOCOL] Request: app://lorapok/index.html -> /home/maizied/Desktop/Personal_Projects/lorapok_player/lorapok-player/release/builds/linux/linux-unpacked/resources/app.asar/dist/index.html
[2026-01-20T16:24:29.901Z] [APP PROTOCOL] Request: app://lorapok/assets/index-CTYcFka6.js -> /home/maizied/Desktop/Personal_Projects/lorapok_player/lorapok-player/release/builds/linux/linux-unpacked/resources/app.asar/dist/assets/index-CTYcFka6.js
[2026-01-20T16:24:29.905Z] [APP PROTOCOL] Request: app://lorapok/assets/index-BShdH5d3.css -> /home/maizied/Desktop/Personal_Projects/lorapok_player/lorapok-player/release/builds/linux/linux-unpacked/resources/app.asar/dist/assets/index-BShdH5d3.css
[2026-01-20T16:24:30.109Z] Renderer Finished Load
[2026-01-20T16:24:30.109Z] Window Ready to Show
[2026-01-20T16:24:30.154Z] [RENDERER] App Component Mounted
[2026-01-20T16:24:30.154Z] Renderer reported READY
[2026-01-20T16:24:30.181Z] [RENDERER CONSOLE] L:1 Received protocol/CLI URL: lorapok://test-protocol-launch (app://lorapok/assets/index-CTYcFka6.js:227)
[2026-01-20T16:24:30.460Z] Media Protocol Error: Error: ENOENT: no such file or directory, stat '/test-protocol-launch'
[2026-01-20T16:24:30.477Z] [RENDERER CONSOLE] L:1 ⚠️ Native playback failed. Switching to Neural Decode... (app://lorapok/assets/index-CTYcFka6.js:227)
[2026-01-20T16:24:30.482Z] Media Protocol Error: Error: ENOENT: no such file or directory, stat '/test-protocol-launch'
[2026-01-20T16:24:30.485Z] [RENDERER CONSOLE] L:3 Video Error: The video could not be loaded, either because the server or network failed or because the format is not supported. [object MediaError] (app://lorapok/assets/index-CTYcFka6.js:227)
[2026-01-20T16:24:34.481Z] --- LORAPOK STARTUP ---
[2026-01-20T16:24:34.568Z] ⚠️ FFmpeg binary not found at static path, checking system path...
[2026-01-20T16:24:34.569Z] ✅ FFprobe Initialized: /home/maizied/Desktop/Personal_Projects/lorapok_player/lorapok-player/release/builds/linux/linux-unpacked/resources/app.asar/dist-electron/bin/linux/x64/ffprobe
[2026-01-20T16:24:34.580Z] Creating Window...
[2026-01-20T16:24:34.731Z] [APP PROTOCOL] Request: app://lorapok/index.html -> /home/maizied/Desktop/Personal_Projects/lorapok_player/lorapok-player/release/builds/linux/linux-unpacked/resources/app.asar/dist/index.html
[2026-01-20T16:24:34.845Z] [APP PROTOCOL] Request: app://lorapok/assets/index-CTYcFka6.js -> /home/maizied/Desktop/Personal_Projects/lorapok_player/lorapok-player/release/builds/linux/linux-unpacked/resources/app.asar/dist/assets/index-CTYcFka6.js
[2026-01-20T16:24:34.849Z] [APP PROTOCOL] Request: app://lorapok/assets/index-BShdH5d3.css -> /home/maizied/Desktop/Personal_Projects/lorapok_player/lorapok-player/release/builds/linux/linux-unpacked/resources/app.asar/dist/assets/index-BShdH5d3.css
[2026-01-20T16:24:35.024Z] Renderer Finished Load
[2026-01-20T16:24:35.024Z] Window Ready to Show
[2026-01-20T16:24:35.068Z] [RENDERER] App Component Mounted
[2026-01-20T16:24:35.068Z] Renderer reported READY
[2026-01-20T16:24:35.096Z] [RENDERER CONSOLE] L:1 Received protocol/CLI URL: lorapok:///home/maizied/Desktop/Personal_Projects/lorapok_player/test_media/long_sample.mp4 (app://lorapok/assets/index-CTYcFka6.js:227)
[2026-01-20T16:24:35.390Z] Deep Probe Error: Error: spawn ENOTDIR
[2026-01-20T16:24:35.390Z] 🧠 Universal Decode: .mp4 -> fMP4
[2026-01-20T16:24:35.396Z] FFmpeg Error: Cannot find ffmpeg
[2026-01-20T16:24:42.549Z] --- LORAPOK STARTUP ---
[2026-01-20T16:24:42.633Z] ⚠️ FFmpeg binary not found at static path, checking system path...
[2026-01-20T16:24:42.635Z] ✅ FFprobe Initialized: /home/maizied/Desktop/Personal_Projects/lorapok_player/lorapok-player/release/builds/linux/linux-unpacked/resources/app.asar/dist-electron/bin/linux/x64/ffprobe
[2026-01-20T16:24:42.646Z] Creating Window...
[2026-01-20T16:24:42.807Z] [APP PROTOCOL] Request: app://lorapok/index.html -> /home/maizied/Desktop/Personal_Projects/lorapok_player/lorapok-player/release/builds/linux/linux-unpacked/resources/app.asar/dist/index.html
[2026-01-20T16:24:42.924Z] [APP PROTOCOL] Request: app://lorapok/assets/index-CTYcFka6.js -> /home/maizied/Desktop/Personal_Projects/lorapok_player/lorapok-player/release/builds/linux/linux-unpacked/resources/app.asar/dist/assets/index-CTYcFka6.js
[2026-01-20T16:24:42.928Z] [APP PROTOCOL] Request: app://lorapok/assets/index-BShdH5d3.css -> /home/maizied/Desktop/Personal_Projects/lorapok_player/lorapok-player/release/builds/linux/linux-unpacked/resources/app.asar/dist/assets/index-BShdH5d3.css
[2026-01-20T16:24:43.109Z] Renderer Finished Load
[2026-01-20T16:24:43.110Z] Window Ready to Show
[2026-01-20T16:24:43.152Z] [RENDERER] App Component Mounted
[2026-01-20T16:24:43.152Z] Renderer reported READY
[2026-01-20T16:24:43.174Z] [RENDERER CONSOLE] L:1 Received protocol/CLI URL: lorapok:///home/maizied/Desktop/Personal_Projects/lorapok_player/test_media/PXL_20240713_091018599.mp4 (app://lorapok/assets/index-CTYcFka6.js:227)
[2026-01-20T16:24:43.467Z] Deep Probe Error: Error: spawn ENOTDIR
[2026-01-20T16:24:43.467Z] 🧠 Universal Decode: .mp4 -> fMP4
[2026-01-20T16:24:43.473Z] FFmpeg Error: Cannot find ffmpeg
[2026-01-20T16:24:50.668Z] --- LORAPOK STARTUP ---
[2026-01-20T16:24:50.755Z] ⚠️ FFmpeg binary not found at static path, checking system path...
[2026-01-20T16:24:50.756Z] ✅ FFprobe Initialized: /home/maizied/Desktop/Personal_Projects/lorapok_player/lorapok-player/release/builds/linux/linux-unpacked/resources/app.asar/dist-electron/bin/linux/x64/ffprobe
[2026-01-20T16:24:50.766Z] Creating Window...
[2026-01-20T16:24:50.910Z] [APP PROTOCOL] Request: app://lorapok/index.html -> /home/maizied/Desktop/Personal_Projects/lorapok_player/lorapok-player/release/builds/linux/linux-unpacked/resources/app.asar/dist/index.html
[2026-01-20T16:24:51.023Z] [APP PROTOCOL] Request: app://lorapok/assets/index-CTYcFka6.js -> /home/maizied/Desktop/Personal_Projects/lorapok_player/lorapok-player/release/builds/linux/linux-unpacked/resources/app.asar/dist/assets/index-CTYcFka6.js
[2026-01-20T16:24:51.028Z] [APP PROTOCOL] Request: app://lorapok/assets/index-BShdH5d3.css -> /home/maizied/Desktop/Personal_Projects/lorapok_player/lorapok-player/release/builds/linux/linux-unpacked/resources/app.asar/dist/assets/index-BShdH5d3.css
[2026-01-20T16:24:51.205Z] Renderer Finished Load
[2026-01-20T16:24:51.205Z] Window Ready to Show
[2026-01-20T16:24:51.246Z] [RENDERER] App Component Mounted
[2026-01-20T16:24:51.246Z] Renderer reported READY
[2026-01-20T16:24:51.273Z] [RENDERER CONSOLE] L:1 Received protocol/CLI URL: lorapok:///home/maizied/Desktop/Personal_Projects/lorapok_player/test_media/PXL_20240713_095454016.mp4 (app://lorapok/assets/index-CTYcFka6.js:227)
[2026-01-20T16:24:51.621Z] Deep Probe Error: Error: spawn ENOTDIR
[2026-01-20T16:24:51.621Z] 🧠 Universal Decode: .mp4 -> fMP4
[2026-01-20T16:24:51.628Z] FFmpeg Error: Cannot find ffmpeg
[2026-01-20T16:24:58.639Z] --- LORAPOK STARTUP ---
[2026-01-20T16:24:58.725Z] ⚠️ FFmpeg binary not found at static path, checking system path...
[2026-01-20T16:24:58.727Z] ✅ FFprobe Initialized: /home/maizied/Desktop/Personal_Projects/lorapok_player/lorapok-player/release/builds/linux/linux-unpacked/resources/app.asar/dist-electron/bin/linux/x64/ffprobe
[2026-01-20T16:24:58.736Z] Creating Window...
[2026-01-20T16:24:58.882Z] [APP PROTOCOL] Request: app://lorapok/index.html -> /home/maizied/Desktop/Personal_Projects/lorapok_player/lorapok-player/release/builds/linux/linux-unpacked/resources/app.asar/dist/index.html
[2026-01-20T16:24:58.990Z] [APP PROTOCOL] Request: app://lorapok/assets/index-CTYcFka6.js -> /home/maizied/Desktop/Personal_Projects/lorapok_player/lorapok-player/release/builds/linux/linux-unpacked/resources/app.asar/dist/assets/index-CTYcFka6.js
[2026-01-20T16:24:58.995Z] [APP PROTOCOL] Request: app://lorapok/assets/index-BShdH5d3.css -> /home/maizied/Desktop/Personal_Projects/lorapok_player/lorapok-player/release/builds/linux/linux-unpacked/resources/app.asar/dist/assets/index-BShdH5d3.css
[2026-01-20T16:24:59.166Z] Renderer Finished Load
[2026-01-20T16:24:59.166Z] Window Ready to Show
[2026-01-20T16:24:59.207Z] [RENDERER] App Component Mounted
[2026-01-20T16:24:59.207Z] Renderer reported READY
[2026-01-20T16:24:59.228Z] [RENDERER CONSOLE] L:1 Received protocol/CLI URL: lorapok:///home/maizied/Desktop/Personal_Projects/lorapok_player/test_media/sample_1080p.mp4 (app://lorapok/assets/index-CTYcFka6.js:227)
[2026-01-20T16:24:59.565Z] Deep Probe Error: Error: spawn ENOTDIR
[2026-01-20T16:24:59.565Z] 🧠 Universal Decode: .mp4 -> fMP4
[2026-01-20T16:24:59.571Z] FFmpeg Error: Cannot find ffmpeg
[2026-01-20T16:25:06.685Z] --- LORAPOK STARTUP ---
[2026-01-20T16:25:06.766Z] ⚠️ FFmpeg binary not found at static path, checking system path...
[2026-01-20T16:25:06.768Z] ✅ FFprobe Initialized: /home/maizied/Desktop/Personal_Projects/lorapok_player/lorapok-player/release/builds/linux/linux-unpacked/resources/app.asar/dist-electron/bin/linux/x64/ffprobe
[2026-01-20T16:25:06.777Z] Creating Window...
[2026-01-20T16:25:06.920Z] [APP PROTOCOL] Request: app://lorapok/index.html -> /home/maizied/Desktop/Personal_Projects/lorapok_player/lorapok-player/release/builds/linux/linux-unpacked/resources/app.asar/dist/index.html
[2026-01-20T16:25:07.033Z] [APP PROTOCOL] Request: app://lorapok/assets/index-CTYcFka6.js -> /home/maizied/Desktop/Personal_Projects/lorapok_player/lorapok-player/release/builds/linux/linux-unpacked/resources/app.asar/dist/assets/index-CTYcFka6.js
[2026-01-20T16:25:07.037Z] [APP PROTOCOL] Request: app://lorapok/assets/index-BShdH5d3.css -> /home/maizied/Desktop/Personal_Projects/lorapok_player/lorapok-player/release/builds/linux/linux-unpacked/resources/app.asar/dist/assets/index-BShdH5d3.css
[2026-01-20T16:25:07.207Z] Renderer Finished Load
[2026-01-20T16:25:07.207Z] Window Ready to Show
[2026-01-20T16:25:07.249Z] [RENDERER] App Component Mounted
[2026-01-20T16:25:07.249Z] Renderer reported READY
[2026-01-20T16:25:07.270Z] [RENDERER CONSOLE] L:1 Received protocol/CLI URL: lorapok:///home/maizied/Desktop/Personal_Projects/lorapok_player/test_media/sample.3gp (app://lorapok/assets/index-CTYcFka6.js:227)
[2026-01-20T16:25:07.554Z] 🧠 Universal Decode: .3gp -> fMP4
[2026-01-20T16:25:07.559Z] FFmpeg Error: Cannot find ffmpeg
[2026-01-20T16:25:14.727Z] --- LORAPOK STARTUP ---
[2026-01-20T16:25:14.820Z] ⚠️ FFmpeg binary not found at static path, checking system path...
[2026-01-20T16:25:14.822Z] ✅ FFprobe Initialized: /home/maizied/Desktop/Personal_Projects/lorapok_player/lorapok-player/release/builds/linux/linux-unpacked/resources/app.asar/dist-electron/bin/linux/x64/ffprobe
[2026-01-20T16:25:14.831Z] Creating Window...
[2026-01-20T16:25:14.976Z] [APP PROTOCOL] Request: app://lorapok/index.html -> /home/maizied/Desktop/Personal_Projects/lorapok_player/lorapok-player/release/builds/linux/linux-unpacked/resources/app.asar/dist/index.html
[2026-01-20T16:25:15.093Z] [APP PROTOCOL] Request: app://lorapok/assets/index-CTYcFka6.js -> /home/maizied/Desktop/Personal_Projects/lorapok_player/lorapok-player/release/builds/linux/linux-unpacked/resources/app.asar/dist/assets/index-CTYcFka6.js
[2026-01-20T16:25:15.097Z] [APP PROTOCOL] Request: app://lorapok/assets/index-BShdH5d3.css -> /home/maizied/Desktop/Personal_Projects/lorapok_player/lorapok-player/release/builds/linux/linux-unpacked/resources/app.asar/dist/assets/index-BShdH5d3.css
[2026-01-20T16:25:15.264Z] Renderer Finished Load
[2026-01-20T16:25:15.265Z] Window Ready to Show
[2026-01-20T16:25:15.307Z] [RENDERER] App Component Mounted
[2026-01-20T16:25:15.308Z] Renderer reported READY
[2026-01-20T16:25:15.328Z] [RENDERER CONSOLE] L:1 Received protocol/CLI URL: lorapok:///home/maizied/Desktop/Personal_Projects/lorapok_player/test_media/sample.aac (app://lorapok/assets/index-CTYcFka6.js:227)
[2026-01-20T16:25:15.680Z] [RENDERER CONSOLE] L:1 ⚠️ Native playback failed. Switching to Neural Decode... (app://lorapok/assets/index-CTYcFka6.js:227)
[2026-01-20T16:25:15.687Z] 🧠 Universal Decode: .aac -> fMP4
[2026-01-20T16:25:15.695Z] FFmpeg Error: Cannot find ffmpeg
[2026-01-20T16:25:22.818Z] --- LORAPOK STARTUP ---
[2026-01-20T16:25:22.916Z] ⚠️ FFmpeg binary not found at static path, checking system path...
[2026-01-20T16:25:22.918Z] ✅ FFprobe Initialized: /home/maizied/Desktop/Personal_Projects/lorapok_player/lorapok-player/release/builds/linux/linux-unpacked/resources/app.asar/dist-electron/bin/linux/x64/ffprobe
[2026-01-20T16:25:22.927Z] Creating Window...
[2026-01-20T16:25:23.082Z] [APP PROTOCOL] Request: app://lorapok/index.html -> /home/maizied/Desktop/Personal_Projects/lorapok_player/lorapok-player/release/builds/linux/linux-unpacked/resources/app.asar/dist/index.html
[2026-01-20T16:25:23.189Z] [APP PROTOCOL] Request: app://lorapok/assets/index-CTYcFka6.js -> /home/maizied/Desktop/Personal_Projects/lorapok_player/lorapok-player/release/builds/linux/linux-unpacked/resources/app.asar/dist/assets/index-CTYcFka6.js
[2026-01-20T16:25:23.193Z] [APP PROTOCOL] Request: app://lorapok/assets/index-BShdH5d3.css -> /home/maizied/Desktop/Personal_Projects/lorapok_player/lorapok-player/release/builds/linux/linux-unpacked/resources/app.asar/dist/assets/index-BShdH5d3.css
[2026-01-20T16:25:23.363Z] Renderer Finished Load
[2026-01-20T16:25:23.364Z] Window Ready to Show
[2026-01-20T16:25:23.409Z] [RENDERER] App Component Mounted
[2026-01-20T16:25:23.409Z] Renderer reported READY
[2026-01-20T16:25:23.430Z] [RENDERER CONSOLE] L:1 Received protocol/CLI URL: lorapok:///home/maizied/Desktop/Personal_Projects/lorapok_player/test_media/sample.avi (app://lorapok/assets/index-CTYcFka6.js:227)
[2026-01-20T16:25:23.751Z] 🧠 Universal Decode: .avi -> fMP4
[2026-01-20T16:25:23.757Z] FFmpeg Error: Cannot find ffmpeg
[2026-01-20T16:25:30.824Z] --- LORAPOK STARTUP ---
[2026-01-20T16:25:30.917Z] ⚠️ FFmpeg binary not found at static path, checking system path...
[2026-01-20T16:25:30.919Z] ✅ FFprobe Initialized: /home/maizied/Desktop/Personal_Projects/lorapok_player/lorapok-player/release/builds/linux/linux-unpacked/resources/app.asar/dist-electron/bin/linux/x64/ffprobe
[2026-01-20T16:25:30.928Z] Creating Window...
[2026-01-20T16:25:31.075Z] [APP PROTOCOL] Request: app://lorapok/index.html -> /home/maizied/Desktop/Personal_Projects/lorapok_player/lorapok-player/release/builds/linux/linux-unpacked/resources/app.asar/dist/index.html
[2026-01-20T16:25:31.186Z] [APP PROTOCOL] Request: app://lorapok/assets/index-CTYcFka6.js -> /home/maizied/Desktop/Personal_Projects/lorapok_player/lorapok-player/release/builds/linux/linux-unpacked/resources/app.asar/dist/assets/index-CTYcFka6.js
[2026-01-20T16:25:31.190Z] [APP PROTOCOL] Request: app://lorapok/assets/index-BShdH5d3.css -> /home/maizied/Desktop/Personal_Projects/lorapok_player/lorapok-player/release/builds/linux/linux-unpacked/resources/app.asar/dist/assets/index-BShdH5d3.css
[2026-01-20T16:25:31.365Z] Renderer Finished Load
[2026-01-20T16:25:31.365Z] Window Ready to Show
[2026-01-20T16:25:31.406Z] [RENDERER] App Component Mounted
[2026-01-20T16:25:31.406Z] Renderer reported READY
[2026-01-20T16:25:31.427Z] [RENDERER CONSOLE] L:1 Received protocol/CLI URL: lorapok:///home/maizied/Desktop/Personal_Projects/lorapok_player/test_media/sample.flac (app://lorapok/assets/index-CTYcFka6.js:227)
[2026-01-20T16:25:31.780Z] [RENDERER CONSOLE] L:1 ⚠️ Native playback failed. Switching to Neural Decode... (app://lorapok/assets/index-CTYcFka6.js:227)
[2026-01-20T16:25:31.793Z] 🧠 Universal Decode: .flac -> fMP4
[2026-01-20T16:25:31.798Z] FFmpeg Error: Cannot find ffmpeg
[2026-01-20T16:25:38.837Z] --- LORAPOK STARTUP ---
[2026-01-20T16:25:38.918Z] ⚠️ FFmpeg binary not found at static path, checking system path...
[2026-01-20T16:25:38.919Z] ✅ FFprobe Initialized: /home/maizied/Desktop/Personal_Projects/lorapok_player/lorapok-player/release/builds/linux/linux-unpacked/resources/app.asar/dist-electron/bin/linux/x64/ffprobe
[2026-01-20T16:25:38.929Z] Creating Window...
[2026-01-20T16:25:39.079Z] [APP PROTOCOL] Request: app://lorapok/index.html -> /home/maizied/Desktop/Personal_Projects/lorapok_player/lorapok-player/release/builds/linux/linux-unpacked/resources/app.asar/dist/index.html
[2026-01-20T16:25:39.188Z] [APP PROTOCOL] Request: app://lorapok/assets/index-CTYcFka6.js -> /home/maizied/Desktop/Personal_Projects/lorapok_player/lorapok-player/release/builds/linux/linux-unpacked/resources/app.asar/dist/assets/index-CTYcFka6.js
[2026-01-20T16:25:39.193Z] [APP PROTOCOL] Request: app://lorapok/assets/index-BShdH5d3.css -> /home/maizied/Desktop/Personal_Projects/lorapok_player/lorapok-player/release/builds/linux/linux-unpacked/resources/app.asar/dist/assets/index-BShdH5d3.css
[2026-01-20T16:25:39.358Z] Renderer Finished Load
[2026-01-20T16:25:39.359Z] Window Ready to Show
[2026-01-20T16:25:39.400Z] [RENDERER] App Component Mounted
[2026-01-20T16:25:39.400Z] Renderer reported READY
[2026-01-20T16:25:39.422Z] [RENDERER CONSOLE] L:1 Received protocol/CLI URL: lorapok:///home/maizied/Desktop/Personal_Projects/lorapok_player/test_media/sample.flv (app://lorapok/assets/index-CTYcFka6.js:227)
[2026-01-20T16:25:39.746Z] 🧠 Universal Decode: .flv -> fMP4
[2026-01-20T16:25:39.752Z] FFmpeg Error: Cannot find ffmpeg
[2026-01-20T16:25:46.875Z] --- LORAPOK STARTUP ---
[2026-01-20T16:25:46.958Z] ⚠️ FFmpeg binary not found at static path, checking system path...
[2026-01-20T16:25:46.960Z] ✅ FFprobe Initialized: /home/maizied/Desktop/Personal_Projects/lorapok_player/lorapok-player/release/builds/linux/linux-unpacked/resources/app.asar/dist-electron/bin/linux/x64/ffprobe
[2026-01-20T16:25:46.971Z] Creating Window...
[2026-01-20T16:25:47.118Z] [APP PROTOCOL] Request: app://lorapok/index.html -> /home/maizied/Desktop/Personal_Projects/lorapok_player/lorapok-player/release/builds/linux/linux-unpacked/resources/app.asar/dist/index.html
[2026-01-20T16:25:47.228Z] [APP PROTOCOL] Request: app://lorapok/assets/index-CTYcFka6.js -> /home/maizied/Desktop/Personal_Projects/lorapok_player/lorapok-player/release/builds/linux/linux-unpacked/resources/app.asar/dist/assets/index-CTYcFka6.js
[2026-01-20T16:25:47.232Z] [APP PROTOCOL] Request: app://lorapok/assets/index-BShdH5d3.css -> /home/maizied/Desktop/Personal_Projects/lorapok_player/lorapok-player/release/builds/linux/linux-unpacked/resources/app.asar/dist/assets/index-BShdH5d3.css
[2026-01-20T16:25:47.397Z] Renderer Finished Load
[2026-01-20T16:25:47.397Z] Window Ready to Show
[2026-01-20T16:25:47.438Z] [RENDERER] App Component Mounted
[2026-01-20T16:25:47.439Z] Renderer reported READY
[2026-01-20T16:25:47.459Z] [RENDERER CONSOLE] L:1 Received protocol/CLI URL: lorapok:///home/maizied/Desktop/Personal_Projects/lorapok_player/test_media/sample.m4a (app://lorapok/assets/index-CTYcFka6.js:227)
[2026-01-20T16:25:47.829Z] [RENDERER CONSOLE] L:1 ⚠️ Native playback failed. Switching to Neural Decode... (app://lorapok/assets/index-CTYcFka6.js:227)
[2026-01-20T16:25:47.840Z] 🧠 Universal Decode: .m4a -> fMP4
[2026-01-20T16:25:47.850Z] FFmpeg Error: Cannot find ffmpeg
[2026-01-20T16:25:54.893Z] --- LORAPOK STARTUP ---
[2026-01-20T16:25:54.974Z] ⚠️ FFmpeg binary not found at static path, checking system path...
[2026-01-20T16:25:54.975Z] ✅ FFprobe Initialized: /home/maizied/Desktop/Personal_Projects/lorapok_player/lorapok-player/release/builds/linux/linux-unpacked/resources/app.asar/dist-electron/bin/linux/x64/ffprobe
[2026-01-20T16:25:54.985Z] Creating Window...
[2026-01-20T16:25:55.130Z] [APP PROTOCOL] Request: app://lorapok/index.html -> /home/maizied/Desktop/Personal_Projects/lorapok_player/lorapok-player/release/builds/linux/linux-unpacked/resources/app.asar/dist/index.html
[2026-01-20T16:25:55.239Z] [APP PROTOCOL] Request: app://lorapok/assets/index-CTYcFka6.js -> /home/maizied/Desktop/Personal_Projects/lorapok_player/lorapok-player/release/builds/linux/linux-unpacked/resources/app.asar/dist/assets/index-CTYcFka6.js
[2026-01-20T16:25:55.243Z] [APP PROTOCOL] Request: app://lorapok/assets/index-BShdH5d3.css -> /home/maizied/Desktop/Personal_Projects/lorapok_player/lorapok-player/release/builds/linux/linux-unpacked/resources/app.asar/dist/assets/index-BShdH5d3.css
[2026-01-20T16:25:55.413Z] Renderer Finished Load
[2026-01-20T16:25:55.414Z] Window Ready to Show
[2026-01-20T16:25:55.456Z] [RENDERER] App Component Mounted
[2026-01-20T16:25:55.456Z] Renderer reported READY
[2026-01-20T16:25:55.477Z] [RENDERER CONSOLE] L:1 Received protocol/CLI URL: lorapok:///home/maizied/Desktop/Personal_Projects/lorapok_player/test_media/sample.m4v (app://lorapok/assets/index-CTYcFka6.js:227)
[2026-01-20T16:25:55.806Z] 🧠 Universal Decode: .m4v -> fMP4
[2026-01-20T16:25:55.816Z] FFmpeg Error: Cannot find ffmpeg
[2026-01-20T16:26:02.950Z] --- LORAPOK STARTUP ---
[2026-01-20T16:26:03.033Z] ⚠️ FFmpeg binary not found at static path, checking system path...
[2026-01-20T16:26:03.035Z] ✅ FFprobe Initialized: /home/maizied/Desktop/Personal_Projects/lorapok_player/lorapok-player/release/builds/linux/linux-unpacked/resources/app.asar/dist-electron/bin/linux/x64/ffprobe
[2026-01-20T16:26:03.046Z] Creating Window...
[2026-01-20T16:26:03.197Z] [APP PROTOCOL] Request: app://lorapok/index.html -> /home/maizied/Desktop/Personal_Projects/lorapok_player/lorapok-player/release/builds/linux/linux-unpacked/resources/app.asar/dist/index.html
[2026-01-20T16:26:03.304Z] [APP PROTOCOL] Request: app://lorapok/assets/index-CTYcFka6.js -> /home/maizied/Desktop/Personal_Projects/lorapok_player/lorapok-player/release/builds/linux/linux-unpacked/resources/app.asar/dist/assets/index-CTYcFka6.js
[2026-01-20T16:26:03.308Z] [APP PROTOCOL] Request: app://lorapok/assets/index-BShdH5d3.css -> /home/maizied/Desktop/Personal_Projects/lorapok_player/lorapok-player/release/builds/linux/linux-unpacked/resources/app.asar/dist/assets/index-BShdH5d3.css
[2026-01-20T16:26:03.471Z] Renderer Finished Load
[2026-01-20T16:26:03.472Z] Window Ready to Show
[2026-01-20T16:26:03.513Z] [RENDERER] App Component Mounted
[2026-01-20T16:26:03.514Z] Renderer reported READY
[2026-01-20T16:26:03.536Z] [RENDERER CONSOLE] L:1 Received protocol/CLI URL: lorapok:///home/maizied/Desktop/Personal_Projects/lorapok_player/test_media/sample.mkv (app://lorapok/assets/index-CTYcFka6.js:227)
[2026-01-20T16:26:03.867Z] 🧠 Universal Decode: .mkv -> fMP4
[2026-01-20T16:26:03.874Z] FFmpeg Error: Cannot find ffmpeg
[2026-01-20T16:26:11.014Z] --- LORAPOK STARTUP ---
[2026-01-20T16:26:11.122Z] ⚠️ FFmpeg binary not found at static path, checking system path...
[2026-01-20T16:26:11.124Z] ✅ FFprobe Initialized: /home/maizied/Desktop/Personal_Projects/lorapok_player/lorapok-player/release/builds/linux/linux-unpacked/resources/app.asar/dist-electron/bin/linux/x64/ffprobe
[2026-01-20T16:26:11.133Z] Creating Window...
[2026-01-20T16:26:11.281Z] [APP PROTOCOL] Request: app://lorapok/index.html -> /home/maizied/Desktop/Personal_Projects/lorapok_player/lorapok-player/release/builds/linux/linux-unpacked/resources/app.asar/dist/index.html
[2026-01-20T16:26:11.394Z] [APP PROTOCOL] Request: app://lorapok/assets/index-CTYcFka6.js -> /home/maizied/Desktop/Personal_Projects/lorapok_player/lorapok-player/release/builds/linux/linux-unpacked/resources/app.asar/dist/assets/index-CTYcFka6.js
[2026-01-20T16:26:11.399Z] [APP PROTOCOL] Request: app://lorapok/assets/index-BShdH5d3.css -> /home/maizied/Desktop/Personal_Projects/lorapok_player/lorapok-player/release/builds/linux/linux-unpacked/resources/app.asar/dist/assets/index-BShdH5d3.css
[2026-01-20T16:26:11.564Z] Renderer Finished Load
[2026-01-20T16:26:11.564Z] Window Ready to Show
[2026-01-20T16:26:11.606Z] [RENDERER] App Component Mounted
[2026-01-20T16:26:11.606Z] Renderer reported READY
[2026-01-20T16:26:11.628Z] [RENDERER CONSOLE] L:1 Received protocol/CLI URL: lorapok:///home/maizied/Desktop/Personal_Projects/lorapok_player/test_media/sample.mov (app://lorapok/assets/index-CTYcFka6.js:227)
[2026-01-20T16:26:11.957Z] 🧠 Universal Decode: .mov -> fMP4
[2026-01-20T16:26:11.965Z] FFmpeg Error: Cannot find ffmpeg
[2026-01-20T16:26:18.978Z] --- LORAPOK STARTUP ---
[2026-01-20T16:26:19.074Z] ⚠️ FFmpeg binary not found at static path, checking system path...
[2026-01-20T16:26:19.075Z] ✅ FFprobe Initialized: /home/maizied/Desktop/Personal_Projects/lorapok_player/lorapok-player/release/builds/linux/linux-unpacked/resources/app.asar/dist-electron/bin/linux/x64/ffprobe
[2026-01-20T16:26:19.086Z] Creating Window...
[2026-01-20T16:26:19.229Z] [APP PROTOCOL] Request: app://lorapok/index.html -> /home/maizied/Desktop/Personal_Projects/lorapok_player/lorapok-player/release/builds/linux/linux-unpacked/resources/app.asar/dist/index.html
[2026-01-20T16:26:19.339Z] [APP PROTOCOL] Request: app://lorapok/assets/index-CTYcFka6.js -> /home/maizied/Desktop/Personal_Projects/lorapok_player/lorapok-player/release/builds/linux/linux-unpacked/resources/app.asar/dist/assets/index-CTYcFka6.js
[2026-01-20T16:26:19.344Z] [APP PROTOCOL] Request: app://lorapok/assets/index-BShdH5d3.css -> /home/maizied/Desktop/Personal_Projects/lorapok_player/lorapok-player/release/builds/linux/linux-unpacked/resources/app.asar/dist/assets/index-BShdH5d3.css
[2026-01-20T16:26:19.511Z] Renderer Finished Load
[2026-01-20T16:26:19.512Z] Window Ready to Show
[2026-01-20T16:26:19.555Z] [RENDERER] App Component Mounted
[2026-01-20T16:26:19.555Z] Renderer reported READY
[2026-01-20T16:26:19.578Z] [RENDERER CONSOLE] L:1 Received protocol/CLI URL: lorapok:///home/maizied/Desktop/Personal_Projects/lorapok_player/test_media/sample.mp3 (app://lorapok/assets/index-CTYcFka6.js:227)
[2026-01-20T16:26:27.011Z] --- LORAPOK STARTUP ---
[2026-01-20T16:26:27.105Z] ⚠️ FFmpeg binary not found at static path, checking system path...
[2026-01-20T16:26:27.107Z] ✅ FFprobe Initialized: /home/maizied/Desktop/Personal_Projects/lorapok_player/lorapok-player/release/builds/linux/linux-unpacked/resources/app.asar/dist-electron/bin/linux/x64/ffprobe
[2026-01-20T16:26:27.117Z] Creating Window...
[2026-01-20T16:26:27.271Z] [APP PROTOCOL] Request: app://lorapok/index.html -> /home/maizied/Desktop/Personal_Projects/lorapok_player/lorapok-player/release/builds/linux/linux-unpacked/resources/app.asar/dist/index.html
[2026-01-20T16:26:27.381Z] [APP PROTOCOL] Request: app://lorapok/assets/index-CTYcFka6.js -> /home/maizied/Desktop/Personal_Projects/lorapok_player/lorapok-player/release/builds/linux/linux-unpacked/resources/app.asar/dist/assets/index-CTYcFka6.js
[2026-01-20T16:26:27.385Z] [APP PROTOCOL] Request: app://lorapok/assets/index-BShdH5d3.css -> /home/maizied/Desktop/Personal_Projects/lorapok_player/lorapok-player/release/builds/linux/linux-unpacked/resources/app.asar/dist/assets/index-BShdH5d3.css
[2026-01-20T16:26:27.554Z] Renderer Finished Load
[2026-01-20T16:26:27.555Z] Window Ready to Show
[2026-01-20T16:26:27.597Z] [RENDERER] App Component Mounted
[2026-01-20T16:26:27.597Z] Renderer reported READY
[2026-01-20T16:26:27.626Z] [RENDERER CONSOLE] L:1 Received protocol/CLI URL: lorapok:///home/maizied/Desktop/Personal_Projects/lorapok_player/test_media/sample.ogg (app://lorapok/assets/index-CTYcFka6.js:227)
[2026-01-20T16:26:35.093Z] --- LORAPOK STARTUP ---
[2026-01-20T16:26:35.174Z] ⚠️ FFmpeg binary not found at static path, checking system path...
[2026-01-20T16:26:35.175Z] ✅ FFprobe Initialized: /home/maizied/Desktop/Personal_Projects/lorapok_player/lorapok-player/release/builds/linux/linux-unpacked/resources/app.asar/dist-electron/bin/linux/x64/ffprobe
[2026-01-20T16:26:35.185Z] Creating Window...
[2026-01-20T16:26:35.330Z] [APP PROTOCOL] Request: app://lorapok/index.html -> /home/maizied/Desktop/Personal_Projects/lorapok_player/lorapok-player/release/builds/linux/linux-unpacked/resources/app.asar/dist/index.html
[2026-01-20T16:26:35.438Z] [APP PROTOCOL] Request: app://lorapok/assets/index-CTYcFka6.js -> /home/maizied/Desktop/Personal_Projects/lorapok_player/lorapok-player/release/builds/linux/linux-unpacked/resources/app.asar/dist/assets/index-CTYcFka6.js
[2026-01-20T16:26:35.442Z] [APP PROTOCOL] Request: app://lorapok/assets/index-BShdH5d3.css -> /home/maizied/Desktop/Personal_Projects/lorapok_player/lorapok-player/release/builds/linux/linux-unpacked/resources/app.asar/dist/assets/index-BShdH5d3.css
[2026-01-20T16:26:35.614Z] Renderer Finished Load
[2026-01-20T16:26:35.614Z] Window Ready to Show
[2026-01-20T16:26:35.656Z] [RENDERER] App Component Mounted
[2026-01-20T16:26:35.656Z] Renderer reported READY
[2026-01-20T16:26:35.678Z] [RENDERER CONSOLE] L:1 Received protocol/CLI URL: lorapok:///home/maizied/Desktop/Personal_Projects/lorapok_player/test_media/sample_rmvb.rmvb (app://lorapok/assets/index-CTYcFka6.js:227)
[2026-01-20T16:26:35.963Z] 🧠 Universal Decode: .rmvb -> fMP4
[2026-01-20T16:26:35.970Z] FFmpeg Error: Cannot find ffmpeg
[2026-01-20T16:26:43.101Z] --- LORAPOK STARTUP ---
[2026-01-20T16:26:43.201Z] ⚠️ FFmpeg binary not found at static path, checking system path...
[2026-01-20T16:26:43.202Z] ✅ FFprobe Initialized: /home/maizied/Desktop/Personal_Projects/lorapok_player/lorapok-player/release/builds/linux/linux-unpacked/resources/app.asar/dist-electron/bin/linux/x64/ffprobe
[2026-01-20T16:26:43.212Z] Creating Window...
[2026-01-20T16:26:43.354Z] [APP PROTOCOL] Request: app://lorapok/index.html -> /home/maizied/Desktop/Personal_Projects/lorapok_player/lorapok-player/release/builds/linux/linux-unpacked/resources/app.asar/dist/index.html
[2026-01-20T16:26:43.461Z] [APP PROTOCOL] Request: app://lorapok/assets/index-CTYcFka6.js -> /home/maizied/Desktop/Personal_Projects/lorapok_player/lorapok-player/release/builds/linux/linux-unpacked/resources/app.asar/dist/assets/index-CTYcFka6.js
[2026-01-20T16:26:43.465Z] [APP PROTOCOL] Request: app://lorapok/assets/index-BShdH5d3.css -> /home/maizied/Desktop/Personal_Projects/lorapok_player/lorapok-player/release/builds/linux/linux-unpacked/resources/app.asar/dist/assets/index-BShdH5d3.css
[2026-01-20T16:26:43.642Z] Renderer Finished Load
[2026-01-20T16:26:43.643Z] Window Ready to Show
[2026-01-20T16:26:43.685Z] [RENDERER] App Component Mounted
[2026-01-20T16:26:43.685Z] Renderer reported READY
[2026-01-20T16:26:43.706Z] [RENDERER CONSOLE] L:1 Received protocol/CLI URL: lorapok:///home/maizied/Desktop/Personal_Projects/lorapok_player/test_media/sample.webm (app://lorapok/assets/index-CTYcFka6.js:227)
[2026-01-20T16:26:51.102Z] --- LORAPOK STARTUP ---
[2026-01-20T16:26:51.192Z] ⚠️ FFmpeg binary not found at static path, checking system path...
[2026-01-20T16:26:51.193Z] ✅ FFprobe Initialized: /home/maizied/Desktop/Personal_Projects/lorapok_player/lorapok-player/release/builds/linux/linux-unpacked/resources/app.asar/dist-electron/bin/linux/x64/ffprobe
[2026-01-20T16:26:51.203Z] Creating Window...
[2026-01-20T16:26:51.348Z] [APP PROTOCOL] Request: app://lorapok/index.html -> /home/maizied/Desktop/Personal_Projects/lorapok_player/lorapok-player/release/builds/linux/linux-unpacked/resources/app.asar/dist/index.html
[2026-01-20T16:26:51.460Z] [APP PROTOCOL] Request: app://lorapok/assets/index-CTYcFka6.js -> /home/maizied/Desktop/Personal_Projects/lorapok_player/lorapok-player/release/builds/linux/linux-unpacked/resources/app.asar/dist/assets/index-CTYcFka6.js
[2026-01-20T16:26:51.464Z] [APP PROTOCOL] Request: app://lorapok/assets/index-BShdH5d3.css -> /home/maizied/Desktop/Personal_Projects/lorapok_player/lorapok-player/release/builds/linux/linux-unpacked/resources/app.asar/dist/assets/index-BShdH5d3.css
[2026-01-20T16:26:51.639Z] Renderer Finished Load
[2026-01-20T16:26:51.639Z] Window Ready to Show
[2026-01-20T16:26:51.681Z] [RENDERER] App Component Mounted
[2026-01-20T16:26:51.681Z] Renderer reported READY
[2026-01-20T16:26:51.705Z] [RENDERER CONSOLE] L:1 Received protocol/CLI URL: lorapok:///home/maizied/Desktop/Personal_Projects/lorapok_player/test_media/sample.wmv (app://lorapok/assets/index-CTYcFka6.js:227)
[2026-01-20T16:26:52.035Z] 🧠 Universal Decode: .wmv -> fMP4
[2026-01-20T16:26:52.041Z] FFmpeg Error: Cannot find ffmpeg
[2026-08-11T03:25:36.965Z] --- LORAPOK STARTUP ---
[2026-08-11T03:25:37.620Z] ⚠️ FFmpeg binary not found at static path, checking system path...
[2026-08-11T03:25:37.629Z] ✅ FFprobe Initialized: /mnt/NewVolume/Personal_Projects/lorapok_player/lorapok-player/release/builds/linux/linux-unpacked/resources/app.asar/dist-electron/bin/linux/x64/ffprobe
[2026-08-11T03:25:37.721Z] Creating Window...
[2026-08-11T03:25:38.696Z] [APP PROTOCOL] Request: app://lorapok/index.html -> /mnt/NewVolume/Personal_Projects/lorapok_player/lorapok-player/release/builds/linux/linux-unpacked/resources/app.asar/dist/index.html
[2026-08-11T03:25:39.282Z] [APP PROTOCOL] Request: app://lorapok/assets/index-CdSzAV6o.js -> /mnt/NewVolume/Personal_Projects/lorapok_player/lorapok-player/release/builds/linux/linux-unpacked/resources/app.asar/dist/assets/index-CdSzAV6o.js
[2026-08-11T03:25:39.307Z] [APP PROTOCOL] Request: app://lorapok/assets/index-CcW-TewB.css -> /mnt/NewVolume/Personal_Projects/lorapok_player/lorapok-player/release/builds/linux/linux-unpacked/resources/app.asar/dist/assets/index-CcW-TewB.css
[2026-08-11T03:25:40.177Z] 🚨 Process Gone: Utility (killed)
[2026-08-11T03:25:40.189Z] 🚨 Process Gone: GPU (killed)
[2026-08-11T03:25:42.796Z] --- LORAPOK STARTUP ---
[2026-08-11T03:25:43.263Z] ⚠️ FFmpeg binary not found at static path, checking system path...
[2026-08-11T03:25:43.271Z] ✅ FFprobe Initialized: /mnt/NewVolume/Personal_Projects/lorapok_player/lorapok-player/release/builds/linux/linux-unpacked/resources/app.asar/dist-electron/bin/linux/x64/ffprobe
[2026-08-11T03:25:43.344Z] Creating Window...
[2026-08-11T03:25:44.165Z] [APP PROTOCOL] Request: app://lorapok/index.html -> /mnt/NewVolume/Personal_Projects/lorapok_player/lorapok-player/release/builds/linux/linux-unpacked/resources/app.asar/dist/index.html
[2026-08-11T03:25:44.751Z] [APP PROTOCOL] Request: app://lorapok/assets/index-CdSzAV6o.js -> /mnt/NewVolume/Personal_Projects/lorapok_player/lorapok-player/release/builds/linux/linux-unpacked/resources/app.asar/dist/assets/index-CdSzAV6o.js
[2026-08-11T03:25:44.780Z] [APP PROTOCOL] Request: app://lorapok/assets/index-CcW-TewB.css -> /mnt/NewVolume/Personal_Projects/lorapok_player/lorapok-player/release/builds/linux/linux-unpacked/resources/app.asar/dist/assets/index-CcW-TewB.css
[2026-08-11T03:25:45.882Z] Renderer Finished Load
[2026-08-11T03:25:45.897Z] Window Ready to Show
[2026-08-11T03:25:46.393Z] [RENDERER] App Component Mounted
[2026-08-11T03:25:46.399Z] Renderer reported READY
[2026-08-11T03:25:46.507Z] [RENDERER CONSOLE] L:1 Received protocol/CLI URL: lorapok:///mnt/NewVolume/Personal_Projects/lorapok_player/test_media/long_sample.mp4 (app://lorapok/assets/index-CdSzAV6o.js:237)
[2026-08-11T03:25:46.533Z] [PATH DECODE] Input: /mnt/NewVolume/Personal_Projects/lorapok_player/test_media/long_sample.mp4
[2026-08-11T03:25:46.606Z] [PATH DECODE] Input: /mnt/NewVolume/Personal_Projects/lorapok_player/test_media/long_sample.mp4
[2026-08-11T03:25:46.635Z] [RENDERER CONSOLE] L:3 LORAPOK_UI_ERROR: Error: Error invoking remote method 'get-media-tracks': Error: spawn ENOTDIR (app://lorapok/assets/index-CdSzAV6o.js:237)
[2026-08-11T03:25:46.637Z] [RENDERER] RENDERER_ERROR: Error invoking remote method 'get-media-tracks': Error: spawn ENOTDIR 
[2026-08-11T03:25:46.639Z] [RENDERER CONSOLE] L:3 Uncaught (in promise) Error: Error invoking remote method 'get-media-tracks': Error: spawn ENOTDIR (app://lorapok/index.html:0)
[2026-08-11T03:25:46.641Z] [RENDERER CONSOLE] L:3 LORAPOK_UI_ERROR: Error: Error invoking remote method 'get-video-duration': Error: spawn ENOTDIR (app://lorapok/assets/index-CdSzAV6o.js:237)
[2026-08-11T03:25:46.642Z] [RENDERER] RENDERER_ERROR: Error invoking remote method 'get-video-duration': Error: spawn ENOTDIR 
[2026-08-11T03:25:46.645Z] [RENDERER CONSOLE] L:3 Uncaught (in promise) Error: Error invoking remote method 'get-video-duration': Error: spawn ENOTDIR (app://lorapok/index.html:0)
[2026-08-11T03:25:50.928Z] --- LORAPOK STARTUP ---
[2026-08-11T03:25:51.485Z] ⚠️ FFmpeg binary not found at static path, checking system path...
[2026-08-11T03:25:51.495Z] ✅ FFprobe Initialized: /mnt/NewVolume/Personal_Projects/lorapok_player/lorapok-player/release/builds/linux/linux-unpacked/resources/app.asar/dist-electron/bin/linux/x64/ffprobe
[2026-08-11T03:25:51.562Z] Creating Window...
[2026-08-11T03:25:52.435Z] [APP PROTOCOL] Request: app://lorapok/index.html -> /mnt/NewVolume/Personal_Projects/lorapok_player/lorapok-player/release/builds/linux/linux-unpacked/resources/app.asar/dist/index.html
[2026-08-11T03:25:53.380Z] [APP PROTOCOL] Request: app://lorapok/assets/index-CdSzAV6o.js -> /mnt/NewVolume/Personal_Projects/lorapok_player/lorapok-player/release/builds/linux/linux-unpacked/resources/app.asar/dist/assets/index-CdSzAV6o.js
[2026-08-11T03:25:53.415Z] [APP PROTOCOL] Request: app://lorapok/assets/index-CcW-TewB.css -> /mnt/NewVolume/Personal_Projects/lorapok_player/lorapok-player/release/builds/linux/linux-unpacked/resources/app.asar/dist/assets/index-CcW-TewB.css
[2026-08-11T03:25:54.602Z] Renderer Finished Load
[2026-08-11T03:25:54.610Z] Window Ready to Show
[2026-08-11T03:25:54.917Z] [RENDERER] App Component Mounted
[2026-08-11T03:25:54.919Z] Renderer reported READY
[2026-08-11T03:25:55.045Z] [RENDERER CONSOLE] L:1 Received protocol/CLI URL: lorapok:///mnt/NewVolume/Personal_Projects/lorapok_player/test_media/PXL_20240713_091018599.mp4 (app://lorapok/assets/index-CdSzAV6o.js:237)
[2026-08-11T03:25:55.080Z] [PATH DECODE] Input: /mnt/NewVolume/Personal_Projects/lorapok_player/test_media/PXL_20240713_091018599.mp4
[2026-08-11T03:25:55.149Z] [PATH DECODE] Input: /mnt/NewVolume/Personal_Projects/lorapok_player/test_media/PXL_20240713_091018599.mp4
[2026-08-11T03:25:55.166Z] [RENDERER CONSOLE] L:3 LORAPOK_UI_ERROR: Error: Error invoking remote method 'get-media-tracks': Error: spawn ENOTDIR (app://lorapok/assets/index-CdSzAV6o.js:237)
[2026-08-11T03:25:55.167Z] [RENDERER] RENDERER_ERROR: Error invoking remote method 'get-media-tracks': Error: spawn ENOTDIR 
[2026-08-11T03:25:55.169Z] [RENDERER CONSOLE] L:3 Uncaught (in promise) Error: Error invoking remote method 'get-media-tracks': Error: spawn ENOTDIR (app://lorapok/index.html:0)
[2026-08-11T03:25:55.170Z] [RENDERER CONSOLE] L:3 LORAPOK_UI_ERROR: Error: Error invoking remote method 'get-video-duration': Error: spawn ENOTDIR (app://lorapok/assets/index-CdSzAV6o.js:237)
[2026-08-11T03:25:55.171Z] [RENDERER] RENDERER_ERROR: Error invoking remote method 'get-video-duration': Error: spawn ENOTDIR 
[2026-08-11T03:25:55.171Z] [RENDERER CONSOLE] L:3 Uncaught (in promise) Error: Error invoking remote method 'get-video-duration': Error: spawn ENOTDIR (app://lorapok/index.html:0)
[2026-08-11T03:25:55.993Z] 🚨 Process Gone: Utility (killed)
[2026-08-11T03:25:56.011Z] 🚨 Process Gone: GPU (killed)
[2026-08-11T03:25:58.812Z] --- LORAPOK STARTUP ---
[2026-08-11T03:25:59.221Z] ⚠️ FFmpeg binary not found at static path, checking system path...
[2026-08-11T03:25:59.227Z] ✅ FFprobe Initialized: /mnt/NewVolume/Personal_Projects/lorapok_player/lorapok-player/release/builds/linux/linux-unpacked/resources/app.asar/dist-electron/bin/linux/x64/ffprobe
[2026-08-11T03:25:59.272Z] Creating Window...
[2026-08-11T03:26:00.181Z] [APP PROTOCOL] Request: app://lorapok/index.html -> /mnt/NewVolume/Personal_Projects/lorapok_player/lorapok-player/release/builds/linux/linux-unpacked/resources/app.asar/dist/index.html
[2026-08-11T03:26:00.759Z] [APP PROTOCOL] Request: app://lorapok/assets/index-CdSzAV6o.js -> /mnt/NewVolume/Personal_Projects/lorapok_player/lorapok-player/release/builds/linux/linux-unpacked/resources/app.asar/dist/assets/index-CdSzAV6o.js
[2026-08-11T03:26:00.771Z] [APP PROTOCOL] Request: app://lorapok/assets/index-CcW-TewB.css -> /mnt/NewVolume/Personal_Projects/lorapok_player/lorapok-player/release/builds/linux/linux-unpacked/resources/app.asar/dist/assets/index-CcW-TewB.css
[2026-08-11T03:26:01.435Z] Renderer Finished Load
[2026-08-11T03:26:01.438Z] Window Ready to Show
[2026-08-11T03:26:01.597Z] [RENDERER] App Component Mounted
[2026-08-11T03:26:01.601Z] Renderer reported READY
[2026-08-11T03:26:01.717Z] [RENDERER CONSOLE] L:1 Received protocol/CLI URL: lorapok:///mnt/NewVolume/Personal_Projects/lorapok_player/test_media/PXL_20240713_095454016.mp4 (app://lorapok/assets/index-CdSzAV6o.js:237)
[2026-08-11T03:26:01.742Z] [PATH DECODE] Input: /mnt/NewVolume/Personal_Projects/lorapok_player/test_media/PXL_20240713_095454016.mp4
[2026-08-11T03:26:01.786Z] [PATH DECODE] Input: /mnt/NewVolume/Personal_Projects/lorapok_player/test_media/PXL_20240713_095454016.mp4
[2026-08-11T03:26:01.810Z] [RENDERER CONSOLE] L:3 LORAPOK_UI_ERROR: Error: Error invoking remote method 'get-media-tracks': Error: spawn ENOTDIR (app://lorapok/assets/index-CdSzAV6o.js:237)
[2026-08-11T03:26:01.811Z] [RENDERER] RENDERER_ERROR: Error invoking remote method 'get-media-tracks': Error: spawn ENOTDIR 
[2026-08-11T03:26:01.812Z] [RENDERER CONSOLE] L:3 Uncaught (in promise) Error: Error invoking remote method 'get-media-tracks': Error: spawn ENOTDIR (app://lorapok/index.html:0)
[2026-08-11T03:26:01.827Z] [RENDERER CONSOLE] L:3 LORAPOK_UI_ERROR: Error: Error invoking remote method 'get-video-duration': Error: spawn ENOTDIR (app://lorapok/assets/index-CdSzAV6o.js:237)
[2026-08-11T03:26:01.829Z] [RENDERER] RENDERER_ERROR: Error invoking remote method 'get-video-duration': Error: spawn ENOTDIR 
[2026-08-11T03:26:01.831Z] [RENDERER CONSOLE] L:3 Uncaught (in promise) Error: Error invoking remote method 'get-video-duration': Error: spawn ENOTDIR (app://lorapok/index.html:0)
[2026-08-11T03:26:02.321Z] [MEDIA DEBUG] Raw URL: media:///mnt/NewVolume/Personal_Projects/lorapok_player/test_media/PXL_20240713_095454016.mp4
[2026-08-11T03:26:02.323Z] [PATH DECODE] Input: media:///mnt/NewVolume/Personal_Projects/lorapok_player/test_media/PXL_20240713_095454016.mp4
[2026-08-11T03:26:02.351Z] Deep Probe Error: Error: spawn ENOTDIR
[2026-08-11T03:26:02.351Z] 🧠 Universal Decode: .mp4 -> fMP4
[2026-08-11T03:26:02.384Z] FFmpeg Error: Cannot find ffmpeg
[2026-08-11T03:26:04.778Z] 🚨 Process Gone: Utility (killed)
[2026-08-11T03:26:04.831Z] 🚨 Process Gone: GPU (killed)
[2026-08-11T03:26:08.322Z] --- LORAPOK STARTUP ---
[2026-08-11T03:26:08.801Z] ⚠️ FFmpeg binary not found at static path, checking system path...
[2026-08-11T03:26:08.809Z] ✅ FFprobe Initialized: /mnt/NewVolume/Personal_Projects/lorapok_player/lorapok-player/release/builds/linux/linux-unpacked/resources/app.asar/dist-electron/bin/linux/x64/ffprobe
[2026-08-11T03:26:08.858Z] Creating Window...
[2026-08-11T03:26:09.490Z] [APP PROTOCOL] Request: app://lorapok/index.html -> /mnt/NewVolume/Personal_Projects/lorapok_player/lorapok-player/release/builds/linux/linux-unpacked/resources/app.asar/dist/index.html
[2026-08-11T03:26:09.981Z] [APP PROTOCOL] Request: app://lorapok/assets/index-CdSzAV6o.js -> /mnt/NewVolume/Personal_Projects/lorapok_player/lorapok-player/release/builds/linux/linux-unpacked/resources/app.asar/dist/assets/index-CdSzAV6o.js
[2026-08-11T03:26:10.002Z] [APP PROTOCOL] Request: app://lorapok/assets/index-CcW-TewB.css -> /mnt/NewVolume/Personal_Projects/lorapok_player/lorapok-player/release/builds/linux/linux-unpacked/resources/app.asar/dist/assets/index-CcW-TewB.css
[2026-08-11T03:26:10.698Z] Renderer Finished Load
[2026-08-11T03:26:10.702Z] Window Ready to Show
[2026-08-11T03:26:10.916Z] [RENDERER] App Component Mounted
[2026-08-11T03:26:10.922Z] Renderer reported READY
[2026-08-11T03:26:11.100Z] [RENDERER CONSOLE] L:1 Received protocol/CLI URL: lorapok:///mnt/NewVolume/Personal_Projects/lorapok_player/test_media/sample_1080p.mp4 (app://lorapok/assets/index-CdSzAV6o.js:237)
[2026-08-11T03:26:11.153Z] [PATH DECODE] Input: /mnt/NewVolume/Personal_Projects/lorapok_player/test_media/sample_1080p.mp4
[2026-08-11T03:26:11.206Z] [PATH DECODE] Input: /mnt/NewVolume/Personal_Projects/lorapok_player/test_media/sample_1080p.mp4
[2026-08-11T03:26:11.225Z] [RENDERER CONSOLE] L:3 LORAPOK_UI_ERROR: Error: Error invoking remote method 'get-media-tracks': Error: spawn ENOTDIR (app://lorapok/assets/index-CdSzAV6o.js:237)
[2026-08-11T03:26:11.226Z] [RENDERER] RENDERER_ERROR: Error invoking remote method 'get-media-tracks': Error: spawn ENOTDIR 
[2026-08-11T03:26:11.228Z] [RENDERER CONSOLE] L:3 Uncaught (in promise) Error: Error invoking remote method 'get-media-tracks': Error: spawn ENOTDIR (app://lorapok/index.html:0)
[2026-08-11T03:26:11.229Z] [RENDERER CONSOLE] L:3 LORAPOK_UI_ERROR: Error: Error invoking remote method 'get-video-duration': Error: spawn ENOTDIR (app://lorapok/assets/index-CdSzAV6o.js:237)
[2026-08-11T03:26:11.230Z] [RENDERER] RENDERER_ERROR: Error invoking remote method 'get-video-duration': Error: spawn ENOTDIR 
[2026-08-11T03:26:11.231Z] [RENDERER CONSOLE] L:3 Uncaught (in promise) Error: Error invoking remote method 'get-video-duration': Error: spawn ENOTDIR (app://lorapok/index.html:0)
[2026-08-11T03:26:11.485Z] [MEDIA DEBUG] Raw URL: media:///mnt/NewVolume/Personal_Projects/lorapok_player/test_media/sample_1080p.mp4
[2026-08-11T03:26:11.493Z] [PATH DECODE] Input: media:///mnt/NewVolume/Personal_Projects/lorapok_player/test_media/sample_1080p.mp4
[2026-08-11T03:26:11.516Z] Deep Probe Error: Error: spawn ENOTDIR
[2026-08-11T03:26:11.518Z] 🧠 Universal Decode: .mp4 -> fMP4
[2026-08-11T03:26:11.565Z] FFmpeg Error: Cannot find ffmpeg
[2026-08-11T03:26:16.050Z] --- LORAPOK STARTUP ---
[2026-08-11T03:26:16.411Z] ⚠️ FFmpeg binary not found at static path, checking system path...
[2026-08-11T03:26:16.425Z] ✅ FFprobe Initialized: /mnt/NewVolume/Personal_Projects/lorapok_player/lorapok-player/release/builds/linux/linux-unpacked/resources/app.asar/dist-electron/bin/linux/x64/ffprobe
[2026-08-11T03:26:16.489Z] Creating Window...
[2026-08-11T03:26:17.167Z] [APP PROTOCOL] Request: app://lorapok/index.html -> /mnt/NewVolume/Personal_Projects/lorapok_player/lorapok-player/release/builds/linux/linux-unpacked/resources/app.asar/dist/index.html
[2026-08-11T03:26:17.645Z] [APP PROTOCOL] Request: app://lorapok/assets/index-CdSzAV6o.js -> /mnt/NewVolume/Personal_Projects/lorapok_player/lorapok-player/release/builds/linux/linux-unpacked/resources/app.asar/dist/assets/index-CdSzAV6o.js
[2026-08-11T03:26:17.661Z] [APP PROTOCOL] Request: app://lorapok/assets/index-CcW-TewB.css -> /mnt/NewVolume/Personal_Projects/lorapok_player/lorapok-player/release/builds/linux/linux-unpacked/resources/app.asar/dist/assets/index-CcW-TewB.css
[2026-08-11T03:26:18.307Z] Renderer Finished Load
[2026-08-11T03:26:18.310Z] Window Ready to Show
[2026-08-11T03:26:18.603Z] [RENDERER] App Component Mounted
[2026-08-11T03:26:18.610Z] Renderer reported READY
[2026-08-11T03:26:18.865Z] [RENDERER CONSOLE] L:1 Received protocol/CLI URL: lorapok:///mnt/NewVolume/Personal_Projects/lorapok_player/test_media/sample.3gp (app://lorapok/assets/index-CdSzAV6o.js:237)
[2026-08-11T03:26:18.889Z] [PATH DECODE] Input: /mnt/NewVolume/Personal_Projects/lorapok_player/test_media/sample.3gp
[2026-08-11T03:26:18.935Z] [PATH DECODE] Input: /mnt/NewVolume/Personal_Projects/lorapok_player/test_media/sample.3gp
[2026-08-11T03:26:18.954Z] [RENDERER CONSOLE] L:3 LORAPOK_UI_ERROR: Error: Error invoking remote method 'get-media-tracks': Error: spawn ENOTDIR (app://lorapok/assets/index-CdSzAV6o.js:237)
[2026-08-11T03:26:18.955Z] [RENDERER] RENDERER_ERROR: Error invoking remote method 'get-media-tracks': Error: spawn ENOTDIR 
[2026-08-11T03:26:18.956Z] [RENDERER CONSOLE] L:3 Uncaught (in promise) Error: Error invoking remote method 'get-media-tracks': Error: spawn ENOTDIR (app://lorapok/index.html:0)
[2026-08-11T03:26:18.957Z] [RENDERER CONSOLE] L:3 LORAPOK_UI_ERROR: Error: Error invoking remote method 'get-video-duration': Error: spawn ENOTDIR (app://lorapok/assets/index-CdSzAV6o.js:237)
[2026-08-11T03:26:18.958Z] [RENDERER] RENDERER_ERROR: Error invoking remote method 'get-video-duration': Error: spawn ENOTDIR 
[2026-08-11T03:26:18.959Z] [RENDERER CONSOLE] L:3 Uncaught (in promise) Error: Error invoking remote method 'get-video-duration': Error: spawn ENOTDIR (app://lorapok/index.html:0)
[2026-08-11T03:26:19.505Z] [MEDIA DEBUG] Raw URL: media:///mnt/NewVolume/Personal_Projects/lorapok_player/test_media/sample.3gp
[2026-08-11T03:26:19.511Z] [PATH DECODE] Input: media:///mnt/NewVolume/Personal_Projects/lorapok_player/test_media/sample.3gp
[2026-08-11T03:26:19.518Z] 🧠 Universal Decode: .3gp -> fMP4
[2026-08-11T03:26:19.577Z] FFmpeg Error: Cannot find ffmpeg
[2026-08-11T03:26:21.600Z] 🚨 Process Gone: Utility (killed)
[2026-08-11T03:26:21.611Z] 🚨 Process Gone: GPU (killed)
[2026-08-11T03:26:24.262Z] --- LORAPOK STARTUP ---
[2026-08-11T03:26:24.812Z] ⚠️ FFmpeg binary not found at static path, checking system path...
[2026-08-11T03:26:24.833Z] ✅ FFprobe Initialized: /mnt/NewVolume/Personal_Projects/lorapok_player/lorapok-player/release/builds/linux/linux-unpacked/resources/app.asar/dist-electron/bin/linux/x64/ffprobe
[2026-08-11T03:26:24.887Z] Creating Window...
[2026-08-11T03:26:25.560Z] [APP PROTOCOL] Request: app://lorapok/index.html -> /mnt/NewVolume/Personal_Projects/lorapok_player/lorapok-player/release/builds/linux/linux-unpacked/resources/app.asar/dist/index.html
[2026-08-11T03:26:26.128Z] [APP PROTOCOL] Request: app://lorapok/assets/index-CdSzAV6o.js -> /mnt/NewVolume/Personal_Projects/lorapok_player/lorapok-player/release/builds/linux/linux-unpacked/resources/app.asar/dist/assets/index-CdSzAV6o.js
[2026-08-11T03:26:26.143Z] [APP PROTOCOL] Request: app://lorapok/assets/index-CcW-TewB.css -> /mnt/NewVolume/Personal_Projects/lorapok_player/lorapok-player/release/builds/linux/linux-unpacked/resources/app.asar/dist/assets/index-CcW-TewB.css
[2026-08-11T03:26:26.826Z] Renderer Finished Load
[2026-08-11T03:26:26.828Z] Window Ready to Show
[2026-08-11T03:26:27.087Z] [RENDERER] App Component Mounted
[2026-08-11T03:26:27.090Z] Renderer reported READY
[2026-08-11T03:26:27.197Z] [RENDERER CONSOLE] L:1 Received protocol/CLI URL: lorapok:///mnt/NewVolume/Personal_Projects/lorapok_player/test_media/sample.aac (app://lorapok/assets/index-CdSzAV6o.js:237)
[2026-08-11T03:26:27.216Z] [PATH DECODE] Input: /mnt/NewVolume/Personal_Projects/lorapok_player/test_media/sample.aac
[2026-08-11T03:26:27.281Z] [PATH DECODE] Input: /mnt/NewVolume/Personal_Projects/lorapok_player/test_media/sample.aac
[2026-08-11T03:26:27.325Z] [RENDERER CONSOLE] L:3 LORAPOK_UI_ERROR: Error: Error invoking remote method 'get-media-tracks': Error: spawn ENOTDIR (app://lorapok/assets/index-CdSzAV6o.js:237)
[2026-08-11T03:26:27.328Z] [RENDERER] RENDERER_ERROR: Error invoking remote method 'get-media-tracks': Error: spawn ENOTDIR 
[2026-08-11T03:26:27.329Z] [RENDERER CONSOLE] L:3 Uncaught (in promise) Error: Error invoking remote method 'get-media-tracks': Error: spawn ENOTDIR (app://lorapok/index.html:0)
[2026-08-11T03:26:27.330Z] [RENDERER CONSOLE] L:3 LORAPOK_UI_ERROR: Error: Error invoking remote method 'get-video-duration': Error: spawn ENOTDIR (app://lorapok/assets/index-CdSzAV6o.js:237)
[2026-08-11T03:26:27.333Z] [RENDERER] RENDERER_ERROR: Error invoking remote method 'get-video-duration': Error: spawn ENOTDIR 
[2026-08-11T03:26:27.336Z] [RENDERER CONSOLE] L:3 Uncaught (in promise) Error: Error invoking remote method 'get-video-duration': Error: spawn ENOTDIR (app://lorapok/index.html:0)
[2026-08-11T03:26:27.597Z] [MEDIA DEBUG] Raw URL: media:///mnt/NewVolume/Personal_Projects/lorapok_player/test_media/sample.aac
[2026-08-11T03:26:27.599Z] [PATH DECODE] Input: media:///mnt/NewVolume/Personal_Projects/lorapok_player/test_media/sample.aac
[2026-08-11T03:26:27.676Z] [RENDERER CONSOLE] L:1 ⚠️ Native playback failed. Switching to Neural Decode... (app://lorapok/assets/index-CdSzAV6o.js:237)
[2026-08-11T03:26:27.747Z] [PATH DECODE] Input: /mnt/NewVolume/Personal_Projects/lorapok_player/test_media/sample.aac?transcode=true
[2026-08-11T03:26:27.776Z] [MEDIA DEBUG] Raw URL: media:///mnt/NewVolume/Personal_Projects/lorapok_player/test_media/sample.aac?transcode=true
[2026-08-11T03:26:27.778Z] [PATH DECODE] Input: media:///mnt/NewVolume/Personal_Projects/lorapok_player/test_media/sample.aac?transcode=true
[2026-08-11T03:26:27.780Z] 🧠 Universal Decode: .aac -> fMP4
[2026-08-11T03:26:27.796Z] [RENDERER CONSOLE] L:3 LORAPOK_UI_ERROR: Error: Error invoking remote method 'get-video-duration': Error: spawn ENOTDIR (app://lorapok/assets/index-CdSzAV6o.js:237)
[2026-08-11T03:26:27.797Z] [RENDERER] RENDERER_ERROR: Error invoking remote method 'get-video-duration': Error: spawn ENOTDIR 
[2026-08-11T03:26:27.798Z] [RENDERER CONSOLE] L:3 Uncaught (in promise) Error: Error invoking remote method 'get-video-duration': Error: spawn ENOTDIR (app://lorapok/index.html:0)
[2026-08-11T03:26:27.835Z] FFmpeg Error: Cannot find ffmpeg
[2026-08-11T03:26:30.039Z] 🚨 Process Gone: Utility (killed)
[2026-08-11T03:26:30.202Z] 🚨 Process Gone: GPU (killed)
[2026-08-11T03:26:33.997Z] --- LORAPOK STARTUP ---
[2026-08-11T03:26:34.733Z] ⚠️ FFmpeg binary not found at static path, checking system path...
[2026-08-11T03:26:34.749Z] ✅ FFprobe Initialized: /mnt/NewVolume/Personal_Projects/lorapok_player/lorapok-player/release/builds/linux/linux-unpacked/resources/app.asar/dist-electron/bin/linux/x64/ffprobe
[2026-08-11T03:26:34.877Z] Creating Window...
[2026-08-11T03:26:36.030Z] [APP PROTOCOL] Request: app://lorapok/index.html -> /mnt/NewVolume/Personal_Projects/lorapok_player/lorapok-player/release/builds/linux/linux-unpacked/resources/app.asar/dist/index.html
[2026-08-11T03:26:37.001Z] [APP PROTOCOL] Request: app://lorapok/assets/index-CdSzAV6o.js -> /mnt/NewVolume/Personal_Projects/lorapok_player/lorapok-player/release/builds/linux/linux-unpacked/resources/app.asar/dist/assets/index-CdSzAV6o.js
[2026-08-11T03:26:37.048Z] [APP PROTOCOL] Request: app://lorapok/assets/index-CcW-TewB.css -> /mnt/NewVolume/Personal_Projects/lorapok_player/lorapok-player/release/builds/linux/linux-unpacked/resources/app.asar/dist/assets/index-CcW-TewB.css
[2026-08-11T03:26:38.347Z] Renderer Finished Load
[2026-08-11T03:26:38.351Z] Window Ready to Show
[2026-08-11T03:26:38.709Z] 🚨 Process Gone: Utility (killed)
[2026-08-11T03:26:38.725Z] 🚨 Process Gone: GPU (killed)
[2026-08-11T03:26:43.521Z] --- LORAPOK STARTUP ---
[2026-08-11T03:26:43.975Z] ⚠️ FFmpeg binary not found at static path, checking system path...
[2026-08-11T03:26:43.984Z] ✅ FFprobe Initialized: /mnt/NewVolume/Personal_Projects/lorapok_player/lorapok-player/release/builds/linux/linux-unpacked/resources/app.asar/dist-electron/bin/linux/x64/ffprobe
[2026-08-11T03:26:44.048Z] Creating Window...
[2026-08-11T03:26:44.946Z] [APP PROTOCOL] Request: app://lorapok/index.html -> /mnt/NewVolume/Personal_Projects/lorapok_player/lorapok-player/release/builds/linux/linux-unpacked/resources/app.asar/dist/index.html
[2026-08-11T03:26:45.718Z] [APP PROTOCOL] Request: app://lorapok/assets/index-CdSzAV6o.js -> /mnt/NewVolume/Personal_Projects/lorapok_player/lorapok-player/release/builds/linux/linux-unpacked/resources/app.asar/dist/assets/index-CdSzAV6o.js
[2026-08-11T03:26:45.749Z] [APP PROTOCOL] Request: app://lorapok/assets/index-CcW-TewB.css -> /mnt/NewVolume/Personal_Projects/lorapok_player/lorapok-player/release/builds/linux/linux-unpacked/resources/app.asar/dist/assets/index-CcW-TewB.css
[2026-08-11T03:26:46.646Z] Renderer Finished Load
[2026-08-11T03:26:46.655Z] Window Ready to Show
[2026-08-11T03:26:46.974Z] [RENDERER] App Component Mounted
[2026-08-11T03:26:46.975Z] Renderer reported READY
[2026-08-11T03:26:47.058Z] [RENDERER CONSOLE] L:1 Received protocol/CLI URL: lorapok:///mnt/NewVolume/Personal_Projects/lorapok_player/test_media/sample.flac (app://lorapok/assets/index-CdSzAV6o.js:237)
[2026-08-11T03:26:47.070Z] [PATH DECODE] Input: /mnt/NewVolume/Personal_Projects/lorapok_player/test_media/sample.flac
[2026-08-11T03:26:47.156Z] [PATH DECODE] Input: /mnt/NewVolume/Personal_Projects/lorapok_player/test_media/sample.flac
[2026-08-11T03:26:47.196Z] [RENDERER CONSOLE] L:3 LORAPOK_UI_ERROR: Error: Error invoking remote method 'get-media-tracks': Error: spawn ENOTDIR (app://lorapok/assets/index-CdSzAV6o.js:237)
[2026-08-11T03:26:47.199Z] [RENDERER] RENDERER_ERROR: Error invoking remote method 'get-media-tracks': Error: spawn ENOTDIR 
[2026-08-11T03:26:47.203Z] [RENDERER CONSOLE] L:3 Uncaught (in promise) Error: Error invoking remote method 'get-media-tracks': Error: spawn ENOTDIR (app://lorapok/index.html:0)
[2026-08-11T03:26:47.207Z] [RENDERER CONSOLE] L:3 LORAPOK_UI_ERROR: Error: Error invoking remote method 'get-video-duration': Error: spawn ENOTDIR (app://lorapok/assets/index-CdSzAV6o.js:237)
[2026-08-11T03:26:47.208Z] [RENDERER] RENDERER_ERROR: Error invoking remote method 'get-video-duration': Error: spawn ENOTDIR 
[2026-08-11T03:26:47.209Z] [RENDERER CONSOLE] L:3 Uncaught (in promise) Error: Error invoking remote method 'get-video-duration': Error: spawn ENOTDIR (app://lorapok/index.html:0)
[2026-08-11T03:26:47.607Z] 🚨 Process Gone: Utility (killed)
[2026-08-11T03:26:47.666Z] 🚨 Process Gone: GPU (killed)
[2026-08-11T03:26:51.526Z] --- LORAPOK STARTUP ---
[2026-08-11T03:26:51.903Z] ⚠️ FFmpeg binary not found at static path, checking system path...
[2026-08-11T03:26:51.910Z] ✅ FFprobe Initialized: /mnt/NewVolume/Personal_Projects/lorapok_player/lorapok-player/release/builds/linux/linux-unpacked/resources/app.asar/dist-electron/bin/linux/x64/ffprobe
[2026-08-11T03:26:51.965Z] Creating Window...
[2026-08-11T03:26:52.698Z] [APP PROTOCOL] Request: app://lorapok/index.html -> /mnt/NewVolume/Personal_Projects/lorapok_player/lorapok-player/release/builds/linux/linux-unpacked/resources/app.asar/dist/index.html
[2026-08-11T03:26:53.334Z] [APP PROTOCOL] Request: app://lorapok/assets/index-CdSzAV6o.js -> /mnt/NewVolume/Personal_Projects/lorapok_player/lorapok-player/release/builds/linux/linux-unpacked/resources/app.asar/dist/assets/index-CdSzAV6o.js
[2026-08-11T03:26:53.348Z] [APP PROTOCOL] Request: app://lorapok/assets/index-CcW-TewB.css -> /mnt/NewVolume/Personal_Projects/lorapok_player/lorapok-player/release/builds/linux/linux-unpacked/resources/app.asar/dist/assets/index-CcW-TewB.css
[2026-08-11T03:26:54.105Z] Renderer Finished Load
[2026-08-11T03:26:54.108Z] Window Ready to Show
[2026-08-11T03:26:54.336Z] [RENDERER] App Component Mounted
[2026-08-11T03:26:54.342Z] Renderer reported READY
[2026-08-11T03:26:54.525Z] [RENDERER CONSOLE] L:1 Received protocol/CLI URL: lorapok:///mnt/NewVolume/Personal_Projects/lorapok_player/test_media/sample.flv (app://lorapok/assets/index-CdSzAV6o.js:237)
[2026-08-11T03:26:54.575Z] [PATH DECODE] Input: /mnt/NewVolume/Personal_Projects/lorapok_player/test_media/sample.flv
[2026-08-11T03:26:54.629Z] [PATH DECODE] Input: /mnt/NewVolume/Personal_Projects/lorapok_player/test_media/sample.flv
[2026-08-11T03:26:54.662Z] [RENDERER CONSOLE] L:3 LORAPOK_UI_ERROR: Error: Error invoking remote method 'get-media-tracks': Error: spawn ENOTDIR (app://lorapok/assets/index-CdSzAV6o.js:237)
[2026-08-11T03:26:54.664Z] [RENDERER] RENDERER_ERROR: Error invoking remote method 'get-media-tracks': Error: spawn ENOTDIR 
[2026-08-11T03:26:54.665Z] [RENDERER CONSOLE] L:3 Uncaught (in promise) Error: Error invoking remote method 'get-media-tracks': Error: spawn ENOTDIR (app://lorapok/index.html:0)
[2026-08-11T03:26:54.667Z] [RENDERER CONSOLE] L:3 LORAPOK_UI_ERROR: Error: Error invoking remote method 'get-video-duration': Error: spawn ENOTDIR (app://lorapok/assets/index-CdSzAV6o.js:237)
[2026-08-11T03:26:54.668Z] [RENDERER] RENDERER_ERROR: Error invoking remote method 'get-video-duration': Error: spawn ENOTDIR 
[2026-08-11T03:26:54.670Z] [RENDERER CONSOLE] L:3 Uncaught (in promise) Error: Error invoking remote method 'get-video-duration': Error: spawn ENOTDIR (app://lorapok/index.html:0)
[2026-08-11T03:26:55.031Z] [MEDIA DEBUG] Raw URL: media:///mnt/NewVolume/Personal_Projects/lorapok_player/test_media/sample.flv
[2026-08-11T03:26:55.033Z] [PATH DECODE] Input: media:///mnt/NewVolume/Personal_Projects/lorapok_player/test_media/sample.flv
[2026-08-11T03:26:55.044Z] 🧠 Universal Decode: .flv -> fMP4
[2026-08-11T03:26:55.127Z] FFmpeg Error: Cannot find ffmpeg
[2026-08-11T03:26:56.481Z] 🚨 Process Gone: Utility (killed)
[2026-08-11T03:26:56.507Z] 🚨 Process Gone: GPU (killed)
[2026-08-11T03:27:01.412Z] --- LORAPOK STARTUP ---
[2026-08-11T03:27:02.049Z] ⚠️ FFmpeg binary not found at static path, checking system path...
[2026-08-11T03:27:02.065Z] ✅ FFprobe Initialized: /mnt/NewVolume/Personal_Projects/lorapok_player/lorapok-player/release/builds/linux/linux-unpacked/resources/app.asar/dist-electron/bin/linux/x64/ffprobe
[2026-08-11T03:27:02.131Z] Creating Window...
[2026-08-11T03:27:03.479Z] [APP PROTOCOL] Request: app://lorapok/index.html -> /mnt/NewVolume/Personal_Projects/lorapok_player/lorapok-player/release/builds/linux/linux-unpacked/resources/app.asar/dist/index.html
[2026-08-11T03:27:04.882Z] [APP PROTOCOL] Request: app://lorapok/assets/index-CdSzAV6o.js -> /mnt/NewVolume/Personal_Projects/lorapok_player/lorapok-player/release/builds/linux/linux-unpacked/resources/app.asar/dist/assets/index-CdSzAV6o.js
[2026-08-11T03:27:05.000Z] [APP PROTOCOL] Request: app://lorapok/assets/index-CcW-TewB.css -> /mnt/NewVolume/Personal_Projects/lorapok_player/lorapok-player/release/builds/linux/linux-unpacked/resources/app.asar/dist/assets/index-CcW-TewB.css
[2026-08-11T03:27:05.303Z] 🚨 Process Gone: Utility (killed)
[2026-08-11T03:27:05.362Z] 🚨 Process Gone: GPU (killed)
[2026-08-11T03:27:09.161Z] --- LORAPOK STARTUP ---
[2026-08-11T03:27:09.817Z] ⚠️ FFmpeg binary not found at static path, checking system path...
[2026-08-11T03:27:09.833Z] ✅ FFprobe Initialized: /mnt/NewVolume/Personal_Projects/lorapok_player/lorapok-player/release/builds/linux/linux-unpacked/resources/app.asar/dist-electron/bin/linux/x64/ffprobe
[2026-08-11T03:27:09.938Z] Creating Window...
[2026-08-11T03:27:10.817Z] [APP PROTOCOL] Request: app://lorapok/index.html -> /mnt/NewVolume/Personal_Projects/lorapok_player/lorapok-player/release/builds/linux/linux-unpacked/resources/app.asar/dist/index.html
[2026-08-11T03:27:12.214Z] [APP PROTOCOL] Request: app://lorapok/assets/index-CdSzAV6o.js -> /mnt/NewVolume/Personal_Projects/lorapok_player/lorapok-player/release/builds/linux/linux-unpacked/resources/app.asar/dist/assets/index-CdSzAV6o.js
[2026-08-11T03:27:12.267Z] [APP PROTOCOL] Request: app://lorapok/assets/index-CcW-TewB.css -> /mnt/NewVolume/Personal_Projects/lorapok_player/lorapok-player/release/builds/linux/linux-unpacked/resources/app.asar/dist/assets/index-CcW-TewB.css
[2026-08-11T03:27:13.059Z] Renderer Finished Load
[2026-08-11T03:27:13.065Z] Window Ready to Show
[2026-08-11T03:27:13.235Z] [RENDERER] App Component Mounted
[2026-08-11T03:27:13.239Z] Renderer reported READY
[2026-08-11T03:27:13.349Z] [RENDERER CONSOLE] L:1 Received protocol/CLI URL: lorapok:///mnt/NewVolume/Personal_Projects/lorapok_player/test_media/sample.m4v (app://lorapok/assets/index-CdSzAV6o.js:237)
[2026-08-11T03:27:13.385Z] [PATH DECODE] Input: /mnt/NewVolume/Personal_Projects/lorapok_player/test_media/sample.m4v
[2026-08-11T03:27:13.459Z] [PATH DECODE] Input: /mnt/NewVolume/Personal_Projects/lorapok_player/test_media/sample.m4v
[2026-08-11T03:27:13.477Z] [RENDERER CONSOLE] L:3 LORAPOK_UI_ERROR: Error: Error invoking remote method 'get-media-tracks': Error: spawn ENOTDIR (app://lorapok/assets/index-CdSzAV6o.js:237)
[2026-08-11T03:27:13.478Z] [RENDERER] RENDERER_ERROR: Error invoking remote method 'get-media-tracks': Error: spawn ENOTDIR 
[2026-08-11T03:27:13.479Z] [RENDERER CONSOLE] L:3 Uncaught (in promise) Error: Error invoking remote method 'get-media-tracks': Error: spawn ENOTDIR (app://lorapok/index.html:0)
[2026-08-11T03:27:13.483Z] [RENDERER CONSOLE] L:3 LORAPOK_UI_ERROR: Error: Error invoking remote method 'get-video-duration': Error: spawn ENOTDIR (app://lorapok/assets/index-CdSzAV6o.js:237)
[2026-08-11T03:27:13.484Z] [RENDERER] RENDERER_ERROR: Error invoking remote method 'get-video-duration': Error: spawn ENOTDIR 
[2026-08-11T03:27:13.485Z] [RENDERER CONSOLE] L:3 Uncaught (in promise) Error: Error invoking remote method 'get-video-duration': Error: spawn ENOTDIR (app://lorapok/index.html:0)
[2026-08-11T03:27:13.851Z] [MEDIA DEBUG] Raw URL: media:///mnt/NewVolume/Personal_Projects/lorapok_player/test_media/sample.m4v
[2026-08-11T03:27:13.853Z] [PATH DECODE] Input: media:///mnt/NewVolume/Personal_Projects/lorapok_player/test_media/sample.m4v
[2026-08-11T03:27:13.860Z] 🧠 Universal Decode: .m4v -> fMP4
[2026-08-11T03:27:13.913Z] FFmpeg Error: Cannot find ffmpeg
[2026-08-11T03:27:14.144Z] 🚨 Process Gone: Utility (killed)
[2026-08-11T03:27:14.321Z] 🚨 Process Gone: GPU (killed)
[2026-08-11T03:27:17.939Z] --- LORAPOK STARTUP ---
[2026-08-11T03:27:18.542Z] ⚠️ FFmpeg binary not found at static path, checking system path...
[2026-08-11T03:27:18.560Z] ✅ FFprobe Initialized: /mnt/NewVolume/Personal_Projects/lorapok_player/lorapok-player/release/builds/linux/linux-unpacked/resources/app.asar/dist-electron/bin/linux/x64/ffprobe
[2026-08-11T03:27:18.687Z] Creating Window...
[2026-08-11T03:27:19.727Z] [APP PROTOCOL] Request: app://lorapok/index.html -> /mnt/NewVolume/Personal_Projects/lorapok_player/lorapok-player/release/builds/linux/linux-unpacked/resources/app.asar/dist/index.html
[2026-08-11T03:27:20.648Z] [APP PROTOCOL] Request: app://lorapok/assets/index-CdSzAV6o.js -> /mnt/NewVolume/Personal_Projects/lorapok_player/lorapok-player/release/builds/linux/linux-unpacked/resources/app.asar/dist/assets/index-CdSzAV6o.js
[2026-08-11T03:27:20.669Z] [APP PROTOCOL] Request: app://lorapok/assets/index-CcW-TewB.css -> /mnt/NewVolume/Personal_Projects/lorapok_player/lorapok-player/release/builds/linux/linux-unpacked/resources/app.asar/dist/assets/index-CcW-TewB.css
[2026-08-11T03:27:21.602Z] Renderer Finished Load
[2026-08-11T03:27:21.608Z] Window Ready to Show
[2026-08-11T03:27:21.996Z] [RENDERER] App Component Mounted
[2026-08-11T03:27:22.010Z] Renderer reported READY
[2026-08-11T03:27:22.191Z] [RENDERER CONSOLE] L:1 Received protocol/CLI URL: lorapok:///mnt/NewVolume/Personal_Projects/lorapok_player/test_media/sample.mkv (app://lorapok/assets/index-CdSzAV6o.js:237)
[2026-08-11T03:27:22.219Z] [PATH DECODE] Input: /mnt/NewVolume/Personal_Projects/lorapok_player/test_media/sample.mkv
[2026-08-11T03:27:22.271Z] [PATH DECODE] Input: /mnt/NewVolume/Personal_Projects/lorapok_player/test_media/sample.mkv
[2026-08-11T03:27:22.305Z] [RENDERER CONSOLE] L:3 LORAPOK_UI_ERROR: Error: Error invoking remote method 'get-media-tracks': Error: spawn ENOTDIR (app://lorapok/assets/index-CdSzAV6o.js:237)
[2026-08-11T03:27:22.310Z] [RENDERER] RENDERER_ERROR: Error invoking remote method 'get-media-tracks': Error: spawn ENOTDIR 
[2026-08-11T03:27:22.314Z] [RENDERER CONSOLE] L:3 Uncaught (in promise) Error: Error invoking remote method 'get-media-tracks': Error: spawn ENOTDIR (app://lorapok/index.html:0)
[2026-08-11T03:27:22.334Z] [RENDERER CONSOLE] L:3 LORAPOK_UI_ERROR: Error: Error invoking remote method 'get-video-duration': Error: spawn ENOTDIR (app://lorapok/assets/index-CdSzAV6o.js:237)
[2026-08-11T03:27:22.335Z] [RENDERER] RENDERER_ERROR: Error invoking remote method 'get-video-duration': Error: spawn ENOTDIR 
[2026-08-11T03:27:22.338Z] [RENDERER CONSOLE] L:3 Uncaught (in promise) Error: Error invoking remote method 'get-video-duration': Error: spawn ENOTDIR (app://lorapok/index.html:0)
[2026-08-11T03:27:22.656Z] [MEDIA DEBUG] Raw URL: media:///mnt/NewVolume/Personal_Projects/lorapok_player/test_media/sample.mkv
[2026-08-11T03:27:22.658Z] [PATH DECODE] Input: media:///mnt/NewVolume/Personal_Projects/lorapok_player/test_media/sample.mkv
[2026-08-11T03:27:22.663Z] 🧠 Universal Decode: .mkv -> fMP4
[2026-08-11T03:27:22.721Z] FFmpeg Error: Cannot find ffmpeg
[2026-08-11T03:27:26.869Z] --- LORAPOK STARTUP ---
[2026-08-11T03:27:27.386Z] ⚠️ FFmpeg binary not found at static path, checking system path...
[2026-08-11T03:27:27.405Z] ✅ FFprobe Initialized: /mnt/NewVolume/Personal_Projects/lorapok_player/lorapok-player/release/builds/linux/linux-unpacked/resources/app.asar/dist-electron/bin/linux/x64/ffprobe
[2026-08-11T03:27:27.449Z] Creating Window...
[2026-08-11T03:27:28.235Z] [APP PROTOCOL] Request: app://lorapok/index.html -> /mnt/NewVolume/Personal_Projects/lorapok_player/lorapok-player/release/builds/linux/linux-unpacked/resources/app.asar/dist/index.html
[2026-08-11T03:27:28.859Z] [APP PROTOCOL] Request: app://lorapok/assets/index-CdSzAV6o.js -> /mnt/NewVolume/Personal_Projects/lorapok_player/lorapok-player/release/builds/linux/linux-unpacked/resources/app.asar/dist/assets/index-CdSzAV6o.js
[2026-08-11T03:27:28.882Z] [APP PROTOCOL] Request: app://lorapok/assets/index-CcW-TewB.css -> /mnt/NewVolume/Personal_Projects/lorapok_player/lorapok-player/release/builds/linux/linux-unpacked/resources/app.asar/dist/assets/index-CcW-TewB.css
[2026-08-11T03:27:29.795Z] Renderer Finished Load
[2026-08-11T03:27:29.800Z] Window Ready to Show
[2026-08-11T03:27:30.095Z] [RENDERER] App Component Mounted
[2026-08-11T03:27:30.133Z] Renderer reported READY
[2026-08-11T03:27:30.436Z] [RENDERER CONSOLE] L:1 Received protocol/CLI URL: lorapok:///mnt/NewVolume/Personal_Projects/lorapok_player/test_media/sample.mov (app://lorapok/assets/index-CdSzAV6o.js:237)
[2026-08-11T03:27:30.487Z] [PATH DECODE] Input: /mnt/NewVolume/Personal_Projects/lorapok_player/test_media/sample.mov
[2026-08-11T03:27:30.563Z] [PATH DECODE] Input: /mnt/NewVolume/Personal_Projects/lorapok_player/test_media/sample.mov
[2026-08-11T03:27:30.602Z] [RENDERER CONSOLE] L:3 LORAPOK_UI_ERROR: Error: Error invoking remote method 'get-media-tracks': Error: spawn ENOTDIR (app://lorapok/assets/index-CdSzAV6o.js:237)
[2026-08-11T03:27:30.607Z] [RENDERER] RENDERER_ERROR: Error invoking remote method 'get-media-tracks': Error: spawn ENOTDIR 
[2026-08-11T03:27:30.608Z] [RENDERER CONSOLE] L:3 Uncaught (in promise) Error: Error invoking remote method 'get-media-tracks': Error: spawn ENOTDIR (app://lorapok/index.html:0)
[2026-08-11T03:27:30.612Z] [RENDERER CONSOLE] L:3 LORAPOK_UI_ERROR: Error: Error invoking remote method 'get-video-duration': Error: spawn ENOTDIR (app://lorapok/assets/index-CdSzAV6o.js:237)
[2026-08-11T03:27:30.613Z] [RENDERER] RENDERER_ERROR: Error invoking remote method 'get-video-duration': Error: spawn ENOTDIR 
[2026-08-11T03:27:30.615Z] [RENDERER CONSOLE] L:3 Uncaught (in promise) Error: Error invoking remote method 'get-video-duration': Error: spawn ENOTDIR (app://lorapok/index.html:0)
[2026-08-11T03:27:30.869Z] [MEDIA DEBUG] Raw URL: media:///mnt/NewVolume/Personal_Projects/lorapok_player/test_media/sample.mov
[2026-08-11T03:27:30.871Z] [PATH DECODE] Input: media:///mnt/NewVolume/Personal_Projects/lorapok_player/test_media/sample.mov
[2026-08-11T03:27:30.875Z] 🧠 Universal Decode: .mov -> fMP4
[2026-08-11T03:27:30.908Z] FFmpeg Error: Cannot find ffmpeg
[2026-08-11T03:27:31.357Z] 🚨 Process Gone: Utility (killed)
[2026-08-11T03:27:31.452Z] 🚨 Process Gone: GPU (killed)
[2026-08-11T03:27:35.780Z] --- LORAPOK STARTUP ---
[2026-08-11T03:27:36.196Z] ⚠️ FFmpeg binary not found at static path, checking system path...
[2026-08-11T03:27:36.219Z] ✅ FFprobe Initialized: /mnt/NewVolume/Personal_Projects/lorapok_player/lorapok-player/release/builds/linux/linux-unpacked/resources/app.asar/dist-electron/bin/linux/x64/ffprobe
[2026-08-11T03:27:36.302Z] Creating Window...
[2026-08-11T03:27:37.086Z] [APP PROTOCOL] Request: app://lorapok/index.html -> /mnt/NewVolume/Personal_Projects/lorapok_player/lorapok-player/release/builds/linux/linux-unpacked/resources/app.asar/dist/index.html
[2026-08-11T03:27:37.719Z] [APP PROTOCOL] Request: app://lorapok/assets/index-CdSzAV6o.js -> /mnt/NewVolume/Personal_Projects/lorapok_player/lorapok-player/release/builds/linux/linux-unpacked/resources/app.asar/dist/assets/index-CdSzAV6o.js
[2026-08-11T03:27:37.751Z] [APP PROTOCOL] Request: app://lorapok/assets/index-CcW-TewB.css -> /mnt/NewVolume/Personal_Projects/lorapok_player/lorapok-player/release/builds/linux/linux-unpacked/resources/app.asar/dist/assets/index-CcW-TewB.css
[2026-08-11T03:27:38.612Z] Renderer Finished Load
[2026-08-11T03:27:38.617Z] Window Ready to Show
[2026-08-11T03:27:38.857Z] [RENDERER] App Component Mounted
[2026-08-11T03:27:38.863Z] Renderer reported READY
[2026-08-11T03:27:38.958Z] [RENDERER CONSOLE] L:1 Received protocol/CLI URL: lorapok:///mnt/NewVolume/Personal_Projects/lorapok_player/test_media/sample.mp3 (app://lorapok/assets/index-CdSzAV6o.js:237)
[2026-08-11T03:27:38.993Z] [PATH DECODE] Input: /mnt/NewVolume/Personal_Projects/lorapok_player/test_media/sample.mp3
[2026-08-11T03:27:39.088Z] [PATH DECODE] Input: /mnt/NewVolume/Personal_Projects/lorapok_player/test_media/sample.mp3
[2026-08-11T03:27:39.121Z] [RENDERER CONSOLE] L:3 LORAPOK_UI_ERROR: Error: Error invoking remote method 'get-media-tracks': Error: spawn ENOTDIR (app://lorapok/assets/index-CdSzAV6o.js:237)
[2026-08-11T03:27:39.128Z] [RENDERER] RENDERER_ERROR: Error invoking remote method 'get-media-tracks': Error: spawn ENOTDIR 
[2026-08-11T03:27:39.139Z] [RENDERER CONSOLE] L:3 Uncaught (in promise) Error: Error invoking remote method 'get-media-tracks': Error: spawn ENOTDIR (app://lorapok/index.html:0)
[2026-08-11T03:27:39.147Z] [RENDERER CONSOLE] L:3 LORAPOK_UI_ERROR: Error: Error invoking remote method 'get-video-duration': Error: spawn ENOTDIR (app://lorapok/assets/index-CdSzAV6o.js:237)
[2026-08-11T03:27:39.153Z] [RENDERER] RENDERER_ERROR: Error invoking remote method 'get-video-duration': Error: spawn ENOTDIR 
[2026-08-11T03:27:39.160Z] [RENDERER CONSOLE] L:3 Uncaught (in promise) Error: Error invoking remote method 'get-video-duration': Error: spawn ENOTDIR (app://lorapok/index.html:0)
[2026-08-11T03:27:39.483Z] [MEDIA DEBUG] Raw URL: media:///mnt/NewVolume/Personal_Projects/lorapok_player/test_media/sample.mp3
[2026-08-11T03:27:39.488Z] [PATH DECODE] Input: media:///mnt/NewVolume/Personal_Projects/lorapok_player/test_media/sample.mp3
[2026-08-11T03:27:40.335Z] 🚨 Process Gone: Utility (killed)
[2026-08-11T03:27:40.469Z] 🚨 Process Gone: Utility (killed)
[2026-08-11T03:27:40.495Z] 🚨 Process Gone: GPU (killed)
[2026-08-11T03:27:43.999Z] --- LORAPOK STARTUP ---
[2026-08-11T03:27:44.433Z] ⚠️ FFmpeg binary not found at static path, checking system path...
[2026-08-11T03:27:44.443Z] ✅ FFprobe Initialized: /mnt/NewVolume/Personal_Projects/lorapok_player/lorapok-player/release/builds/linux/linux-unpacked/resources/app.asar/dist-electron/bin/linux/x64/ffprobe
[2026-08-11T03:27:44.506Z] Creating Window...
[2026-08-11T03:27:45.494Z] [APP PROTOCOL] Request: app://lorapok/index.html -> /mnt/NewVolume/Personal_Projects/lorapok_player/lorapok-player/release/builds/linux/linux-unpacked/resources/app.asar/dist/index.html
[2026-08-11T03:27:46.503Z] [APP PROTOCOL] Request: app://lorapok/assets/index-CdSzAV6o.js -> /mnt/NewVolume/Personal_Projects/lorapok_player/lorapok-player/release/builds/linux/linux-unpacked/resources/app.asar/dist/assets/index-CdSzAV6o.js
[2026-08-11T03:27:46.523Z] [APP PROTOCOL] Request: app://lorapok/assets/index-CcW-TewB.css -> /mnt/NewVolume/Personal_Projects/lorapok_player/lorapok-player/release/builds/linux/linux-unpacked/resources/app.asar/dist/assets/index-CcW-TewB.css
[2026-08-11T03:27:47.383Z] Renderer Finished Load
[2026-08-11T03:27:47.389Z] Window Ready to Show
[2026-08-11T03:27:47.658Z] [RENDERER] App Component Mounted
[2026-08-11T03:27:47.666Z] Renderer reported READY
[2026-08-11T03:27:47.747Z] [RENDERER CONSOLE] L:1 Received protocol/CLI URL: lorapok:///mnt/NewVolume/Personal_Projects/lorapok_player/test_media/sample.ogg (app://lorapok/assets/index-CdSzAV6o.js:237)
[2026-08-11T03:27:47.781Z] [PATH DECODE] Input: /mnt/NewVolume/Personal_Projects/lorapok_player/test_media/sample.ogg
[2026-08-11T03:27:47.889Z] [PATH DECODE] Input: /mnt/NewVolume/Personal_Projects/lorapok_player/test_media/sample.ogg
[2026-08-11T03:27:47.928Z] [RENDERER CONSOLE] L:3 LORAPOK_UI_ERROR: Error: Error invoking remote method 'get-media-tracks': Error: spawn ENOTDIR (app://lorapok/assets/index-CdSzAV6o.js:237)
[2026-08-11T03:27:47.934Z] [RENDERER] RENDERER_ERROR: Error invoking remote method 'get-media-tracks': Error: spawn ENOTDIR 
[2026-08-11T03:27:47.937Z] [RENDERER CONSOLE] L:3 Uncaught (in promise) Error: Error invoking remote method 'get-media-tracks': Error: spawn ENOTDIR (app://lorapok/index.html:0)
[2026-08-11T03:27:47.943Z] [RENDERER CONSOLE] L:3 LORAPOK_UI_ERROR: Error: Error invoking remote method 'get-video-duration': Error: spawn ENOTDIR (app://lorapok/assets/index-CdSzAV6o.js:237)
[2026-08-11T03:27:47.944Z] [RENDERER] RENDERER_ERROR: Error invoking remote method 'get-video-duration': Error: spawn ENOTDIR 
[2026-08-11T03:27:47.945Z] [RENDERER CONSOLE] L:3 Uncaught (in promise) Error: Error invoking remote method 'get-video-duration': Error: spawn ENOTDIR (app://lorapok/index.html:0)
[2026-08-11T03:27:48.256Z] [MEDIA DEBUG] Raw URL: media:///mnt/NewVolume/Personal_Projects/lorapok_player/test_media/sample.ogg
[2026-08-11T03:27:48.259Z] [PATH DECODE] Input: media:///mnt/NewVolume/Personal_Projects/lorapok_player/test_media/sample.ogg
[2026-08-11T03:27:48.347Z] [MEDIA DEBUG] Raw URL: media:///mnt/NewVolume/Personal_Projects/lorapok_player/test_media/sample.ogg
[2026-08-11T03:27:48.348Z] [PATH DECODE] Input: media:///mnt/NewVolume/Personal_Projects/lorapok_player/test_media/sample.ogg
[2026-08-11T03:27:49.486Z] 🚨 Process Gone: Utility (killed)
[2026-08-11T03:27:49.497Z] 🚨 Process Gone: Utility (killed)
[2026-08-11T03:27:49.538Z] 🚨 Process Gone: GPU (killed)
[2026-08-11T03:27:53.674Z] --- LORAPOK STARTUP ---
[2026-08-11T03:27:54.082Z] ⚠️ FFmpeg binary not found at static path, checking system path...
[2026-08-11T03:27:54.087Z] ✅ FFprobe Initialized: /mnt/NewVolume/Personal_Projects/lorapok_player/lorapok-player/release/builds/linux/linux-unpacked/resources/app.asar/dist-electron/bin/linux/x64/ffprobe
[2026-08-11T03:27:54.180Z] Creating Window...
[2026-08-11T03:27:54.869Z] [APP PROTOCOL] Request: app://lorapok/index.html -> /mnt/NewVolume/Personal_Projects/lorapok_player/lorapok-player/release/builds/linux/linux-unpacked/resources/app.asar/dist/index.html
[2026-08-11T03:27:55.787Z] [APP PROTOCOL] Request: app://lorapok/assets/index-CdSzAV6o.js -> /mnt/NewVolume/Personal_Projects/lorapok_player/lorapok-player/release/builds/linux/linux-unpacked/resources/app.asar/dist/assets/index-CdSzAV6o.js
[2026-08-11T03:27:55.845Z] [APP PROTOCOL] Request: app://lorapok/assets/index-CcW-TewB.css -> /mnt/NewVolume/Personal_Projects/lorapok_player/lorapok-player/release/builds/linux/linux-unpacked/resources/app.asar/dist/assets/index-CcW-TewB.css
[2026-08-11T03:27:56.854Z] Renderer Finished Load
[2026-08-11T03:27:56.857Z] Window Ready to Show
[2026-08-11T03:27:57.031Z] [RENDERER] App Component Mounted
[2026-08-11T03:27:57.043Z] Renderer reported READY
[2026-08-11T03:27:57.113Z] [RENDERER CONSOLE] L:1 Received protocol/CLI URL: lorapok:///mnt/NewVolume/Personal_Projects/lorapok_player/test_media/sample_rmvb.rmvb (app://lorapok/assets/index-CdSzAV6o.js:237)
[2026-08-11T03:27:57.134Z] [PATH DECODE] Input: /mnt/NewVolume/Personal_Projects/lorapok_player/test_media/sample_rmvb.rmvb
[2026-08-11T03:27:57.177Z] [PATH DECODE] Input: /mnt/NewVolume/Personal_Projects/lorapok_player/test_media/sample_rmvb.rmvb
[2026-08-11T03:27:57.205Z] [RENDERER CONSOLE] L:3 LORAPOK_UI_ERROR: Error: Error invoking remote method 'get-media-tracks': Error: spawn ENOTDIR (app://lorapok/assets/index-CdSzAV6o.js:237)
[2026-08-11T03:27:57.210Z] [RENDERER] RENDERER_ERROR: Error invoking remote method 'get-media-tracks': Error: spawn ENOTDIR 
[2026-08-11T03:27:57.211Z] [RENDERER CONSOLE] L:3 Uncaught (in promise) Error: Error invoking remote method 'get-media-tracks': Error: spawn ENOTDIR (app://lorapok/index.html:0)
[2026-08-11T03:27:57.212Z] [RENDERER CONSOLE] L:3 LORAPOK_UI_ERROR: Error: Error invoking remote method 'get-video-duration': Error: spawn ENOTDIR (app://lorapok/assets/index-CdSzAV6o.js:237)
[2026-08-11T03:27:57.212Z] [RENDERER] RENDERER_ERROR: Error invoking remote method 'get-video-duration': Error: spawn ENOTDIR 
[2026-08-11T03:27:57.213Z] [RENDERER CONSOLE] L:3 Uncaught (in promise) Error: Error invoking remote method 'get-video-duration': Error: spawn ENOTDIR (app://lorapok/index.html:0)
[2026-08-11T03:27:57.474Z] [MEDIA DEBUG] Raw URL: media:///mnt/NewVolume/Personal_Projects/lorapok_player/test_media/sample_rmvb.rmvb
[2026-08-11T03:27:57.478Z] [PATH DECODE] Input: media:///mnt/NewVolume/Personal_Projects/lorapok_player/test_media/sample_rmvb.rmvb
[2026-08-11T03:27:57.480Z] 🧠 Universal Decode: .rmvb -> fMP4
[2026-08-11T03:27:57.498Z] FFmpeg Error: Cannot find ffmpeg
[2026-08-11T03:28:01.961Z] --- LORAPOK STARTUP ---
[2026-08-11T03:28:02.319Z] ⚠️ FFmpeg binary not found at static path, checking system path...
[2026-08-11T03:28:02.335Z] ✅ FFprobe Initialized: /mnt/NewVolume/Personal_Projects/lorapok_player/lorapok-player/release/builds/linux/linux-unpacked/resources/app.asar/dist-electron/bin/linux/x64/ffprobe
[2026-08-11T03:28:02.394Z] Creating Window...
[2026-08-11T03:28:02.986Z] [APP PROTOCOL] Request: app://lorapok/index.html -> /mnt/NewVolume/Personal_Projects/lorapok_player/lorapok-player/release/builds/linux/linux-unpacked/resources/app.asar/dist/index.html
[2026-08-11T03:28:03.390Z] [APP PROTOCOL] Request: app://lorapok/assets/index-CdSzAV6o.js -> /mnt/NewVolume/Personal_Projects/lorapok_player/lorapok-player/release/builds/linux/linux-unpacked/resources/app.asar/dist/assets/index-CdSzAV6o.js
[2026-08-11T03:28:03.406Z] [APP PROTOCOL] Request: app://lorapok/assets/index-CcW-TewB.css -> /mnt/NewVolume/Personal_Projects/lorapok_player/lorapok-player/release/builds/linux/linux-unpacked/resources/app.asar/dist/assets/index-CcW-TewB.css
[2026-08-11T03:28:04.119Z] Renderer Finished Load
[2026-08-11T03:28:04.127Z] Window Ready to Show
[2026-08-11T03:28:04.298Z] [RENDERER] App Component Mounted
[2026-08-11T03:28:04.304Z] Renderer reported READY
[2026-08-11T03:28:04.405Z] [RENDERER CONSOLE] L:1 Received protocol/CLI URL: lorapok:///mnt/NewVolume/Personal_Projects/lorapok_player/test_media/sample.webm (app://lorapok/assets/index-CdSzAV6o.js:237)
[2026-08-11T03:28:04.421Z] [PATH DECODE] Input: /mnt/NewVolume/Personal_Projects/lorapok_player/test_media/sample.webm
[2026-08-11T03:28:04.470Z] [PATH DECODE] Input: /mnt/NewVolume/Personal_Projects/lorapok_player/test_media/sample.webm
[2026-08-11T03:28:04.491Z] [RENDERER CONSOLE] L:3 LORAPOK_UI_ERROR: Error: Error invoking remote method 'get-media-tracks': Error: spawn ENOTDIR (app://lorapok/assets/index-CdSzAV6o.js:237)
[2026-08-11T03:28:04.495Z] [RENDERER] RENDERER_ERROR: Error invoking remote method 'get-media-tracks': Error: spawn ENOTDIR 
[2026-08-11T03:28:04.499Z] [RENDERER CONSOLE] L:3 Uncaught (in promise) Error: Error invoking remote method 'get-media-tracks': Error: spawn ENOTDIR (app://lorapok/index.html:0)
[2026-08-11T03:28:04.505Z] [RENDERER CONSOLE] L:3 LORAPOK_UI_ERROR: Error: Error invoking remote method 'get-video-duration': Error: spawn ENOTDIR (app://lorapok/assets/index-CdSzAV6o.js:237)
[2026-08-11T03:28:04.505Z] [RENDERER] RENDERER_ERROR: Error invoking remote method 'get-video-duration': Error: spawn ENOTDIR 
[2026-08-11T03:28:04.507Z] [RENDERER CONSOLE] L:3 Uncaught (in promise) Error: Error invoking remote method 'get-video-duration': Error: spawn ENOTDIR (app://lorapok/index.html:0)
[2026-08-11T03:28:04.749Z] [MEDIA DEBUG] Raw URL: media:///mnt/NewVolume/Personal_Projects/lorapok_player/test_media/sample.webm
[2026-08-11T03:28:04.750Z] [PATH DECODE] Input: media:///mnt/NewVolume/Personal_Projects/lorapok_player/test_media/sample.webm
[2026-08-11T03:28:07.430Z] 🚨 Process Gone: Utility (killed)
[2026-08-11T03:28:07.507Z] 🚨 Process Gone: GPU (killed)
[2026-08-11T03:28:10.272Z] --- LORAPOK STARTUP ---
[2026-08-11T03:28:10.685Z] ⚠️ FFmpeg binary not found at static path, checking system path...
[2026-08-11T03:28:10.707Z] ✅ FFprobe Initialized: /mnt/NewVolume/Personal_Projects/lorapok_player/lorapok-player/release/builds/linux/linux-unpacked/resources/app.asar/dist-electron/bin/linux/x64/ffprobe
[2026-08-11T03:28:10.768Z] Creating Window...
[2026-08-11T03:28:11.373Z] [APP PROTOCOL] Request: app://lorapok/index.html -> /mnt/NewVolume/Personal_Projects/lorapok_player/lorapok-player/release/builds/linux/linux-unpacked/resources/app.asar/dist/index.html
[2026-08-11T03:28:11.876Z] [APP PROTOCOL] Request: app://lorapok/assets/index-CdSzAV6o.js -> /mnt/NewVolume/Personal_Projects/lorapok_player/lorapok-player/release/builds/linux/linux-unpacked/resources/app.asar/dist/assets/index-CdSzAV6o.js
[2026-08-11T03:28:11.891Z] [APP PROTOCOL] Request: app://lorapok/assets/index-CcW-TewB.css -> /mnt/NewVolume/Personal_Projects/lorapok_player/lorapok-player/release/builds/linux/linux-unpacked/resources/app.asar/dist/assets/index-CcW-TewB.css
[2026-08-11T03:28:12.609Z] Renderer Finished Load
[2026-08-11T03:28:12.612Z] Window Ready to Show
[2026-08-11T03:28:12.960Z] [RENDERER] App Component Mounted
[2026-08-11T03:28:12.961Z] Renderer reported READY
[2026-08-11T03:28:13.310Z] [RENDERER CONSOLE] L:1 Received protocol/CLI URL: lorapok:///mnt/NewVolume/Personal_Projects/lorapok_player/test_media/sample.wmv (app://lorapok/assets/index-CdSzAV6o.js:237)
[2026-08-11T03:28:13.377Z] [PATH DECODE] Input: /mnt/NewVolume/Personal_Projects/lorapok_player/test_media/sample.wmv
[2026-08-11T03:28:13.510Z] [PATH DECODE] Input: /mnt/NewVolume/Personal_Projects/lorapok_player/test_media/sample.wmv
[2026-08-11T03:28:13.560Z] [RENDERER CONSOLE] L:3 LORAPOK_UI_ERROR: Error: Error invoking remote method 'get-media-tracks': Error: spawn ENOTDIR (app://lorapok/assets/index-CdSzAV6o.js:237)
[2026-08-11T03:28:13.572Z] [RENDERER] RENDERER_ERROR: Error invoking remote method 'get-media-tracks': Error: spawn ENOTDIR 
[2026-08-11T03:28:13.577Z] [RENDERER CONSOLE] L:3 Uncaught (in promise) Error: Error invoking remote method 'get-media-tracks': Error: spawn ENOTDIR (app://lorapok/index.html:0)
[2026-08-11T03:28:13.581Z] [RENDERER CONSOLE] L:3 LORAPOK_UI_ERROR: Error: Error invoking remote method 'get-video-duration': Error: spawn ENOTDIR (app://lorapok/assets/index-CdSzAV6o.js:237)
[2026-08-11T03:28:13.587Z] [RENDERER] RENDERER_ERROR: Error invoking remote method 'get-video-duration': Error: spawn ENOTDIR 
[2026-08-11T03:28:13.592Z] [RENDERER CONSOLE] L:3 Uncaught (in promise) Error: Error invoking remote method 'get-video-duration': Error: spawn ENOTDIR (app://lorapok/index.html:0)
[2026-08-11T03:28:13.678Z] [MEDIA DEBUG] Raw URL: media:///mnt/NewVolume/Personal_Projects/lorapok_player/test_media/sample.wmv
[2026-08-11T03:28:13.680Z] [PATH DECODE] Input: media:///mnt/NewVolume/Personal_Projects/lorapok_player/test_media/sample.wmv
[2026-08-11T03:28:13.686Z] 🧠 Universal Decode: .wmv -> fMP4
[2026-08-11T03:28:13.758Z] FFmpeg Error: Cannot find ffmpeg
[2026-08-11T03:28:19.945Z] --- LORAPOK STARTUP ---
[2026-08-11T03:28:20.229Z] ⚠️ FFmpeg binary not found at static path, checking system path...
[2026-08-11T03:28:20.235Z] ✅ FFprobe Initialized: /mnt/NewVolume/Personal_Projects/lorapok_player/lorapok-player/release/builds/linux/linux-unpacked/resources/app.asar/dist-electron/bin/linux/x64/ffprobe
[2026-08-11T03:28:20.263Z] Creating Window...
[2026-08-11T03:28:20.771Z] [APP PROTOCOL] Request: app://lorapok/index.html -> /mnt/NewVolume/Personal_Projects/lorapok_player/lorapok-player/release/builds/linux/linux-unpacked/resources/app.asar/dist/index.html
[2026-08-11T03:28:21.100Z] [APP PROTOCOL] Request: app://lorapok/assets/index-CdSzAV6o.js -> /mnt/NewVolume/Personal_Projects/lorapok_player/lorapok-player/release/builds/linux/linux-unpacked/resources/app.asar/dist/assets/index-CdSzAV6o.js
[2026-08-11T03:28:21.108Z] [APP PROTOCOL] Request: app://lorapok/assets/index-CcW-TewB.css -> /mnt/NewVolume/Personal_Projects/lorapok_player/lorapok-player/release/builds/linux/linux-unpacked/resources/app.asar/dist/assets/index-CcW-TewB.css
[2026-08-11T03:28:21.573Z] Renderer Finished Load
[2026-08-11T03:28:21.575Z] Window Ready to Show
[2026-08-11T03:28:21.691Z] [RENDERER] App Component Mounted
[2026-08-11T03:28:21.692Z] Renderer reported READY
[2026-08-11T03:28:34.089Z] --- LORAPOK STARTUP ---
[2026-08-11T03:28:34.570Z] ⚠️ FFmpeg binary not found at static path, checking system path...
[2026-08-11T03:28:34.584Z] ✅ FFprobe Initialized: /mnt/NewVolume/Personal_Projects/lorapok_player/lorapok-player/release/builds/linux/linux-unpacked/resources/app.asar/dist-electron/bin/linux/x64/ffprobe
[2026-08-11T03:28:34.650Z] Creating Window...
[2026-08-11T03:28:35.486Z] [APP PROTOCOL] Request: app://lorapok/index.html -> /mnt/NewVolume/Personal_Projects/lorapok_player/lorapok-player/release/builds/linux/linux-unpacked/resources/app.asar/dist/index.html
[2026-08-11T03:28:36.264Z] [APP PROTOCOL] Request: app://lorapok/assets/index-CdSzAV6o.js -> /mnt/NewVolume/Personal_Projects/lorapok_player/lorapok-player/release/builds/linux/linux-unpacked/resources/app.asar/dist/assets/index-CdSzAV6o.js
[2026-08-11T03:28:36.283Z] [APP PROTOCOL] Request: app://lorapok/assets/index-CcW-TewB.css -> /mnt/NewVolume/Personal_Projects/lorapok_player/lorapok-player/release/builds/linux/linux-unpacked/resources/app.asar/dist/assets/index-CcW-TewB.css
[2026-08-11T03:28:37.248Z] Renderer Finished Load
[2026-08-11T03:28:37.253Z] Window Ready to Show
[2026-08-11T03:28:37.512Z] [RENDERER] App Component Mounted
[2026-08-11T03:28:37.518Z] Renderer reported READY
[2026-08-11T03:28:42.554Z] 🚨 Process Gone: Utility (killed)
[2026-08-11T03:28:42.568Z] 🚨 Process Gone: GPU (killed)
[2026-08-11T03:28:47.768Z] --- LORAPOK STARTUP ---
[2026-08-11T03:28:48.427Z] ⚠️ FFmpeg binary not found at static path, checking system path...
[2026-08-11T03:28:48.439Z] ✅ FFprobe Initialized: /mnt/NewVolume/Personal_Projects/lorapok_player/lorapok-player/release/builds/linux/linux-unpacked/resources/app.asar/dist-electron/bin/linux/x64/ffprobe
[2026-08-11T03:28:48.517Z] Creating Window...
[2026-08-11T03:28:49.889Z] [APP PROTOCOL] Request: app://lorapok/index.html -> /mnt/NewVolume/Personal_Projects/lorapok_player/lorapok-player/release/builds/linux/linux-unpacked/resources/app.asar/dist/index.html
[2026-08-11T03:28:50.861Z] [APP PROTOCOL] Request: app://lorapok/assets/index-CdSzAV6o.js -> /mnt/NewVolume/Personal_Projects/lorapok_player/lorapok-player/release/builds/linux/linux-unpacked/resources/app.asar/dist/assets/index-CdSzAV6o.js
[2026-08-11T03:28:50.878Z] [APP PROTOCOL] Request: app://lorapok/assets/index-CcW-TewB.css -> /mnt/NewVolume/Personal_Projects/lorapok_player/lorapok-player/release/builds/linux/linux-unpacked/resources/app.asar/dist/assets/index-CcW-TewB.css
[2026-08-11T03:28:51.799Z] Renderer Finished Load
[2026-08-11T03:28:51.806Z] Window Ready to Show
[2026-08-11T03:28:52.073Z] [RENDERER] App Component Mounted
[2026-08-11T03:28:52.081Z] Renderer reported READY
[2026-08-11T03:28:58.524Z] --- LORAPOK STARTUP ---
[2026-08-11T03:28:59.004Z] ⚠️ FFmpeg binary not found at static path, checking system path...
[2026-08-11T03:28:59.012Z] ✅ FFprobe Initialized: /mnt/NewVolume/Personal_Projects/lorapok_player/lorapok-player/release/builds/linux/linux-unpacked/resources/app.asar/dist-electron/bin/linux/x64/ffprobe
[2026-08-11T03:28:59.070Z] Creating Window...
[2026-08-11T03:28:59.831Z] [APP PROTOCOL] Request: app://lorapok/index.html -> /mnt/NewVolume/Personal_Projects/lorapok_player/lorapok-player/release/builds/linux/linux-unpacked/resources/app.asar/dist/index.html
[2026-08-11T03:29:00.466Z] [APP PROTOCOL] Request: app://lorapok/assets/index-CdSzAV6o.js -> /mnt/NewVolume/Personal_Projects/lorapok_player/lorapok-player/release/builds/linux/linux-unpacked/resources/app.asar/dist/assets/index-CdSzAV6o.js
[2026-08-11T03:29:00.483Z] [APP PROTOCOL] Request: app://lorapok/assets/index-CcW-TewB.css -> /mnt/NewVolume/Personal_Projects/lorapok_player/lorapok-player/release/builds/linux/linux-unpacked/resources/app.asar/dist/assets/index-CcW-TewB.css
[2026-08-11T03:29:01.589Z] Renderer Finished Load
[2026-08-11T03:29:01.607Z] Window Ready to Show
[2026-08-11T03:29:01.923Z] [RENDERER] App Component Mounted
[2026-08-11T03:29:01.929Z] Renderer reported READY
[2026-08-11T03:29:06.896Z] 🚨 Process Gone: Utility (killed)
[2026-08-11T03:29:06.924Z] 🚨 Process Gone: GPU (killed)
[2026-08-11T03:29:13.926Z] --- LORAPOK STARTUP ---
[2026-08-11T03:29:14.227Z] ⚠️ FFmpeg binary not found at static path, checking system path...
[2026-08-11T03:29:14.232Z] ✅ FFprobe Initialized: /mnt/NewVolume/Personal_Projects/lorapok_player/lorapok-player/release/builds/linux/linux-unpacked/resources/app.asar/dist-electron/bin/linux/x64/ffprobe
[2026-08-11T03:29:14.272Z] Creating Window...
[2026-08-11T03:29:14.827Z] [APP PROTOCOL] Request: app://lorapok/index.html -> /mnt/NewVolume/Personal_Projects/lorapok_player/lorapok-player/release/builds/linux/linux-unpacked/resources/app.asar/dist/index.html
[2026-08-11T03:29:15.308Z] [APP PROTOCOL] Request: app://lorapok/assets/index-CdSzAV6o.js -> /mnt/NewVolume/Personal_Projects/lorapok_player/lorapok-player/release/builds/linux/linux-unpacked/resources/app.asar/dist/assets/index-CdSzAV6o.js
[2026-08-11T03:29:15.323Z] [APP PROTOCOL] Request: app://lorapok/assets/index-CcW-TewB.css -> /mnt/NewVolume/Personal_Projects/lorapok_player/lorapok-player/release/builds/linux/linux-unpacked/resources/app.asar/dist/assets/index-CcW-TewB.css
[2026-08-11T03:29:16.136Z] Renderer Finished Load
[2026-08-11T03:29:16.138Z] Window Ready to Show
[2026-08-11T03:29:16.333Z] [RENDERER] App Component Mounted
[2026-08-11T03:29:16.335Z] Renderer reported READY
[2026-08-11T03:29:25.977Z] --- LORAPOK STARTUP ---
[2026-08-11T03:29:26.295Z] ⚠️ FFmpeg binary not found at static path, checking system path...
[2026-08-11T03:29:26.302Z] ✅ FFprobe Initialized: /mnt/NewVolume/Personal_Projects/lorapok_player/lorapok-player/release/builds/linux/linux-unpacked/resources/app.asar/dist-electron/bin/linux/x64/ffprobe
[2026-08-11T03:29:26.343Z] Creating Window...
[2026-08-11T03:29:26.981Z] [APP PROTOCOL] Request: app://lorapok/index.html -> /mnt/NewVolume/Personal_Projects/lorapok_player/lorapok-player/release/builds/linux/linux-unpacked/resources/app.asar/dist/index.html
[2026-08-11T03:29:27.425Z] [APP PROTOCOL] Request: app://lorapok/assets/index-CdSzAV6o.js -> /mnt/NewVolume/Personal_Projects/lorapok_player/lorapok-player/release/builds/linux/linux-unpacked/resources/app.asar/dist/assets/index-CdSzAV6o.js
[2026-08-11T03:29:27.439Z] [APP PROTOCOL] Request: app://lorapok/assets/index-CcW-TewB.css -> /mnt/NewVolume/Personal_Projects/lorapok_player/lorapok-player/release/builds/linux/linux-unpacked/resources/app.asar/dist/assets/index-CcW-TewB.css
[2026-08-11T03:29:28.016Z] Renderer Finished Load
[2026-08-11T03:29:28.019Z] Window Ready to Show
[2026-08-11T03:29:28.210Z] [RENDERER] App Component Mounted
[2026-08-11T03:29:28.213Z] Renderer reported READY
[2026-08-11T03:29:37.691Z] --- LORAPOK STARTUP ---
[2026-08-11T03:29:38.028Z] ⚠️ FFmpeg binary not found at static path, checking system path...
[2026-08-11T03:29:38.034Z] ✅ FFprobe Initialized: /mnt/NewVolume/Personal_Projects/lorapok_player/lorapok-player/release/builds/linux/linux-unpacked/resources/app.asar/dist-electron/bin/linux/x64/ffprobe
[2026-08-11T03:29:38.073Z] Creating Window...
[2026-08-11T03:29:38.678Z] [APP PROTOCOL] Request: app://lorapok/index.html -> /mnt/NewVolume/Personal_Projects/lorapok_player/lorapok-player/release/builds/linux/linux-unpacked/resources/app.asar/dist/index.html
[2026-08-11T03:29:39.212Z] [APP PROTOCOL] Request: app://lorapok/assets/index-CdSzAV6o.js -> /mnt/NewVolume/Personal_Projects/lorapok_player/lorapok-player/release/builds/linux/linux-unpacked/resources/app.asar/dist/assets/index-CdSzAV6o.js
[2026-08-11T03:29:39.233Z] [APP PROTOCOL] Request: app://lorapok/assets/index-CcW-TewB.css -> /mnt/NewVolume/Personal_Projects/lorapok_player/lorapok-player/release/builds/linux/linux-unpacked/resources/app.asar/dist/assets/index-CcW-TewB.css
[2026-08-11T03:29:40.017Z] Renderer Finished Load
[2026-08-11T03:29:40.019Z] Window Ready to Show
[2026-08-11T03:29:40.205Z] [RENDERER] App Component Mounted
[2026-08-11T03:29:40.209Z] Renderer reported READY
[2026-08-11T03:29:46.444Z] 🚨 Process Gone: Utility (killed)
[2026-08-11T03:29:46.470Z] 🚨 Process Gone: GPU (killed)
[2026-08-11T03:29:46.519Z] 🚨 Process Gone: Utility (abnormal-exit)
[2026-08-11T03:29:46.559Z] 🚨 Process Gone: GPU (abnormal-exit)
[2026-08-11T03:29:46.559Z] 🛑 Critical GPU failure. Relaunching in Safe Mode...
[2026-08-11T03:29:46.605Z] 🚨 Process Gone: Utility (abnormal-exit)
[2026-08-11T03:29:46.629Z] 🚨 Process Gone: GPU (abnormal-exit)
[2026-08-11T03:29:46.630Z] 🛑 Critical GPU failure. Relaunching in Safe Mode...
[2026-08-11T03:29:46.672Z] 🚨 Process Gone: Utility (abnormal-exit)
[2026-08-11T03:29:46.702Z] 🚨 Process Gone: GPU (abnormal-exit)
[2026-08-11T03:29:46.713Z] 🛑 Critical GPU failure. Relaunching in Safe Mode...
[2026-08-11T03:29:46.813Z] 🚨 Process Gone: Utility (abnormal-exit)
[2026-08-11T03:29:46.891Z] 🚨 Process Gone: GPU (abnormal-exit)
[2026-08-11T03:29:46.894Z] 🛑 Critical GPU failure. Relaunching in Safe Mode...
[2026-08-11T03:29:46.961Z] 🚨 Process Gone: Utility (abnormal-exit)
[2026-08-11T03:29:46.992Z] 🚨 Process Gone: GPU (abnormal-exit)
[2026-08-11T03:29:46.993Z] 🛑 Critical GPU failure. Relaunching in Safe Mode...
[2026-08-11T03:29:47.048Z] 🚨 Process Gone: Utility (abnormal-exit)
[2026-08-11T03:29:47.076Z] 🚨 Process Gone: GPU (abnormal-exit)
[2026-08-11T03:29:47.077Z] 🛑 Critical GPU failure. Relaunching in Safe Mode...
[2026-08-11T03:29:47.130Z] 🚨 Process Gone: Utility (abnormal-exit)
[2026-08-11T03:29:47.187Z] 🚨 Process Gone: GPU (abnormal-exit)
[2026-08-11T03:29:47.195Z] 🛑 Critical GPU failure. Relaunching in Safe Mode...
[2026-08-11T03:29:47.241Z] 🚨 Process Gone: Utility (abnormal-exit)
[2026-08-11T03:29:47.292Z] 🚨 Process Gone: GPU (abnormal-exit)
[2026-08-11T03:29:47.295Z] 🛑 Critical GPU failure. Relaunching in Safe Mode...
[2026-08-11T03:29:47.411Z] 🚨 Process Gone: Utility (abnormal-exit)
[2026-08-11T03:29:47.468Z] 🚨 Process Gone: GPU (abnormal-exit)
[2026-08-11T03:29:47.475Z] 🛑 Critical GPU failure. Relaunching in Safe Mode...
[2026-08-11T03:29:47.550Z] 🚨 Process Gone: Utility (abnormal-exit)
[2026-08-11T03:29:47.606Z] 🚨 Process Gone: GPU (abnormal-exit)
[2026-08-11T03:29:47.611Z] 🛑 Critical GPU failure. Relaunching in Safe Mode...
[2026-08-11T03:29:47.719Z] 🚨 Process Gone: Utility (abnormal-exit)
[2026-08-11T03:43:44.771Z] --- LORAPOK STARTUP ---
[2026-08-11T03:43:45.285Z] ⚠️ FFmpeg binary not found at static path, checking system path...
[2026-08-11T03:43:45.295Z] ✅ FFprobe Initialized: /mnt/NewVolume/Personal_Projects/lorapok_player/lorapok-player/release/builds/linux/linux-unpacked/resources/app.asar/dist-electron/bin/linux/x64/ffprobe
[2026-08-11T03:43:45.342Z] Creating Window...
[2026-08-11T03:43:46.169Z] [APP PROTOCOL] Request: app://lorapok/index.html -> /mnt/NewVolume/Personal_Projects/lorapok_player/lorapok-player/release/builds/linux/linux-unpacked/resources/app.asar/dist/index.html
[2026-08-11T03:43:46.783Z] [APP PROTOCOL] Request: app://lorapok/assets/index-CdSzAV6o.js -> /mnt/NewVolume/Personal_Projects/lorapok_player/lorapok-player/release/builds/linux/linux-unpacked/resources/app.asar/dist/assets/index-CdSzAV6o.js
[2026-08-11T03:43:46.800Z] [APP PROTOCOL] Request: app://lorapok/assets/index-CcW-TewB.css -> /mnt/NewVolume/Personal_Projects/lorapok_player/lorapok-player/release/builds/linux/linux-unpacked/resources/app.asar/dist/assets/index-CcW-TewB.css
[2026-08-11T03:43:47.823Z] Renderer Finished Load
[2026-08-11T03:43:47.828Z] Window Ready to Show
[2026-08-11T03:43:50.078Z] --- LORAPOK STARTUP ---
[2026-08-11T03:43:50.586Z] ⚠️ FFmpeg binary not found at static path, checking system path...
[2026-08-11T03:43:50.596Z] ✅ FFprobe Initialized: /mnt/NewVolume/Personal_Projects/lorapok_player/lorapok-player/release/builds/linux/linux-unpacked/resources/app.asar/dist-electron/bin/linux/x64/ffprobe
[2026-08-11T03:43:50.643Z] Creating Window...
[2026-08-11T03:43:51.539Z] [APP PROTOCOL] Request: app://lorapok/index.html -> /mnt/NewVolume/Personal_Projects/lorapok_player/lorapok-player/release/builds/linux/linux-unpacked/resources/app.asar/dist/index.html
[2026-08-11T03:43:52.201Z] [APP PROTOCOL] Request: app://lorapok/assets/index-CdSzAV6o.js -> /mnt/NewVolume/Personal_Projects/lorapok_player/lorapok-player/release/builds/linux/linux-unpacked/resources/app.asar/dist/assets/index-CdSzAV6o.js
[2026-08-11T03:43:52.220Z] [APP PROTOCOL] Request: app://lorapok/assets/index-CcW-TewB.css -> /mnt/NewVolume/Personal_Projects/lorapok_player/lorapok-player/release/builds/linux/linux-unpacked/resources/app.asar/dist/assets/index-CcW-TewB.css
[2026-08-11T03:43:53.381Z] Renderer Finished Load
[2026-08-11T03:43:53.393Z] Window Ready to Show
[2026-08-11T03:43:53.844Z] [RENDERER] App Component Mounted
[2026-08-11T03:43:53.849Z] Renderer reported READY
[2026-08-11T03:43:54.050Z] [RENDERER CONSOLE] L:1 Received protocol/CLI URL: lorapok:///mnt/NewVolume/Personal_Projects/lorapok_player/test_media/long_sample.mp4 (app://lorapok/assets/index-CdSzAV6o.js:237)
[2026-08-11T03:43:54.103Z] [PATH DECODE] Input: /mnt/NewVolume/Personal_Projects/lorapok_player/test_media/long_sample.mp4
[2026-08-11T03:43:54.211Z] [PATH DECODE] Input: /mnt/NewVolume/Personal_Projects/lorapok_player/test_media/long_sample.mp4
[2026-08-11T03:43:54.281Z] [RENDERER CONSOLE] L:3 LORAPOK_UI_ERROR: Error: Error invoking remote method 'get-media-tracks': Error: spawn ENOTDIR (app://lorapok/assets/index-CdSzAV6o.js:237)
[2026-08-11T03:43:54.284Z] [RENDERER] RENDERER_ERROR: Error invoking remote method 'get-media-tracks': Error: spawn ENOTDIR 
[2026-08-11T03:43:54.290Z] [RENDERER CONSOLE] L:3 Uncaught (in promise) Error: Error invoking remote method 'get-media-tracks': Error: spawn ENOTDIR (app://lorapok/index.html:0)
[2026-08-11T03:43:54.292Z] [RENDERER CONSOLE] L:3 LORAPOK_UI_ERROR: Error: Error invoking remote method 'get-video-duration': Error: spawn ENOTDIR (app://lorapok/assets/index-CdSzAV6o.js:237)
[2026-08-11T03:43:54.294Z] [RENDERER] RENDERER_ERROR: Error invoking remote method 'get-video-duration': Error: spawn ENOTDIR 
[2026-08-11T03:43:54.304Z] [RENDERER CONSOLE] L:3 Uncaught (in promise) Error: Error invoking remote method 'get-video-duration': Error: spawn ENOTDIR (app://lorapok/index.html:0)
[2026-08-11T03:43:54.534Z] [MEDIA DEBUG] Raw URL: media:///mnt/NewVolume/Personal_Projects/lorapok_player/test_media/long_sample.mp4
[2026-08-11T03:43:54.536Z] [PATH DECODE] Input: media:///mnt/NewVolume/Personal_Projects/lorapok_player/test_media/long_sample.mp4
[2026-08-11T03:43:54.569Z] Deep Probe Error: Error: spawn ENOTDIR
[2026-08-11T03:43:54.572Z] 🧠 Universal Decode: .mp4 -> fMP4
[2026-08-11T03:43:54.667Z] FFmpeg Error: Cannot find ffmpeg
[2026-08-11T03:43:55.203Z] 🚨 Process Gone: Utility (killed)
[2026-08-11T03:43:55.253Z] 🚨 Process Gone: GPU (killed)
[2026-08-11T03:43:58.645Z] --- LORAPOK STARTUP ---
[2026-08-11T03:43:59.181Z] ⚠️ FFmpeg binary not found at static path, checking system path...
[2026-08-11T03:43:59.188Z] ✅ FFprobe Initialized: /mnt/NewVolume/Personal_Projects/lorapok_player/lorapok-player/release/builds/linux/linux-unpacked/resources/app.asar/dist-electron/bin/linux/x64/ffprobe
[2026-08-11T03:43:59.244Z] Creating Window...
[2026-08-11T03:44:00.152Z] [APP PROTOCOL] Request: app://lorapok/index.html -> /mnt/NewVolume/Personal_Projects/lorapok_player/lorapok-player/release/builds/linux/linux-unpacked/resources/app.asar/dist/index.html
[2026-08-11T03:44:00.773Z] [APP PROTOCOL] Request: app://lorapok/assets/index-CdSzAV6o.js -> /mnt/NewVolume/Personal_Projects/lorapok_player/lorapok-player/release/builds/linux/linux-unpacked/resources/app.asar/dist/assets/index-CdSzAV6o.js
[2026-08-11T03:44:00.793Z] [APP PROTOCOL] Request: app://lorapok/assets/index-CcW-TewB.css -> /mnt/NewVolume/Personal_Projects/lorapok_player/lorapok-player/release/builds/linux/linux-unpacked/resources/app.asar/dist/assets/index-CcW-TewB.css
[2026-08-11T03:44:01.745Z] Renderer Finished Load
[2026-08-11T03:44:01.748Z] Window Ready to Show
[2026-08-11T03:44:02.013Z] [RENDERER] App Component Mounted
[2026-08-11T03:44:02.024Z] Renderer reported READY
[2026-08-11T03:44:02.166Z] [RENDERER CONSOLE] L:1 Received protocol/CLI URL: lorapok:///mnt/NewVolume/Personal_Projects/lorapok_player/test_media/PXL_20240713_091018599.mp4 (app://lorapok/assets/index-CdSzAV6o.js:237)
[2026-08-11T03:44:02.200Z] [PATH DECODE] Input: /mnt/NewVolume/Personal_Projects/lorapok_player/test_media/PXL_20240713_091018599.mp4
[2026-08-11T03:44:02.285Z] [PATH DECODE] Input: /mnt/NewVolume/Personal_Projects/lorapok_player/test_media/PXL_20240713_091018599.mp4
[2026-08-11T03:44:02.327Z] [RENDERER CONSOLE] L:3 LORAPOK_UI_ERROR: Error: Error invoking remote method 'get-media-tracks': Error: spawn ENOTDIR (app://lorapok/assets/index-CdSzAV6o.js:237)
[2026-08-11T03:44:02.330Z] [RENDERER] RENDERER_ERROR: Error invoking remote method 'get-media-tracks': Error: spawn ENOTDIR 
[2026-08-11T03:44:02.331Z] [RENDERER CONSOLE] L:3 Uncaught (in promise) Error: Error invoking remote method 'get-media-tracks': Error: spawn ENOTDIR (app://lorapok/index.html:0)
[2026-08-11T03:44:02.342Z] [RENDERER CONSOLE] L:3 LORAPOK_UI_ERROR: Error: Error invoking remote method 'get-video-duration': Error: spawn ENOTDIR (app://lorapok/assets/index-CdSzAV6o.js:237)
[2026-08-11T03:44:02.350Z] [RENDERER] RENDERER_ERROR: Error invoking remote method 'get-video-duration': Error: spawn ENOTDIR 
[2026-08-11T03:44:02.352Z] [RENDERER CONSOLE] L:3 Uncaught (in promise) Error: Error invoking remote method 'get-video-duration': Error: spawn ENOTDIR (app://lorapok/index.html:0)
[2026-08-11T03:44:02.637Z] [MEDIA DEBUG] Raw URL: media:///mnt/NewVolume/Personal_Projects/lorapok_player/test_media/PXL_20240713_091018599.mp4
[2026-08-11T03:44:02.639Z] [PATH DECODE] Input: media:///mnt/NewVolume/Personal_Projects/lorapok_player/test_media/PXL_20240713_091018599.mp4
[2026-08-11T03:44:02.661Z] Deep Probe Error: Error: spawn ENOTDIR
[2026-08-11T03:44:02.662Z] 🧠 Universal Decode: .mp4 -> fMP4
[2026-08-11T03:44:02.734Z] FFmpeg Error: Cannot find ffmpeg
[2026-08-11T03:44:06.765Z] --- LORAPOK STARTUP ---
[2026-08-11T03:44:07.400Z] ⚠️ FFmpeg binary not found at static path, checking system path...
[2026-08-11T03:44:07.409Z] ✅ FFprobe Initialized: /mnt/NewVolume/Personal_Projects/lorapok_player/lorapok-player/release/builds/linux/linux-unpacked/resources/app.asar/dist-electron/bin/linux/x64/ffprobe
[2026-08-11T03:44:07.468Z] Creating Window...
[2026-08-11T03:44:09.019Z] [APP PROTOCOL] Request: app://lorapok/index.html -> /mnt/NewVolume/Personal_Projects/lorapok_player/lorapok-player/release/builds/linux/linux-unpacked/resources/app.asar/dist/index.html
[2026-08-11T03:44:09.928Z] [APP PROTOCOL] Request: app://lorapok/assets/index-CdSzAV6o.js -> /mnt/NewVolume/Personal_Projects/lorapok_player/lorapok-player/release/builds/linux/linux-unpacked/resources/app.asar/dist/assets/index-CdSzAV6o.js
[2026-08-11T03:44:09.954Z] [APP PROTOCOL] Request: app://lorapok/assets/index-CcW-TewB.css -> /mnt/NewVolume/Personal_Projects/lorapok_player/lorapok-player/release/builds/linux/linux-unpacked/resources/app.asar/dist/assets/index-CcW-TewB.css
[2026-08-11T03:44:10.961Z] Renderer Finished Load
[2026-08-11T03:44:10.964Z] Window Ready to Show
[2026-08-11T03:44:11.234Z] [RENDERER] App Component Mounted
[2026-08-11T03:44:11.236Z] Renderer reported READY
[2026-08-11T03:44:11.357Z] [RENDERER CONSOLE] L:1 Received protocol/CLI URL: lorapok:///mnt/NewVolume/Personal_Projects/lorapok_player/test_media/PXL_20240713_095454016.mp4 (app://lorapok/assets/index-CdSzAV6o.js:237)
[2026-08-11T03:44:11.384Z] [PATH DECODE] Input: /mnt/NewVolume/Personal_Projects/lorapok_player/test_media/PXL_20240713_095454016.mp4
[2026-08-11T03:44:11.495Z] [PATH DECODE] Input: /mnt/NewVolume/Personal_Projects/lorapok_player/test_media/PXL_20240713_095454016.mp4
[2026-08-11T03:44:11.538Z] [RENDERER CONSOLE] L:3 LORAPOK_UI_ERROR: Error: Error invoking remote method 'get-media-tracks': Error: spawn ENOTDIR (app://lorapok/assets/index-CdSzAV6o.js:237)
[2026-08-11T03:44:11.541Z] [RENDERER] RENDERER_ERROR: Error invoking remote method 'get-media-tracks': Error: spawn ENOTDIR 
[2026-08-11T03:44:11.543Z] [RENDERER CONSOLE] L:3 Uncaught (in promise) Error: Error invoking remote method 'get-media-tracks': Error: spawn ENOTDIR (app://lorapok/index.html:0)
[2026-08-11T03:44:11.546Z] [RENDERER CONSOLE] L:3 LORAPOK_UI_ERROR: Error: Error invoking remote method 'get-video-duration': Error: spawn ENOTDIR (app://lorapok/assets/index-CdSzAV6o.js:237)
[2026-08-11T03:44:11.548Z] [RENDERER] RENDERER_ERROR: Error invoking remote method 'get-video-duration': Error: spawn ENOTDIR 
[2026-08-11T03:44:11.549Z] [RENDERER CONSOLE] L:3 Uncaught (in promise) Error: Error invoking remote method 'get-video-duration': Error: spawn ENOTDIR (app://lorapok/index.html:0)
[2026-08-11T03:44:11.742Z] [MEDIA DEBUG] Raw URL: media:///mnt/NewVolume/Personal_Projects/lorapok_player/test_media/PXL_20240713_095454016.mp4
[2026-08-11T03:44:11.743Z] [PATH DECODE] Input: media:///mnt/NewVolume/Personal_Projects/lorapok_player/test_media/PXL_20240713_095454016.mp4
[2026-08-11T03:44:11.763Z] Deep Probe Error: Error: spawn ENOTDIR
[2026-08-11T03:44:11.764Z] 🧠 Universal Decode: .mp4 -> fMP4
[2026-08-11T03:44:11.790Z] FFmpeg Error: Cannot find ffmpeg
[2026-08-11T03:44:14.843Z] --- LORAPOK STARTUP ---
[2026-08-11T03:44:15.595Z] ⚠️ FFmpeg binary not found at static path, checking system path...
[2026-08-11T03:44:15.609Z] ✅ FFprobe Initialized: /mnt/NewVolume/Personal_Projects/lorapok_player/lorapok-player/release/builds/linux/linux-unpacked/resources/app.asar/dist-electron/bin/linux/x64/ffprobe
[2026-08-11T03:44:15.674Z] Creating Window...
[2026-08-11T03:44:16.965Z] [APP PROTOCOL] Request: app://lorapok/index.html -> /mnt/NewVolume/Personal_Projects/lorapok_player/lorapok-player/release/builds/linux/linux-unpacked/resources/app.asar/dist/index.html
[2026-08-11T03:44:17.733Z] [APP PROTOCOL] Request: app://lorapok/assets/index-CdSzAV6o.js -> /mnt/NewVolume/Personal_Projects/lorapok_player/lorapok-player/release/builds/linux/linux-unpacked/resources/app.asar/dist/assets/index-CdSzAV6o.js
[2026-08-11T03:44:17.757Z] [APP PROTOCOL] Request: app://lorapok/assets/index-CcW-TewB.css -> /mnt/NewVolume/Personal_Projects/lorapok_player/lorapok-player/release/builds/linux/linux-unpacked/resources/app.asar/dist/assets/index-CcW-TewB.css
[2026-08-11T03:44:18.834Z] Renderer Finished Load
[2026-08-11T03:44:18.839Z] Window Ready to Show
[2026-08-11T03:44:19.127Z] [RENDERER] App Component Mounted
[2026-08-11T03:44:19.131Z] Renderer reported READY
[2026-08-11T03:44:19.277Z] [RENDERER CONSOLE] L:1 Received protocol/CLI URL: lorapok:///mnt/NewVolume/Personal_Projects/lorapok_player/test_media/sample_1080p.mp4 (app://lorapok/assets/index-CdSzAV6o.js:237)
[2026-08-11T03:44:19.307Z] [PATH DECODE] Input: /mnt/NewVolume/Personal_Projects/lorapok_player/test_media/sample_1080p.mp4
[2026-08-11T03:44:19.374Z] [PATH DECODE] Input: /mnt/NewVolume/Personal_Projects/lorapok_player/test_media/sample_1080p.mp4
[2026-08-11T03:44:19.435Z] [RENDERER CONSOLE] L:3 LORAPOK_UI_ERROR: Error: Error invoking remote method 'get-media-tracks': Error: spawn ENOTDIR (app://lorapok/assets/index-CdSzAV6o.js:237)
[2026-08-11T03:44:19.438Z] [RENDERER] RENDERER_ERROR: Error invoking remote method 'get-media-tracks': Error: spawn ENOTDIR 
[2026-08-11T03:44:19.442Z] [RENDERER CONSOLE] L:3 Uncaught (in promise) Error: Error invoking remote method 'get-media-tracks': Error: spawn ENOTDIR (app://lorapok/index.html:0)
[2026-08-11T03:44:19.452Z] [RENDERER CONSOLE] L:3 LORAPOK_UI_ERROR: Error: Error invoking remote method 'get-video-duration': Error: spawn ENOTDIR (app://lorapok/assets/index-CdSzAV6o.js:237)
[2026-08-11T03:44:19.461Z] [RENDERER] RENDERER_ERROR: Error invoking remote method 'get-video-duration': Error: spawn ENOTDIR 
[2026-08-11T03:44:19.468Z] [RENDERER CONSOLE] L:3 Uncaught (in promise) Error: Error invoking remote method 'get-video-duration': Error: spawn ENOTDIR (app://lorapok/index.html:0)
[2026-08-11T03:44:19.667Z] [MEDIA DEBUG] Raw URL: media:///mnt/NewVolume/Personal_Projects/lorapok_player/test_media/sample_1080p.mp4
[2026-08-11T03:44:19.668Z] [PATH DECODE] Input: media:///mnt/NewVolume/Personal_Projects/lorapok_player/test_media/sample_1080p.mp4
[2026-08-11T03:44:19.691Z] Deep Probe Error: Error: spawn ENOTDIR
[2026-08-11T03:44:19.692Z] 🧠 Universal Decode: .mp4 -> fMP4
[2026-08-11T03:44:19.719Z] FFmpeg Error: Cannot find ffmpeg
[2026-08-11T03:44:22.875Z] --- LORAPOK STARTUP ---
[2026-08-11T03:44:23.481Z] ⚠️ FFmpeg binary not found at static path, checking system path...
[2026-08-11T03:44:23.489Z] ✅ FFprobe Initialized: /mnt/NewVolume/Personal_Projects/lorapok_player/lorapok-player/release/builds/linux/linux-unpacked/resources/app.asar/dist-electron/bin/linux/x64/ffprobe
[2026-08-11T03:44:23.557Z] Creating Window...
[2026-08-11T03:44:24.475Z] [APP PROTOCOL] Request: app://lorapok/index.html -> /mnt/NewVolume/Personal_Projects/lorapok_player/lorapok-player/release/builds/linux/linux-unpacked/resources/app.asar/dist/index.html
[2026-08-11T03:44:25.259Z] [APP PROTOCOL] Request: app://lorapok/assets/index-CdSzAV6o.js -> /mnt/NewVolume/Personal_Projects/lorapok_player/lorapok-player/release/builds/linux/linux-unpacked/resources/app.asar/dist/assets/index-CdSzAV6o.js
[2026-08-11T03:44:25.278Z] [APP PROTOCOL] Request: app://lorapok/assets/index-CcW-TewB.css -> /mnt/NewVolume/Personal_Projects/lorapok_player/lorapok-player/release/builds/linux/linux-unpacked/resources/app.asar/dist/assets/index-CcW-TewB.css
[2026-08-11T03:44:26.441Z] Renderer Finished Load
[2026-08-11T03:44:26.446Z] Window Ready to Show
[2026-08-11T03:44:26.827Z] [RENDERER] App Component Mounted
[2026-08-11T03:44:26.831Z] Renderer reported READY
[2026-08-11T03:44:26.999Z] [RENDERER CONSOLE] L:1 Received protocol/CLI URL: lorapok:///mnt/NewVolume/Personal_Projects/lorapok_player/test_media/sample.3gp (app://lorapok/assets/index-CdSzAV6o.js:237)
[2026-08-11T03:44:27.076Z] [PATH DECODE] Input: /mnt/NewVolume/Personal_Projects/lorapok_player/test_media/sample.3gp
[2026-08-11T03:44:27.169Z] [PATH DECODE] Input: /mnt/NewVolume/Personal_Projects/lorapok_player/test_media/sample.3gp
[2026-08-11T03:44:27.203Z] [RENDERER CONSOLE] L:3 LORAPOK_UI_ERROR: Error: Error invoking remote method 'get-media-tracks': Error: spawn ENOTDIR (app://lorapok/assets/index-CdSzAV6o.js:237)
[2026-08-11T03:44:27.207Z] [RENDERER] RENDERER_ERROR: Error invoking remote method 'get-media-tracks': Error: spawn ENOTDIR 
[2026-08-11T03:44:27.210Z] [RENDERER CONSOLE] L:3 Uncaught (in promise) Error: Error invoking remote method 'get-media-tracks': Error: spawn ENOTDIR (app://lorapok/index.html:0)
[2026-08-11T03:44:27.212Z] [RENDERER CONSOLE] L:3 LORAPOK_UI_ERROR: Error: Error invoking remote method 'get-video-duration': Error: spawn ENOTDIR (app://lorapok/assets/index-CdSzAV6o.js:237)
[2026-08-11T03:44:27.214Z] [RENDERER] RENDERER_ERROR: Error invoking remote method 'get-video-duration': Error: spawn ENOTDIR 
[2026-08-11T03:44:27.216Z] [RENDERER CONSOLE] L:3 Uncaught (in promise) Error: Error invoking remote method 'get-video-duration': Error: spawn ENOTDIR (app://lorapok/index.html:0)
[2026-08-11T03:44:27.461Z] [MEDIA DEBUG] Raw URL: media:///mnt/NewVolume/Personal_Projects/lorapok_player/test_media/sample.3gp
[2026-08-11T03:44:27.463Z] [PATH DECODE] Input: media:///mnt/NewVolume/Personal_Projects/lorapok_player/test_media/sample.3gp
[2026-08-11T03:44:27.467Z] 🧠 Universal Decode: .3gp -> fMP4
[2026-08-11T03:44:27.492Z] FFmpeg Error: Cannot find ffmpeg
[2026-08-11T03:44:30.949Z] --- LORAPOK STARTUP ---
[2026-08-11T03:44:31.682Z] ⚠️ FFmpeg binary not found at static path, checking system path...
[2026-08-11T03:44:31.690Z] ✅ FFprobe Initialized: /mnt/NewVolume/Personal_Projects/lorapok_player/lorapok-player/release/builds/linux/linux-unpacked/resources/app.asar/dist-electron/bin/linux/x64/ffprobe
[2026-08-11T03:44:31.753Z] Creating Window...
[2026-08-11T03:44:33.094Z] [APP PROTOCOL] Request: app://lorapok/index.html -> /mnt/NewVolume/Personal_Projects/lorapok_player/lorapok-player/release/builds/linux/linux-unpacked/resources/app.asar/dist/index.html
[2026-08-11T03:44:34.246Z] [APP PROTOCOL] Request: app://lorapok/assets/index-CdSzAV6o.js -> /mnt/NewVolume/Personal_Projects/lorapok_player/lorapok-player/release/builds/linux/linux-unpacked/resources/app.asar/dist/assets/index-CdSzAV6o.js
[2026-08-11T03:44:34.280Z] [APP PROTOCOL] Request: app://lorapok/assets/index-CcW-TewB.css -> /mnt/NewVolume/Personal_Projects/lorapok_player/lorapok-player/release/builds/linux/linux-unpacked/resources/app.asar/dist/assets/index-CcW-TewB.css
[2026-08-11T03:44:35.284Z] Renderer Finished Load
[2026-08-11T03:44:35.286Z] Window Ready to Show
[2026-08-11T03:44:35.429Z] [RENDERER] App Component Mounted
[2026-08-11T03:44:35.431Z] Renderer reported READY
[2026-08-11T03:44:35.519Z] [RENDERER CONSOLE] L:1 Received protocol/CLI URL: lorapok:///mnt/NewVolume/Personal_Projects/lorapok_player/test_media/sample.aac (app://lorapok/assets/index-CdSzAV6o.js:237)
[2026-08-11T03:44:35.532Z] [PATH DECODE] Input: /mnt/NewVolume/Personal_Projects/lorapok_player/test_media/sample.aac
[2026-08-11T03:44:35.558Z] [PATH DECODE] Input: /mnt/NewVolume/Personal_Projects/lorapok_player/test_media/sample.aac
[2026-08-11T03:44:35.571Z] [RENDERER CONSOLE] L:3 LORAPOK_UI_ERROR: Error: Error invoking remote method 'get-media-tracks': Error: spawn ENOTDIR (app://lorapok/assets/index-CdSzAV6o.js:237)
[2026-08-11T03:44:35.572Z] [RENDERER] RENDERER_ERROR: Error invoking remote method 'get-media-tracks': Error: spawn ENOTDIR 
[2026-08-11T03:44:35.572Z] [RENDERER CONSOLE] L:3 Uncaught (in promise) Error: Error invoking remote method 'get-media-tracks': Error: spawn ENOTDIR (app://lorapok/index.html:0)
[2026-08-11T03:44:35.573Z] [RENDERER CONSOLE] L:3 LORAPOK_UI_ERROR: Error: Error invoking remote method 'get-video-duration': Error: spawn ENOTDIR (app://lorapok/assets/index-CdSzAV6o.js:237)
[2026-08-11T03:44:35.574Z] [RENDERER] RENDERER_ERROR: Error invoking remote method 'get-video-duration': Error: spawn ENOTDIR 
[2026-08-11T03:44:35.574Z] [RENDERER CONSOLE] L:3 Uncaught (in promise) Error: Error invoking remote method 'get-video-duration': Error: spawn ENOTDIR (app://lorapok/index.html:0)
[2026-08-11T03:44:35.800Z] [MEDIA DEBUG] Raw URL: media:///mnt/NewVolume/Personal_Projects/lorapok_player/test_media/sample.aac
[2026-08-11T03:44:35.801Z] [PATH DECODE] Input: media:///mnt/NewVolume/Personal_Projects/lorapok_player/test_media/sample.aac
[2026-08-11T03:44:35.850Z] [RENDERER CONSOLE] L:1 ⚠️ Native playback failed. Switching to Neural Decode... (app://lorapok/assets/index-CdSzAV6o.js:237)
[2026-08-11T03:44:35.862Z] [MEDIA DEBUG] Raw URL: media:///mnt/NewVolume/Personal_Projects/lorapok_player/test_media/sample.aac?transcode=true
[2026-08-11T03:44:35.863Z] [PATH DECODE] Input: media:///mnt/NewVolume/Personal_Projects/lorapok_player/test_media/sample.aac?transcode=true
[2026-08-11T03:44:35.863Z] 🧠 Universal Decode: .aac -> fMP4
[2026-08-11T03:44:35.874Z] FFmpeg Error: Cannot find ffmpeg
[2026-08-11T03:44:35.886Z] [PATH DECODE] Input: /mnt/NewVolume/Personal_Projects/lorapok_player/test_media/sample.aac?transcode=true
[2026-08-11T03:44:35.906Z] [RENDERER CONSOLE] L:3 LORAPOK_UI_ERROR: Error: Error invoking remote method 'get-video-duration': Error: spawn ENOTDIR (app://lorapok/assets/index-CdSzAV6o.js:237)
[2026-08-11T03:44:35.907Z] [RENDERER] RENDERER_ERROR: Error invoking remote method 'get-video-duration': Error: spawn ENOTDIR 
[2026-08-11T03:44:35.908Z] [RENDERER CONSOLE] L:3 Uncaught (in promise) Error: Error invoking remote method 'get-video-duration': Error: spawn ENOTDIR (app://lorapok/index.html:0)
[2026-08-11T03:44:37.683Z] --- LORAPOK STARTUP ---
[2026-08-11T03:44:37.819Z] ⚠️ FFmpeg binary not found at static path, checking system path...
[2026-08-11T03:44:37.822Z] ✅ FFprobe Initialized: /mnt/NewVolume/Personal_Projects/lorapok_player/lorapok-player/release/builds/linux/linux-unpacked/resources/app.asar/dist-electron/bin/linux/x64/ffprobe
[2026-08-11T03:44:37.843Z] Creating Window...
[2026-08-11T03:44:38.097Z] [APP PROTOCOL] Request: app://lorapok/index.html -> /mnt/NewVolume/Personal_Projects/lorapok_player/lorapok-player/release/builds/linux/linux-unpacked/resources/app.asar/dist/index.html
[2026-08-11T03:44:38.275Z] [APP PROTOCOL] Request: app://lorapok/assets/index-CdSzAV6o.js -> /mnt/NewVolume/Personal_Projects/lorapok_player/lorapok-player/release/builds/linux/linux-unpacked/resources/app.asar/dist/assets/index-CdSzAV6o.js
[2026-08-11T03:44:38.280Z] [APP PROTOCOL] Request: app://lorapok/assets/index-CcW-TewB.css -> /mnt/NewVolume/Personal_Projects/lorapok_player/lorapok-player/release/builds/linux/linux-unpacked/resources/app.asar/dist/assets/index-CcW-TewB.css
[2026-08-11T03:44:38.544Z] Renderer Finished Load
[2026-08-11T03:44:38.545Z] Window Ready to Show
[2026-08-11T03:44:38.603Z] [RENDERER] App Component Mounted
[2026-08-11T03:44:38.604Z] Renderer reported READY
[2026-08-11T03:44:38.632Z] [RENDERER CONSOLE] L:1 Received protocol/CLI URL: lorapok:///mnt/NewVolume/Personal_Projects/lorapok_player/test_media/sample.avi (app://lorapok/assets/index-CdSzAV6o.js:237)
[2026-08-11T03:44:38.638Z] [PATH DECODE] Input: /mnt/NewVolume/Personal_Projects/lorapok_player/test_media/sample.avi
[2026-08-11T03:44:38.652Z] [PATH DECODE] Input: /mnt/NewVolume/Personal_Projects/lorapok_player/test_media/sample.avi
[2026-08-11T03:44:38.660Z] [RENDERER CONSOLE] L:3 LORAPOK_UI_ERROR: Error: Error invoking remote method 'get-media-tracks': Error: spawn ENOTDIR (app://lorapok/assets/index-CdSzAV6o.js:237)
[2026-08-11T03:44:38.661Z] [RENDERER] RENDERER_ERROR: Error invoking remote method 'get-media-tracks': Error: spawn ENOTDIR 
[2026-08-11T03:44:38.661Z] [RENDERER CONSOLE] L:3 Uncaught (in promise) Error: Error invoking remote method 'get-media-tracks': Error: spawn ENOTDIR (app://lorapok/index.html:0)
[2026-08-11T03:44:38.662Z] [RENDERER CONSOLE] L:3 LORAPOK_UI_ERROR: Error: Error invoking remote method 'get-video-duration': Error: spawn ENOTDIR (app://lorapok/assets/index-CdSzAV6o.js:237)
[2026-08-11T03:44:38.662Z] [RENDERER] RENDERER_ERROR: Error invoking remote method 'get-video-duration': Error: spawn ENOTDIR 
[2026-08-11T03:44:38.662Z] [RENDERER CONSOLE] L:3 Uncaught (in promise) Error: Error invoking remote method 'get-video-duration': Error: spawn ENOTDIR (app://lorapok/index.html:0)
[2026-08-11T03:44:38.957Z] [MEDIA DEBUG] Raw URL: media:///mnt/NewVolume/Personal_Projects/lorapok_player/test_media/sample.avi
[2026-08-11T03:44:38.958Z] [PATH DECODE] Input: media:///mnt/NewVolume/Personal_Projects/lorapok_player/test_media/sample.avi
[2026-08-11T03:44:38.959Z] 🧠 Universal Decode: .avi -> fMP4
[2026-08-11T03:44:38.967Z] FFmpeg Error: Cannot find ffmpeg
[2026-08-11T03:44:45.567Z] --- LORAPOK STARTUP ---
[2026-08-11T03:44:45.666Z] ⚠️ FFmpeg binary not found at static path, checking system path...
[2026-08-11T03:44:45.668Z] ✅ FFprobe Initialized: /mnt/NewVolume/Personal_Projects/lorapok_player/lorapok-player/release/builds/linux/linux-unpacked/resources/app.asar/dist-electron/bin/linux/x64/ffprobe
[2026-08-11T03:44:45.680Z] Creating Window...
[2026-08-11T03:44:45.867Z] [APP PROTOCOL] Request: app://lorapok/index.html -> /mnt/NewVolume/Personal_Projects/lorapok_player/lorapok-player/release/builds/linux/linux-unpacked/resources/app.asar/dist/index.html
[2026-08-11T03:44:46.023Z] [APP PROTOCOL] Request: app://lorapok/assets/index-CdSzAV6o.js -> /mnt/NewVolume/Personal_Projects/lorapok_player/lorapok-player/release/builds/linux/linux-unpacked/resources/app.asar/dist/assets/index-CdSzAV6o.js
[2026-08-11T03:44:46.028Z] [APP PROTOCOL] Request: app://lorapok/assets/index-CcW-TewB.css -> /mnt/NewVolume/Personal_Projects/lorapok_player/lorapok-player/release/builds/linux/linux-unpacked/resources/app.asar/dist/assets/index-CcW-TewB.css
[2026-08-11T03:44:46.267Z] Renderer Finished Load
[2026-08-11T03:44:46.268Z] Window Ready to Show
[2026-08-11T03:44:46.324Z] [RENDERER] App Component Mounted
[2026-08-11T03:44:46.324Z] Renderer reported READY
[2026-08-11T03:44:46.351Z] [RENDERER CONSOLE] L:1 Received protocol/CLI URL: lorapok:///mnt/NewVolume/Personal_Projects/lorapok_player/test_media/sample.flac (app://lorapok/assets/index-CdSzAV6o.js:237)
[2026-08-11T03:44:46.357Z] [PATH DECODE] Input: /mnt/NewVolume/Personal_Projects/lorapok_player/test_media/sample.flac
[2026-08-11T03:44:46.374Z] [PATH DECODE] Input: /mnt/NewVolume/Personal_Projects/lorapok_player/test_media/sample.flac
[2026-08-11T03:44:46.384Z] [RENDERER CONSOLE] L:3 LORAPOK_UI_ERROR: Error: Error invoking remote method 'get-media-tracks': Error: spawn ENOTDIR (app://lorapok/assets/index-CdSzAV6o.js:237)
[2026-08-11T03:44:46.384Z] [RENDERER] RENDERER_ERROR: Error invoking remote method 'get-media-tracks': Error: spawn ENOTDIR 
[2026-08-11T03:44:46.384Z] [RENDERER CONSOLE] L:3 Uncaught (in promise) Error: Error invoking remote method 'get-media-tracks': Error: spawn ENOTDIR (app://lorapok/index.html:0)
[2026-08-11T03:44:46.385Z] [RENDERER CONSOLE] L:3 LORAPOK_UI_ERROR: Error: Error invoking remote method 'get-video-duration': Error: spawn ENOTDIR (app://lorapok/assets/index-CdSzAV6o.js:237)
[2026-08-11T03:44:46.386Z] [RENDERER] RENDERER_ERROR: Error invoking remote method 'get-video-duration': Error: spawn ENOTDIR 
[2026-08-11T03:44:46.386Z] [RENDERER CONSOLE] L:3 Uncaught (in promise) Error: Error invoking remote method 'get-video-duration': Error: spawn ENOTDIR (app://lorapok/index.html:0)
[2026-08-11T03:44:46.622Z] [MEDIA DEBUG] Raw URL: media:///mnt/NewVolume/Personal_Projects/lorapok_player/test_media/sample.flac
[2026-08-11T03:44:46.622Z] [PATH DECODE] Input: media:///mnt/NewVolume/Personal_Projects/lorapok_player/test_media/sample.flac
[2026-08-11T03:44:46.647Z] [RENDERER CONSOLE] L:1 ⚠️ Native playback failed. Switching to Neural Decode... (app://lorapok/assets/index-CdSzAV6o.js:237)
[2026-08-11T03:44:46.655Z] [MEDIA DEBUG] Raw URL: media:///mnt/NewVolume/Personal_Projects/lorapok_player/test_media/sample.flac?transcode=true
[2026-08-11T03:44:46.655Z] [PATH DECODE] Input: media:///mnt/NewVolume/Personal_Projects/lorapok_player/test_media/sample.flac?transcode=true
[2026-08-11T03:44:46.655Z] 🧠 Universal Decode: .flac -> fMP4
[2026-08-11T03:44:46.659Z] [PATH DECODE] Input: /mnt/NewVolume/Personal_Projects/lorapok_player/test_media/sample.flac?transcode=true
[2026-08-11T03:44:46.679Z] [RENDERER CONSOLE] L:3 LORAPOK_UI_ERROR: Error: Error invoking remote method 'get-video-duration': Error: spawn ENOTDIR (app://lorapok/assets/index-CdSzAV6o.js:237)
[2026-08-11T03:44:46.679Z] [RENDERER] RENDERER_ERROR: Error invoking remote method 'get-video-duration': Error: spawn ENOTDIR 
[2026-08-11T03:44:46.679Z] [RENDERER CONSOLE] L:3 Uncaught (in promise) Error: Error invoking remote method 'get-video-duration': Error: spawn ENOTDIR (app://lorapok/index.html:0)
[2026-08-11T03:44:46.683Z] FFmpeg Error: Cannot find ffmpeg
[2026-08-11T03:44:53.830Z] --- LORAPOK STARTUP ---
[2026-08-11T03:44:53.969Z] ⚠️ FFmpeg binary not found at static path, checking system path...
[2026-08-11T03:44:53.971Z] ✅ FFprobe Initialized: /mnt/NewVolume/Personal_Projects/lorapok_player/lorapok-player/release/builds/linux/linux-unpacked/resources/app.asar/dist-electron/bin/linux/x64/ffprobe
[2026-08-11T03:44:53.986Z] Creating Window...
[2026-08-11T03:44:54.229Z] [APP PROTOCOL] Request: app://lorapok/index.html -> /mnt/NewVolume/Personal_Projects/lorapok_player/lorapok-player/release/builds/linux/linux-unpacked/resources/app.asar/dist/index.html
[2026-08-11T03:44:54.410Z] [APP PROTOCOL] Request: app://lorapok/assets/index-CdSzAV6o.js -> /mnt/NewVolume/Personal_Projects/lorapok_player/lorapok-player/release/builds/linux/linux-unpacked/resources/app.asar/dist/assets/index-CdSzAV6o.js
[2026-08-11T03:44:54.417Z] [APP PROTOCOL] Request: app://lorapok/assets/index-CcW-TewB.css -> /mnt/NewVolume/Personal_Projects/lorapok_player/lorapok-player/release/builds/linux/linux-unpacked/resources/app.asar/dist/assets/index-CcW-TewB.css
[2026-08-11T03:44:54.697Z] Renderer Finished Load
[2026-08-11T03:44:54.698Z] Window Ready to Show
[2026-08-11T03:44:54.760Z] [RENDERER] App Component Mounted
[2026-08-11T03:44:54.760Z] Renderer reported READY
[2026-08-11T03:44:54.803Z] [RENDERER CONSOLE] L:1 Received protocol/CLI URL: lorapok:///mnt/NewVolume/Personal_Projects/lorapok_player/test_media/sample.flv (app://lorapok/assets/index-CdSzAV6o.js:237)
[2026-08-11T03:44:54.811Z] [PATH DECODE] Input: /mnt/NewVolume/Personal_Projects/lorapok_player/test_media/sample.flv
[2026-08-11T03:44:54.834Z] [PATH DECODE] Input: /mnt/NewVolume/Personal_Projects/lorapok_player/test_media/sample.flv
[2026-08-11T03:44:54.844Z] [RENDERER CONSOLE] L:3 LORAPOK_UI_ERROR: Error: Error invoking remote method 'get-media-tracks': Error: spawn ENOTDIR (app://lorapok/assets/index-CdSzAV6o.js:237)
[2026-08-11T03:44:54.845Z] [RENDERER] RENDERER_ERROR: Error invoking remote method 'get-media-tracks': Error: spawn ENOTDIR 
[2026-08-11T03:44:54.846Z] [RENDERER CONSOLE] L:3 Uncaught (in promise) Error: Error invoking remote method 'get-media-tracks': Error: spawn ENOTDIR (app://lorapok/index.html:0)
[2026-08-11T03:44:54.847Z] [RENDERER CONSOLE] L:3 LORAPOK_UI_ERROR: Error: Error invoking remote method 'get-video-duration': Error: spawn ENOTDIR (app://lorapok/assets/index-CdSzAV6o.js:237)
[2026-08-11T03:44:54.849Z] [RENDERER] RENDERER_ERROR: Error invoking remote method 'get-video-duration': Error: spawn ENOTDIR 
[2026-08-11T03:44:54.849Z] [RENDERER CONSOLE] L:3 Uncaught (in promise) Error: Error invoking remote method 'get-video-duration': Error: spawn ENOTDIR (app://lorapok/index.html:0)
[2026-08-11T03:44:55.071Z] [MEDIA DEBUG] Raw URL: media:///mnt/NewVolume/Personal_Projects/lorapok_player/test_media/sample.flv
[2026-08-11T03:44:55.072Z] [PATH DECODE] Input: media:///mnt/NewVolume/Personal_Projects/lorapok_player/test_media/sample.flv
[2026-08-11T03:44:55.073Z] 🧠 Universal Decode: .flv -> fMP4
[2026-08-11T03:44:55.080Z] FFmpeg Error: Cannot find ffmpeg
[2026-08-11T03:45:01.731Z] --- LORAPOK STARTUP ---
[2026-08-11T03:45:01.873Z] ⚠️ FFmpeg binary not found at static path, checking system path...
[2026-08-11T03:45:01.875Z] ✅ FFprobe Initialized: /mnt/NewVolume/Personal_Projects/lorapok_player/lorapok-player/release/builds/linux/linux-unpacked/resources/app.asar/dist-electron/bin/linux/x64/ffprobe
[2026-08-11T03:45:01.890Z] Creating Window...
[2026-08-11T03:45:02.142Z] [APP PROTOCOL] Request: app://lorapok/index.html -> /mnt/NewVolume/Personal_Projects/lorapok_player/lorapok-player/release/builds/linux/linux-unpacked/resources/app.asar/dist/index.html
[2026-08-11T03:45:02.318Z] [APP PROTOCOL] Request: app://lorapok/assets/index-CdSzAV6o.js -> /mnt/NewVolume/Personal_Projects/lorapok_player/lorapok-player/release/builds/linux/linux-unpacked/resources/app.asar/dist/assets/index-CdSzAV6o.js
[2026-08-11T03:45:02.323Z] [APP PROTOCOL] Request: app://lorapok/assets/index-CcW-TewB.css -> /mnt/NewVolume/Personal_Projects/lorapok_player/lorapok-player/release/builds/linux/linux-unpacked/resources/app.asar/dist/assets/index-CcW-TewB.css
[2026-08-11T03:45:02.595Z] Renderer Finished Load
[2026-08-11T03:45:02.596Z] Window Ready to Show
[2026-08-11T03:45:02.657Z] [RENDERER] App Component Mounted
[2026-08-11T03:45:02.658Z] Renderer reported READY
[2026-08-11T03:45:02.695Z] [RENDERER CONSOLE] L:1 Received protocol/CLI URL: lorapok:///mnt/NewVolume/Personal_Projects/lorapok_player/test_media/sample.m4a (app://lorapok/assets/index-CdSzAV6o.js:237)
[2026-08-11T03:45:02.703Z] [PATH DECODE] Input: /mnt/NewVolume/Personal_Projects/lorapok_player/test_media/sample.m4a
[2026-08-11T03:45:02.724Z] [PATH DECODE] Input: /mnt/NewVolume/Personal_Projects/lorapok_player/test_media/sample.m4a
[2026-08-11T03:45:02.735Z] [RENDERER CONSOLE] L:3 LORAPOK_UI_ERROR: Error: Error invoking remote method 'get-media-tracks': Error: spawn ENOTDIR (app://lorapok/assets/index-CdSzAV6o.js:237)
[2026-08-11T03:45:02.736Z] [RENDERER] RENDERER_ERROR: Error invoking remote method 'get-media-tracks': Error: spawn ENOTDIR 
[2026-08-11T03:45:02.736Z] [RENDERER CONSOLE] L:3 Uncaught (in promise) Error: Error invoking remote method 'get-media-tracks': Error: spawn ENOTDIR (app://lorapok/index.html:0)
[2026-08-11T03:45:02.737Z] [RENDERER CONSOLE] L:3 LORAPOK_UI_ERROR: Error: Error invoking remote method 'get-video-duration': Error: spawn ENOTDIR (app://lorapok/assets/index-CdSzAV6o.js:237)
[2026-08-11T03:45:02.738Z] [RENDERER] RENDERER_ERROR: Error invoking remote method 'get-video-duration': Error: spawn ENOTDIR 
[2026-08-11T03:45:02.738Z] [RENDERER CONSOLE] L:3 Uncaught (in promise) Error: Error invoking remote method 'get-video-duration': Error: spawn ENOTDIR (app://lorapok/index.html:0)
[2026-08-11T03:45:02.973Z] [MEDIA DEBUG] Raw URL: media:///mnt/NewVolume/Personal_Projects/lorapok_player/test_media/sample.m4a
[2026-08-11T03:45:02.973Z] [PATH DECODE] Input: media:///mnt/NewVolume/Personal_Projects/lorapok_player/test_media/sample.m4a
[2026-08-11T03:45:03.011Z] [RENDERER CONSOLE] L:1 ⚠️ Native playback failed. Switching to Neural Decode... (app://lorapok/assets/index-CdSzAV6o.js:237)
[2026-08-11T03:45:03.019Z] [MEDIA DEBUG] Raw URL: media:///mnt/NewVolume/Personal_Projects/lorapok_player/test_media/sample.m4a?transcode=true
[2026-08-11T03:45:03.020Z] [PATH DECODE] Input: media:///mnt/NewVolume/Personal_Projects/lorapok_player/test_media/sample.m4a?transcode=true
[2026-08-11T03:45:03.020Z] 🧠 Universal Decode: .m4a -> fMP4
[2026-08-11T03:45:03.025Z] [PATH DECODE] Input: /mnt/NewVolume/Personal_Projects/lorapok_player/test_media/sample.m4a?transcode=true
[2026-08-11T03:45:03.040Z] FFmpeg Error: Cannot find ffmpeg
[2026-08-11T03:45:03.045Z] [RENDERER CONSOLE] L:3 LORAPOK_UI_ERROR: Error: Error invoking remote method 'get-video-duration': Error: spawn ENOTDIR (app://lorapok/assets/index-CdSzAV6o.js:237)
[2026-08-11T03:45:03.046Z] [RENDERER] RENDERER_ERROR: Error invoking remote method 'get-video-duration': Error: spawn ENOTDIR 
[2026-08-11T03:45:03.046Z] [RENDERER CONSOLE] L:3 Uncaught (in promise) Error: Error invoking remote method 'get-video-duration': Error: spawn ENOTDIR (app://lorapok/index.html:0)
[2026-08-11T03:45:09.716Z] --- LORAPOK STARTUP ---
[2026-08-11T03:45:09.838Z] ⚠️ FFmpeg binary not found at static path, checking system path...
[2026-08-11T03:45:09.840Z] ✅ FFprobe Initialized: /mnt/NewVolume/Personal_Projects/lorapok_player/lorapok-player/release/builds/linux/linux-unpacked/resources/app.asar/dist-electron/bin/linux/x64/ffprobe
[2026-08-11T03:45:09.859Z] Creating Window...
[2026-08-11T03:45:10.073Z] [APP PROTOCOL] Request: app://lorapok/index.html -> /mnt/NewVolume/Personal_Projects/lorapok_player/lorapok-player/release/builds/linux/linux-unpacked/resources/app.asar/dist/index.html
[2026-08-11T03:45:10.233Z] [APP PROTOCOL] Request: app://lorapok/assets/index-CdSzAV6o.js -> /mnt/NewVolume/Personal_Projects/lorapok_player/lorapok-player/release/builds/linux/linux-unpacked/resources/app.asar/dist/assets/index-CdSzAV6o.js
[2026-08-11T03:45:10.239Z] [APP PROTOCOL] Request: app://lorapok/assets/index-CcW-TewB.css -> /mnt/NewVolume/Personal_Projects/lorapok_player/lorapok-player/release/builds/linux/linux-unpacked/resources/app.asar/dist/assets/index-CcW-TewB.css
[2026-08-11T03:45:10.488Z] Renderer Finished Load
[2026-08-11T03:45:10.489Z] Window Ready to Show
[2026-08-11T03:45:10.551Z] [RENDERER] App Component Mounted
[2026-08-11T03:45:10.552Z] Renderer reported READY
[2026-08-11T03:45:10.579Z] [RENDERER CONSOLE] L:1 Received protocol/CLI URL: lorapok:///mnt/NewVolume/Personal_Projects/lorapok_player/test_media/sample.m4v (app://lorapok/assets/index-CdSzAV6o.js:237)
[2026-08-11T03:45:10.585Z] [PATH DECODE] Input: /mnt/NewVolume/Personal_Projects/lorapok_player/test_media/sample.m4v
[2026-08-11T03:45:10.601Z] [PATH DECODE] Input: /mnt/NewVolume/Personal_Projects/lorapok_player/test_media/sample.m4v
[2026-08-11T03:45:10.610Z] [RENDERER CONSOLE] L:3 LORAPOK_UI_ERROR: Error: Error invoking remote method 'get-media-tracks': Error: spawn ENOTDIR (app://lorapok/assets/index-CdSzAV6o.js:237)
[2026-08-11T03:45:10.610Z] [RENDERER] RENDERER_ERROR: Error invoking remote method 'get-media-tracks': Error: spawn ENOTDIR 
[2026-08-11T03:45:10.611Z] [RENDERER CONSOLE] L:3 Uncaught (in promise) Error: Error invoking remote method 'get-media-tracks': Error: spawn ENOTDIR (app://lorapok/index.html:0)
[2026-08-11T03:45:10.612Z] [RENDERER CONSOLE] L:3 LORAPOK_UI_ERROR: Error: Error invoking remote method 'get-video-duration': Error: spawn ENOTDIR (app://lorapok/assets/index-CdSzAV6o.js:237)
[2026-08-11T03:45:10.612Z] [RENDERER] RENDERER_ERROR: Error invoking remote method 'get-video-duration': Error: spawn ENOTDIR 
[2026-08-11T03:45:10.613Z] [RENDERER CONSOLE] L:3 Uncaught (in promise) Error: Error invoking remote method 'get-video-duration': Error: spawn ENOTDIR (app://lorapok/index.html:0)
[2026-08-11T03:45:10.847Z] [MEDIA DEBUG] Raw URL: media:///mnt/NewVolume/Personal_Projects/lorapok_player/test_media/sample.m4v
[2026-08-11T03:45:10.847Z] [PATH DECODE] Input: media:///mnt/NewVolume/Personal_Projects/lorapok_player/test_media/sample.m4v
[2026-08-11T03:45:10.848Z] 🧠 Universal Decode: .m4v -> fMP4
[2026-08-11T03:45:10.855Z] FFmpeg Error: Cannot find ffmpeg
[2026-08-11T03:45:17.717Z] --- LORAPOK STARTUP ---
[2026-08-11T03:45:17.827Z] ⚠️ FFmpeg binary not found at static path, checking system path...
[2026-08-11T03:45:17.829Z] ✅ FFprobe Initialized: /mnt/NewVolume/Personal_Projects/lorapok_player/lorapok-player/release/builds/linux/linux-unpacked/resources/app.asar/dist-electron/bin/linux/x64/ffprobe
[2026-08-11T03:45:17.842Z] Creating Window...
[2026-08-11T03:45:18.042Z] [APP PROTOCOL] Request: app://lorapok/index.html -> /mnt/NewVolume/Personal_Projects/lorapok_player/lorapok-player/release/builds/linux/linux-unpacked/resources/app.asar/dist/index.html
[2026-08-11T03:45:18.201Z] [APP PROTOCOL] Request: app://lorapok/assets/index-CdSzAV6o.js -> /mnt/NewVolume/Personal_Projects/lorapok_player/lorapok-player/release/builds/linux/linux-unpacked/resources/app.asar/dist/assets/index-CdSzAV6o.js
[2026-08-11T03:45:18.207Z] [APP PROTOCOL] Request: app://lorapok/assets/index-CcW-TewB.css -> /mnt/NewVolume/Personal_Projects/lorapok_player/lorapok-player/release/builds/linux/linux-unpacked/resources/app.asar/dist/assets/index-CcW-TewB.css
[2026-08-11T03:45:18.498Z] Renderer Finished Load
[2026-08-11T03:45:18.499Z] Window Ready to Show
[2026-08-11T03:45:18.577Z] [RENDERER] App Component Mounted
[2026-08-11T03:45:18.578Z] Renderer reported READY
[2026-08-11T03:45:18.614Z] [RENDERER CONSOLE] L:1 Received protocol/CLI URL: lorapok:///mnt/NewVolume/Personal_Projects/lorapok_player/test_media/sample.mkv (app://lorapok/assets/index-CdSzAV6o.js:237)
[2026-08-11T03:45:18.632Z] [PATH DECODE] Input: /mnt/NewVolume/Personal_Projects/lorapok_player/test_media/sample.mkv
[2026-08-11T03:45:18.658Z] [PATH DECODE] Input: /mnt/NewVolume/Personal_Projects/lorapok_player/test_media/sample.mkv
[2026-08-11T03:45:18.667Z] [RENDERER CONSOLE] L:3 LORAPOK_UI_ERROR: Error: Error invoking remote method 'get-media-tracks': Error: spawn ENOTDIR (app://lorapok/assets/index-CdSzAV6o.js:237)
[2026-08-11T03:45:18.668Z] [RENDERER] RENDERER_ERROR: Error invoking remote method 'get-media-tracks': Error: spawn ENOTDIR 
[2026-08-11T03:45:18.669Z] [RENDERER CONSOLE] L:3 Uncaught (in promise) Error: Error invoking remote method 'get-media-tracks': Error: spawn ENOTDIR (app://lorapok/index.html:0)
[2026-08-11T03:45:18.670Z] [RENDERER CONSOLE] L:3 LORAPOK_UI_ERROR: Error: Error invoking remote method 'get-video-duration': Error: spawn ENOTDIR (app://lorapok/assets/index-CdSzAV6o.js:237)
[2026-08-11T03:45:18.671Z] [RENDERER] RENDERER_ERROR: Error invoking remote method 'get-video-duration': Error: spawn ENOTDIR 
[2026-08-11T03:45:18.671Z] [RENDERER CONSOLE] L:3 Uncaught (in promise) Error: Error invoking remote method 'get-video-duration': Error: spawn ENOTDIR (app://lorapok/index.html:0)
[2026-08-11T03:45:18.900Z] [MEDIA DEBUG] Raw URL: media:///mnt/NewVolume/Personal_Projects/lorapok_player/test_media/sample.mkv
[2026-08-11T03:45:18.901Z] [PATH DECODE] Input: media:///mnt/NewVolume/Personal_Projects/lorapok_player/test_media/sample.mkv
[2026-08-11T03:45:18.902Z] 🧠 Universal Decode: .mkv -> fMP4
[2026-08-11T03:45:18.910Z] FFmpeg Error: Cannot find ffmpeg
[2026-08-11T03:45:25.810Z] --- LORAPOK STARTUP ---
[2026-08-11T03:45:25.938Z] ⚠️ FFmpeg binary not found at static path, checking system path...
[2026-08-11T03:45:25.940Z] ✅ FFprobe Initialized: /mnt/NewVolume/Personal_Projects/lorapok_player/lorapok-player/release/builds/linux/linux-unpacked/resources/app.asar/dist-electron/bin/linux/x64/ffprobe
[2026-08-11T03:45:25.954Z] Creating Window...
[2026-08-11T03:45:26.267Z] [APP PROTOCOL] Request: app://lorapok/index.html -> /mnt/NewVolume/Personal_Projects/lorapok_player/lorapok-player/release/builds/linux/linux-unpacked/resources/app.asar/dist/index.html
[2026-08-11T03:45:26.455Z] [APP PROTOCOL] Request: app://lorapok/assets/index-CdSzAV6o.js -> /mnt/NewVolume/Personal_Projects/lorapok_player/lorapok-player/release/builds/linux/linux-unpacked/resources/app.asar/dist/assets/index-CdSzAV6o.js
[2026-08-11T03:45:26.462Z] [APP PROTOCOL] Request: app://lorapok/assets/index-CcW-TewB.css -> /mnt/NewVolume/Personal_Projects/lorapok_player/lorapok-player/release/builds/linux/linux-unpacked/resources/app.asar/dist/assets/index-CcW-TewB.css
[2026-08-11T03:45:26.755Z] Renderer Finished Load
[2026-08-11T03:45:26.756Z] Window Ready to Show
[2026-08-11T03:45:26.821Z] [RENDERER] App Component Mounted
[2026-08-11T03:45:26.822Z] Renderer reported READY
[2026-08-11T03:45:26.861Z] [RENDERER CONSOLE] L:1 Received protocol/CLI URL: lorapok:///mnt/NewVolume/Personal_Projects/lorapok_player/test_media/sample.mov (app://lorapok/assets/index-CdSzAV6o.js:237)
[2026-08-11T03:45:26.868Z] [PATH DECODE] Input: /mnt/NewVolume/Personal_Projects/lorapok_player/test_media/sample.mov
[2026-08-11T03:45:26.889Z] [PATH DECODE] Input: /mnt/NewVolume/Personal_Projects/lorapok_player/test_media/sample.mov
[2026-08-11T03:45:26.903Z] [RENDERER CONSOLE] L:3 LORAPOK_UI_ERROR: Error: Error invoking remote method 'get-media-tracks': Error: spawn ENOTDIR (app://lorapok/assets/index-CdSzAV6o.js:237)
[2026-08-11T03:45:26.904Z] [RENDERER] RENDERER_ERROR: Error invoking remote method 'get-media-tracks': Error: spawn ENOTDIR 
[2026-08-11T03:45:26.905Z] [RENDERER CONSOLE] L:3 Uncaught (in promise) Error: Error invoking remote method 'get-media-tracks': Error: spawn ENOTDIR (app://lorapok/index.html:0)
[2026-08-11T03:45:26.907Z] [RENDERER CONSOLE] L:3 LORAPOK_UI_ERROR: Error: Error invoking remote method 'get-video-duration': Error: spawn ENOTDIR (app://lorapok/assets/index-CdSzAV6o.js:237)
[2026-08-11T03:45:26.908Z] [RENDERER] RENDERER_ERROR: Error invoking remote method 'get-video-duration': Error: spawn ENOTDIR 
[2026-08-11T03:45:26.908Z] [RENDERER CONSOLE] L:3 Uncaught (in promise) Error: Error invoking remote method 'get-video-duration': Error: spawn ENOTDIR (app://lorapok/index.html:0)
[2026-08-11T03:45:27.128Z] [MEDIA DEBUG] Raw URL: media:///mnt/NewVolume/Personal_Projects/lorapok_player/test_media/sample.mov
[2026-08-11T03:45:27.129Z] [PATH DECODE] Input: media:///mnt/NewVolume/Personal_Projects/lorapok_player/test_media/sample.mov
[2026-08-11T03:45:27.130Z] 🧠 Universal Decode: .mov -> fMP4
[2026-08-11T03:45:27.138Z] FFmpeg Error: Cannot find ffmpeg
[2026-08-11T03:45:33.782Z] --- LORAPOK STARTUP ---
[2026-08-11T03:45:33.901Z] ⚠️ FFmpeg binary not found at static path, checking system path...
[2026-08-11T03:45:33.903Z] ✅ FFprobe Initialized: /mnt/NewVolume/Personal_Projects/lorapok_player/lorapok-player/release/builds/linux/linux-unpacked/resources/app.asar/dist-electron/bin/linux/x64/ffprobe
[2026-08-11T03:45:33.916Z] Creating Window...
[2026-08-11T03:45:34.118Z] [APP PROTOCOL] Request: app://lorapok/index.html -> /mnt/NewVolume/Personal_Projects/lorapok_player/lorapok-player/release/builds/linux/linux-unpacked/resources/app.asar/dist/index.html
[2026-08-11T03:45:34.277Z] [APP PROTOCOL] Request: app://lorapok/assets/index-CdSzAV6o.js -> /mnt/NewVolume/Personal_Projects/lorapok_player/lorapok-player/release/builds/linux/linux-unpacked/resources/app.asar/dist/assets/index-CdSzAV6o.js
[2026-08-11T03:45:34.282Z] [APP PROTOCOL] Request: app://lorapok/assets/index-CcW-TewB.css -> /mnt/NewVolume/Personal_Projects/lorapok_player/lorapok-player/release/builds/linux/linux-unpacked/resources/app.asar/dist/assets/index-CcW-TewB.css
[2026-08-11T03:45:34.526Z] Renderer Finished Load
[2026-08-11T03:45:34.527Z] Window Ready to Show
[2026-08-11T03:45:34.588Z] [RENDERER] App Component Mounted
[2026-08-11T03:45:34.588Z] Renderer reported READY
[2026-08-11T03:45:34.617Z] [RENDERER CONSOLE] L:1 Received protocol/CLI URL: lorapok:///mnt/NewVolume/Personal_Projects/lorapok_player/test_media/sample.mp3 (app://lorapok/assets/index-CdSzAV6o.js:237)
[2026-08-11T03:45:34.623Z] [PATH DECODE] Input: /mnt/NewVolume/Personal_Projects/lorapok_player/test_media/sample.mp3
[2026-08-11T03:45:34.638Z] [PATH DECODE] Input: /mnt/NewVolume/Personal_Projects/lorapok_player/test_media/sample.mp3
[2026-08-11T03:45:34.646Z] [RENDERER CONSOLE] L:3 LORAPOK_UI_ERROR: Error: Error invoking remote method 'get-media-tracks': Error: spawn ENOTDIR (app://lorapok/assets/index-CdSzAV6o.js:237)
[2026-08-11T03:45:34.646Z] [RENDERER] RENDERER_ERROR: Error invoking remote method 'get-media-tracks': Error: spawn ENOTDIR 
[2026-08-11T03:45:34.646Z] [RENDERER CONSOLE] L:3 Uncaught (in promise) Error: Error invoking remote method 'get-media-tracks': Error: spawn ENOTDIR (app://lorapok/index.html:0)
[2026-08-11T03:45:34.647Z] [RENDERER CONSOLE] L:3 LORAPOK_UI_ERROR: Error: Error invoking remote method 'get-video-duration': Error: spawn ENOTDIR (app://lorapok/assets/index-CdSzAV6o.js:237)
[2026-08-11T03:45:34.648Z] [RENDERER] RENDERER_ERROR: Error invoking remote method 'get-video-duration': Error: spawn ENOTDIR 
[2026-08-11T03:45:34.648Z] [RENDERER CONSOLE] L:3 Uncaught (in promise) Error: Error invoking remote method 'get-video-duration': Error: spawn ENOTDIR (app://lorapok/index.html:0)
[2026-08-11T03:45:34.897Z] [MEDIA DEBUG] Raw URL: media:///mnt/NewVolume/Personal_Projects/lorapok_player/test_media/sample.mp3
[2026-08-11T03:45:34.897Z] [PATH DECODE] Input: media:///mnt/NewVolume/Personal_Projects/lorapok_player/test_media/sample.mp3
[2026-08-11T03:45:42.287Z] --- LORAPOK STARTUP ---
[2026-08-11T03:45:42.498Z] ⚠️ FFmpeg binary not found at static path, checking system path...
[2026-08-11T03:45:42.502Z] ✅ FFprobe Initialized: /mnt/NewVolume/Personal_Projects/lorapok_player/lorapok-player/release/builds/linux/linux-unpacked/resources/app.asar/dist-electron/bin/linux/x64/ffprobe
[2026-08-11T03:45:42.526Z] Creating Window...
[2026-08-11T03:45:42.876Z] [APP PROTOCOL] Request: app://lorapok/index.html -> /mnt/NewVolume/Personal_Projects/lorapok_player/lorapok-player/release/builds/linux/linux-unpacked/resources/app.asar/dist/index.html
[2026-08-11T03:45:43.119Z] [APP PROTOCOL] Request: app://lorapok/assets/index-CdSzAV6o.js -> /mnt/NewVolume/Personal_Projects/lorapok_player/lorapok-player/release/builds/linux/linux-unpacked/resources/app.asar/dist/assets/index-CdSzAV6o.js
[2026-08-11T03:45:43.125Z] [APP PROTOCOL] Request: app://lorapok/assets/index-CcW-TewB.css -> /mnt/NewVolume/Personal_Projects/lorapok_player/lorapok-player/release/builds/linux/linux-unpacked/resources/app.asar/dist/assets/index-CcW-TewB.css
[2026-08-11T03:45:43.478Z] Renderer Finished Load
[2026-08-11T03:45:43.480Z] Window Ready to Show
[2026-08-11T03:45:43.565Z] [RENDERER] App Component Mounted
[2026-08-11T03:45:43.566Z] Renderer reported READY
[2026-08-11T03:45:43.614Z] [RENDERER CONSOLE] L:1 Received protocol/CLI URL: lorapok:///mnt/NewVolume/Personal_Projects/lorapok_player/test_media/sample.ogg (app://lorapok/assets/index-CdSzAV6o.js:237)
[2026-08-11T03:45:43.626Z] [PATH DECODE] Input: /mnt/NewVolume/Personal_Projects/lorapok_player/test_media/sample.ogg
[2026-08-11T03:45:43.669Z] [PATH DECODE] Input: /mnt/NewVolume/Personal_Projects/lorapok_player/test_media/sample.ogg
[2026-08-11T03:45:43.683Z] [RENDERER CONSOLE] L:3 LORAPOK_UI_ERROR: Error: Error invoking remote method 'get-media-tracks': Error: spawn ENOTDIR (app://lorapok/assets/index-CdSzAV6o.js:237)
[2026-08-11T03:45:43.684Z] [RENDERER] RENDERER_ERROR: Error invoking remote method 'get-media-tracks': Error: spawn ENOTDIR 
[2026-08-11T03:45:43.686Z] [RENDERER CONSOLE] L:3 Uncaught (in promise) Error: Error invoking remote method 'get-media-tracks': Error: spawn ENOTDIR (app://lorapok/index.html:0)
[2026-08-11T03:45:43.688Z] [RENDERER CONSOLE] L:3 LORAPOK_UI_ERROR: Error: Error invoking remote method 'get-video-duration': Error: spawn ENOTDIR (app://lorapok/assets/index-CdSzAV6o.js:237)
[2026-08-11T03:45:43.689Z] [RENDERER] RENDERER_ERROR: Error invoking remote method 'get-video-duration': Error: spawn ENOTDIR 
[2026-08-11T03:45:43.690Z] [RENDERER CONSOLE] L:3 Uncaught (in promise) Error: Error invoking remote method 'get-video-duration': Error: spawn ENOTDIR (app://lorapok/index.html:0)
[2026-08-11T03:45:43.900Z] [MEDIA DEBUG] Raw URL: media:///mnt/NewVolume/Personal_Projects/lorapok_player/test_media/sample.ogg
[2026-08-11T03:45:43.901Z] [PATH DECODE] Input: media:///mnt/NewVolume/Personal_Projects/lorapok_player/test_media/sample.ogg
[2026-08-11T03:45:43.938Z] [MEDIA DEBUG] Raw URL: media:///mnt/NewVolume/Personal_Projects/lorapok_player/test_media/sample.ogg
[2026-08-11T03:45:43.938Z] [PATH DECODE] Input: media:///mnt/NewVolume/Personal_Projects/lorapok_player/test_media/sample.ogg
[2026-08-11T03:45:50.809Z] --- LORAPOK STARTUP ---
[2026-08-11T03:45:51.126Z] ⚠️ FFmpeg binary not found at static path, checking system path...
[2026-08-11T03:45:51.134Z] ✅ FFprobe Initialized: /mnt/NewVolume/Personal_Projects/lorapok_player/lorapok-player/release/builds/linux/linux-unpacked/resources/app.asar/dist-electron/bin/linux/x64/ffprobe
[2026-08-11T03:45:51.166Z] Creating Window...
[2026-08-11T03:45:51.614Z] [APP PROTOCOL] Request: app://lorapok/index.html -> /mnt/NewVolume/Personal_Projects/lorapok_player/lorapok-player/release/builds/linux/linux-unpacked/resources/app.asar/dist/index.html
[2026-08-11T03:45:51.892Z] [APP PROTOCOL] Request: app://lorapok/assets/index-CdSzAV6o.js -> /mnt/NewVolume/Personal_Projects/lorapok_player/lorapok-player/release/builds/linux/linux-unpacked/resources/app.asar/dist/assets/index-CdSzAV6o.js
[2026-08-11T03:45:51.901Z] [APP PROTOCOL] Request: app://lorapok/assets/index-CcW-TewB.css -> /mnt/NewVolume/Personal_Projects/lorapok_player/lorapok-player/release/builds/linux/linux-unpacked/resources/app.asar/dist/assets/index-CcW-TewB.css
[2026-08-11T03:45:52.323Z] Renderer Finished Load
[2026-08-11T03:45:52.325Z] Window Ready to Show
[2026-08-11T03:45:52.510Z] [RENDERER] App Component Mounted
[2026-08-11T03:45:52.514Z] Renderer reported READY
[2026-08-11T03:45:52.615Z] [RENDERER CONSOLE] L:1 Received protocol/CLI URL: lorapok:///mnt/NewVolume/Personal_Projects/lorapok_player/test_media/sample_rmvb.rmvb (app://lorapok/assets/index-CdSzAV6o.js:237)
[2026-08-11T03:45:52.649Z] [PATH DECODE] Input: /mnt/NewVolume/Personal_Projects/lorapok_player/test_media/sample_rmvb.rmvb
[2026-08-11T03:45:52.709Z] [PATH DECODE] Input: /mnt/NewVolume/Personal_Projects/lorapok_player/test_media/sample_rmvb.rmvb
[2026-08-11T03:45:52.728Z] [RENDERER CONSOLE] L:3 LORAPOK_UI_ERROR: Error: Error invoking remote method 'get-media-tracks': Error: spawn ENOTDIR (app://lorapok/assets/index-CdSzAV6o.js:237)
[2026-08-11T03:45:52.730Z] [RENDERER] RENDERER_ERROR: Error invoking remote method 'get-media-tracks': Error: spawn ENOTDIR 
[2026-08-11T03:45:52.731Z] [RENDERER CONSOLE] L:3 Uncaught (in promise) Error: Error invoking remote method 'get-media-tracks': Error: spawn ENOTDIR (app://lorapok/index.html:0)
[2026-08-11T03:45:52.741Z] [RENDERER CONSOLE] L:3 LORAPOK_UI_ERROR: Error: Error invoking remote method 'get-video-duration': Error: spawn ENOTDIR (app://lorapok/assets/index-CdSzAV6o.js:237)
[2026-08-11T03:45:52.743Z] [RENDERER] RENDERER_ERROR: Error invoking remote method 'get-video-duration': Error: spawn ENOTDIR 
[2026-08-11T03:45:52.745Z] [RENDERER CONSOLE] L:3 Uncaught (in promise) Error: Error invoking remote method 'get-video-duration': Error: spawn ENOTDIR (app://lorapok/index.html:0)
[2026-08-11T03:45:52.954Z] [MEDIA DEBUG] Raw URL: media:///mnt/NewVolume/Personal_Projects/lorapok_player/test_media/sample_rmvb.rmvb
[2026-08-11T03:45:52.956Z] [PATH DECODE] Input: media:///mnt/NewVolume/Personal_Projects/lorapok_player/test_media/sample_rmvb.rmvb
[2026-08-11T03:45:52.960Z] 🧠 Universal Decode: .rmvb -> fMP4
[2026-08-11T03:45:52.982Z] FFmpeg Error: Cannot find ffmpeg
[2026-08-11T03:45:58.537Z] --- LORAPOK STARTUP ---
[2026-08-11T03:45:58.828Z] ⚠️ FFmpeg binary not found at static path, checking system path...
[2026-08-11T03:45:58.833Z] ✅ FFprobe Initialized: /mnt/NewVolume/Personal_Projects/lorapok_player/lorapok-player/release/builds/linux/linux-unpacked/resources/app.asar/dist-electron/bin/linux/x64/ffprobe
[2026-08-11T03:45:58.860Z] Creating Window...
[2026-08-11T03:45:59.261Z] [APP PROTOCOL] Request: app://lorapok/index.html -> /mnt/NewVolume/Personal_Projects/lorapok_player/lorapok-player/release/builds/linux/linux-unpacked/resources/app.asar/dist/index.html
[2026-08-11T03:45:59.548Z] [APP PROTOCOL] Request: app://lorapok/assets/index-CdSzAV6o.js -> /mnt/NewVolume/Personal_Projects/lorapok_player/lorapok-player/release/builds/linux/linux-unpacked/resources/app.asar/dist/assets/index-CdSzAV6o.js
[2026-08-11T03:45:59.558Z] [APP PROTOCOL] Request: app://lorapok/assets/index-CcW-TewB.css -> /mnt/NewVolume/Personal_Projects/lorapok_player/lorapok-player/release/builds/linux/linux-unpacked/resources/app.asar/dist/assets/index-CcW-TewB.css
[2026-08-11T03:45:59.952Z] Renderer Finished Load
[2026-08-11T03:45:59.953Z] Window Ready to Show
[2026-08-11T03:46:00.039Z] [RENDERER] App Component Mounted
[2026-08-11T03:46:00.040Z] Renderer reported READY
[2026-08-11T03:46:00.078Z] [RENDERER CONSOLE] L:1 Received protocol/CLI URL: lorapok:///mnt/NewVolume/Personal_Projects/lorapok_player/test_media/sample.webm (app://lorapok/assets/index-CdSzAV6o.js:237)
[2026-08-11T03:46:00.089Z] [PATH DECODE] Input: /mnt/NewVolume/Personal_Projects/lorapok_player/test_media/sample.webm
[2026-08-11T03:46:00.114Z] [PATH DECODE] Input: /mnt/NewVolume/Personal_Projects/lorapok_player/test_media/sample.webm
[2026-08-11T03:46:00.126Z] [RENDERER CONSOLE] L:3 LORAPOK_UI_ERROR: Error: Error invoking remote method 'get-media-tracks': Error: spawn ENOTDIR (app://lorapok/assets/index-CdSzAV6o.js:237)
[2026-08-11T03:46:00.126Z] [RENDERER] RENDERER_ERROR: Error invoking remote method 'get-media-tracks': Error: spawn ENOTDIR 
[2026-08-11T03:46:00.127Z] [RENDERER CONSOLE] L:3 Uncaught (in promise) Error: Error invoking remote method 'get-media-tracks': Error: spawn ENOTDIR (app://lorapok/index.html:0)
[2026-08-11T03:46:00.127Z] [RENDERER CONSOLE] L:3 LORAPOK_UI_ERROR: Error: Error invoking remote method 'get-video-duration': Error: spawn ENOTDIR (app://lorapok/assets/index-CdSzAV6o.js:237)
[2026-08-11T03:46:00.127Z] [RENDERER] RENDERER_ERROR: Error invoking remote method 'get-video-duration': Error: spawn ENOTDIR 
[2026-08-11T03:46:00.128Z] [RENDERER CONSOLE] L:3 Uncaught (in promise) Error: Error invoking remote method 'get-video-duration': Error: spawn ENOTDIR (app://lorapok/index.html:0)
[2026-08-11T03:46:00.356Z] [MEDIA DEBUG] Raw URL: media:///mnt/NewVolume/Personal_Projects/lorapok_player/test_media/sample.webm
[2026-08-11T03:46:00.357Z] [PATH DECODE] Input: media:///mnt/NewVolume/Personal_Projects/lorapok_player/test_media/sample.webm
[2026-08-11T03:46:04.830Z] 🚨 Process Gone: Utility (killed)
[2026-08-11T03:46:04.897Z] 🚨 Process Gone: GPU (killed)
[2026-08-11T03:46:08.120Z] --- LORAPOK STARTUP ---
[2026-08-11T03:46:08.510Z] ⚠️ FFmpeg binary not found at static path, checking system path...
[2026-08-11T03:46:08.516Z] ✅ FFprobe Initialized: /mnt/NewVolume/Personal_Projects/lorapok_player/lorapok-player/release/builds/linux/linux-unpacked/resources/app.asar/dist-electron/bin/linux/x64/ffprobe
[2026-08-11T03:46:08.562Z] Creating Window...
[2026-08-11T03:46:09.287Z] [APP PROTOCOL] Request: app://lorapok/index.html -> /mnt/NewVolume/Personal_Projects/lorapok_player/lorapok-player/release/builds/linux/linux-unpacked/resources/app.asar/dist/index.html
[2026-08-11T03:46:10.280Z] [APP PROTOCOL] Request: app://lorapok/assets/index-CdSzAV6o.js -> /mnt/NewVolume/Personal_Projects/lorapok_player/lorapok-player/release/builds/linux/linux-unpacked/resources/app.asar/dist/assets/index-CdSzAV6o.js
[2026-08-11T03:46:10.324Z] [APP PROTOCOL] Request: app://lorapok/assets/index-CcW-TewB.css -> /mnt/NewVolume/Personal_Projects/lorapok_player/lorapok-player/release/builds/linux/linux-unpacked/resources/app.asar/dist/assets/index-CcW-TewB.css
[2026-08-11T03:46:11.568Z] Renderer Finished Load
[2026-08-11T03:46:11.572Z] Window Ready to Show
[2026-08-11T03:46:11.758Z] [RENDERER] App Component Mounted
[2026-08-11T03:46:11.759Z] Renderer reported READY
[2026-08-11T03:46:11.855Z] [RENDERER CONSOLE] L:1 Received protocol/CLI URL: lorapok:///mnt/NewVolume/Personal_Projects/lorapok_player/test_media/sample.wmv (app://lorapok/assets/index-CdSzAV6o.js:237)
[2026-08-11T03:46:11.870Z] [PATH DECODE] Input: /mnt/NewVolume/Personal_Projects/lorapok_player/test_media/sample.wmv
[2026-08-11T03:46:11.915Z] [PATH DECODE] Input: /mnt/NewVolume/Personal_Projects/lorapok_player/test_media/sample.wmv
[2026-08-11T03:46:11.934Z] [RENDERER CONSOLE] L:3 LORAPOK_UI_ERROR: Error: Error invoking remote method 'get-media-tracks': Error: spawn ENOTDIR (app://lorapok/assets/index-CdSzAV6o.js:237)
[2026-08-11T03:46:11.936Z] [RENDERER] RENDERER_ERROR: Error invoking remote method 'get-media-tracks': Error: spawn ENOTDIR 
[2026-08-11T03:46:11.937Z] [RENDERER CONSOLE] L:3 Uncaught (in promise) Error: Error invoking remote method 'get-media-tracks': Error: spawn ENOTDIR (app://lorapok/index.html:0)
[2026-08-11T03:46:11.940Z] [RENDERER CONSOLE] L:3 LORAPOK_UI_ERROR: Error: Error invoking remote method 'get-video-duration': Error: spawn ENOTDIR (app://lorapok/assets/index-CdSzAV6o.js:237)
[2026-08-11T03:46:11.941Z] [RENDERER] RENDERER_ERROR: Error invoking remote method 'get-video-duration': Error: spawn ENOTDIR 
[2026-08-11T03:46:11.941Z] [RENDERER CONSOLE] L:3 Uncaught (in promise) Error: Error invoking remote method 'get-video-duration': Error: spawn ENOTDIR (app://lorapok/index.html:0)
[2026-08-11T03:46:12.161Z] [MEDIA DEBUG] Raw URL: media:///mnt/NewVolume/Personal_Projects/lorapok_player/test_media/sample.wmv
[2026-08-11T03:46:12.161Z] [PATH DECODE] Input: media:///mnt/NewVolume/Personal_Projects/lorapok_player/test_media/sample.wmv
[2026-08-11T03:46:12.163Z] 🧠 Universal Decode: .wmv -> fMP4
[2026-08-11T03:46:12.177Z] FFmpeg Error: Cannot find ffmpeg
[2026-08-11T03:46:13.392Z] 🚨 Process Gone: Utility (killed)
[2026-08-11T03:46:13.443Z] 🚨 Process Gone: GPU (killed)
[2026-08-11T03:46:17.060Z] --- LORAPOK STARTUP ---
[2026-08-11T03:46:17.184Z] ⚠️ FFmpeg binary not found at static path, checking system path...
[2026-08-11T03:46:17.186Z] ✅ FFprobe Initialized: /mnt/NewVolume/Personal_Projects/lorapok_player/lorapok-player/release/builds/linux/linux-unpacked/resources/app.asar/dist-electron/bin/linux/x64/ffprobe
[2026-08-11T03:46:17.201Z] Creating Window...
[2026-08-11T03:46:17.452Z] [APP PROTOCOL] Request: app://lorapok/index.html -> /mnt/NewVolume/Personal_Projects/lorapok_player/lorapok-player/release/builds/linux/linux-unpacked/resources/app.asar/dist/index.html
[2026-08-11T03:46:17.633Z] [APP PROTOCOL] Request: app://lorapok/assets/index-CdSzAV6o.js -> /mnt/NewVolume/Personal_Projects/lorapok_player/lorapok-player/release/builds/linux/linux-unpacked/resources/app.asar/dist/assets/index-CdSzAV6o.js
[2026-08-11T03:46:17.641Z] [APP PROTOCOL] Request: app://lorapok/assets/index-CcW-TewB.css -> /mnt/NewVolume/Personal_Projects/lorapok_player/lorapok-player/release/builds/linux/linux-unpacked/resources/app.asar/dist/assets/index-CcW-TewB.css
[2026-08-11T03:46:17.914Z] Renderer Finished Load
[2026-08-11T03:46:17.915Z] Window Ready to Show
[2026-08-11T03:46:17.977Z] [RENDERER] App Component Mounted
[2026-08-11T03:46:17.978Z] Renderer reported READY
[2026-08-11T03:46:35.258Z] --- LORAPOK STARTUP ---
[2026-08-11T03:46:35.379Z] ⚠️ FFmpeg binary not found at static path, checking system path...
[2026-08-11T03:46:35.381Z] ✅ FFprobe Initialized: /mnt/NewVolume/Personal_Projects/lorapok_player/lorapok-player/release/builds/linux/linux-unpacked/resources/app.asar/dist-electron/bin/linux/x64/ffprobe
[2026-08-11T03:46:35.395Z] Creating Window...
[2026-08-11T03:46:35.618Z] [APP PROTOCOL] Request: app://lorapok/index.html -> /mnt/NewVolume/Personal_Projects/lorapok_player/lorapok-player/release/builds/linux/linux-unpacked/resources/app.asar/dist/index.html
[2026-08-11T03:46:35.804Z] [APP PROTOCOL] Request: app://lorapok/assets/index-CdSzAV6o.js -> /mnt/NewVolume/Personal_Projects/lorapok_player/lorapok-player/release/builds/linux/linux-unpacked/resources/app.asar/dist/assets/index-CdSzAV6o.js
[2026-08-11T03:46:35.810Z] [APP PROTOCOL] Request: app://lorapok/assets/index-CcW-TewB.css -> /mnt/NewVolume/Personal_Projects/lorapok_player/lorapok-player/release/builds/linux/linux-unpacked/resources/app.asar/dist/assets/index-CcW-TewB.css
[2026-08-11T03:46:36.089Z] Renderer Finished Load
[2026-08-11T03:46:36.091Z] Window Ready to Show
[2026-08-11T03:46:36.153Z] [RENDERER] App Component Mounted
[2026-08-11T03:46:36.153Z] Renderer reported READY
[2026-08-11T03:46:44.897Z] 🚨 Process Gone: Utility (killed)
[2026-08-11T03:46:44.913Z] 🚨 Process Gone: GPU (killed)
[2026-08-11T03:46:46.958Z] --- LORAPOK STARTUP ---
[2026-08-11T03:46:47.109Z] ⚠️ FFmpeg binary not found at static path, checking system path...
[2026-08-11T03:46:47.112Z] ✅ FFprobe Initialized: /mnt/NewVolume/Personal_Projects/lorapok_player/lorapok-player/release/builds/linux/linux-unpacked/resources/app.asar/dist-electron/bin/linux/x64/ffprobe
[2026-08-11T03:46:47.129Z] Creating Window...
[2026-08-11T03:46:47.389Z] [APP PROTOCOL] Request: app://lorapok/index.html -> /mnt/NewVolume/Personal_Projects/lorapok_player/lorapok-player/release/builds/linux/linux-unpacked/resources/app.asar/dist/index.html
[2026-08-11T03:46:47.577Z] [APP PROTOCOL] Request: app://lorapok/assets/index-CdSzAV6o.js -> /mnt/NewVolume/Personal_Projects/lorapok_player/lorapok-player/release/builds/linux/linux-unpacked/resources/app.asar/dist/assets/index-CdSzAV6o.js
[2026-08-11T03:46:47.584Z] [APP PROTOCOL] Request: app://lorapok/assets/index-CcW-TewB.css -> /mnt/NewVolume/Personal_Projects/lorapok_player/lorapok-player/release/builds/linux/linux-unpacked/resources/app.asar/dist/assets/index-CcW-TewB.css
[2026-08-11T03:46:47.865Z] Renderer Finished Load
[2026-08-11T03:46:47.866Z] Window Ready to Show
[2026-08-11T03:46:47.929Z] [RENDERER] App Component Mounted
[2026-08-11T03:46:47.929Z] Renderer reported READY
[2026-08-11T03:46:58.106Z] --- LORAPOK STARTUP ---
[2026-08-11T03:46:58.232Z] ⚠️ FFmpeg binary not found at static path, checking system path...
[2026-08-11T03:46:58.234Z] ✅ FFprobe Initialized: /mnt/NewVolume/Personal_Projects/lorapok_player/lorapok-player/release/builds/linux/linux-unpacked/resources/app.asar/dist-electron/bin/linux/x64/ffprobe
[2026-08-11T03:46:58.251Z] Creating Window...
[2026-08-11T03:46:58.483Z] [APP PROTOCOL] Request: app://lorapok/index.html -> /mnt/NewVolume/Personal_Projects/lorapok_player/lorapok-player/release/builds/linux/linux-unpacked/resources/app.asar/dist/index.html
[2026-08-11T03:46:58.663Z] [APP PROTOCOL] Request: app://lorapok/assets/index-CdSzAV6o.js -> /mnt/NewVolume/Personal_Projects/lorapok_player/lorapok-player/release/builds/linux/linux-unpacked/resources/app.asar/dist/assets/index-CdSzAV6o.js
[2026-08-11T03:46:58.670Z] [APP PROTOCOL] Request: app://lorapok/assets/index-CcW-TewB.css -> /mnt/NewVolume/Personal_Projects/lorapok_player/lorapok-player/release/builds/linux/linux-unpacked/resources/app.asar/dist/assets/index-CcW-TewB.css
[2026-08-11T03:46:58.939Z] Renderer Finished Load
[2026-08-11T03:46:58.940Z] Window Ready to Show
[2026-08-11T03:46:59.005Z] [RENDERER] App Component Mounted
[2026-08-11T03:46:59.006Z] Renderer reported READY
[2026-08-11T03:47:13.396Z] --- LORAPOK STARTUP ---
[2026-08-11T03:47:13.511Z] ⚠️ FFmpeg binary not found at static path, checking system path...
[2026-08-11T03:47:13.513Z] ✅ FFprobe Initialized: /mnt/NewVolume/Personal_Projects/lorapok_player/lorapok-player/release/builds/linux/linux-unpacked/resources/app.asar/dist-electron/bin/linux/x64/ffprobe
[2026-08-11T03:47:13.533Z] Creating Window...
[2026-08-11T03:47:13.760Z] [APP PROTOCOL] Request: app://lorapok/index.html -> /mnt/NewVolume/Personal_Projects/lorapok_player/lorapok-player/release/builds/linux/linux-unpacked/resources/app.asar/dist/index.html
[2026-08-11T03:47:13.935Z] [APP PROTOCOL] Request: app://lorapok/assets/index-CdSzAV6o.js -> /mnt/NewVolume/Personal_Projects/lorapok_player/lorapok-player/release/builds/linux/linux-unpacked/resources/app.asar/dist/assets/index-CdSzAV6o.js
[2026-08-11T03:47:13.940Z] [APP PROTOCOL] Request: app://lorapok/assets/index-CcW-TewB.css -> /mnt/NewVolume/Personal_Projects/lorapok_player/lorapok-player/release/builds/linux/linux-unpacked/resources/app.asar/dist/assets/index-CcW-TewB.css
[2026-08-11T03:47:14.203Z] Renderer Finished Load
[2026-08-11T03:47:14.204Z] Window Ready to Show
[2026-08-11T03:47:14.263Z] [RENDERER] App Component Mounted
[2026-08-11T03:47:14.264Z] Renderer reported READY
[2026-08-11T03:47:24.586Z] --- LORAPOK STARTUP ---
[2026-08-11T03:47:24.700Z] ⚠️ FFmpeg binary not found at static path, checking system path...
[2026-08-11T03:47:24.704Z] ✅ FFprobe Initialized: /mnt/NewVolume/Personal_Projects/lorapok_player/lorapok-player/release/builds/linux/linux-unpacked/resources/app.asar/dist-electron/bin/linux/x64/ffprobe
[2026-08-11T03:47:24.724Z] Creating Window...
[2026-08-11T03:47:24.960Z] [APP PROTOCOL] Request: app://lorapok/index.html -> /mnt/NewVolume/Personal_Projects/lorapok_player/lorapok-player/release/builds/linux/linux-unpacked/resources/app.asar/dist/index.html
[2026-08-11T03:47:25.140Z] [APP PROTOCOL] Request: app://lorapok/assets/index-CdSzAV6o.js -> /mnt/NewVolume/Personal_Projects/lorapok_player/lorapok-player/release/builds/linux/linux-unpacked/resources/app.asar/dist/assets/index-CdSzAV6o.js
[2026-08-11T03:47:25.146Z] [APP PROTOCOL] Request: app://lorapok/assets/index-CcW-TewB.css -> /mnt/NewVolume/Personal_Projects/lorapok_player/lorapok-player/release/builds/linux/linux-unpacked/resources/app.asar/dist/assets/index-CcW-TewB.css
[2026-08-11T03:47:25.407Z] Renderer Finished Load
[2026-08-11T03:47:25.408Z] Window Ready to Show
[2026-08-11T03:47:25.465Z] [RENDERER] App Component Mounted
[2026-08-11T03:47:25.466Z] Renderer reported READY
[2026-08-11T03:47:36.659Z] --- LORAPOK STARTUP ---
[2026-08-11T03:47:36.840Z] ⚠️ FFmpeg binary not found at static path, checking system path...
[2026-08-11T03:47:36.842Z] ✅ FFprobe Initialized: /mnt/NewVolume/Personal_Projects/lorapok_player/lorapok-player/release/builds/linux/linux-unpacked/resources/app.asar/dist-electron/bin/linux/x64/ffprobe
[2026-08-11T03:47:36.864Z] Creating Window...
[2026-08-11T03:47:37.233Z] [APP PROTOCOL] Request: app://lorapok/index.html -> /mnt/NewVolume/Personal_Projects/lorapok_player/lorapok-player/release/builds/linux/linux-unpacked/resources/app.asar/dist/index.html
[2026-08-11T03:47:37.513Z] [APP PROTOCOL] Request: app://lorapok/assets/index-CdSzAV6o.js -> /mnt/NewVolume/Personal_Projects/lorapok_player/lorapok-player/release/builds/linux/linux-unpacked/resources/app.asar/dist/assets/index-CdSzAV6o.js
[2026-08-11T03:47:37.523Z] [APP PROTOCOL] Request: app://lorapok/assets/index-CcW-TewB.css -> /mnt/NewVolume/Personal_Projects/lorapok_player/lorapok-player/release/builds/linux/linux-unpacked/resources/app.asar/dist/assets/index-CcW-TewB.css
[2026-08-11T03:47:37.978Z] Renderer Finished Load
[2026-08-11T03:47:37.979Z] Window Ready to Show
[2026-08-11T03:47:38.098Z] [RENDERER] App Component Mounted
[2026-08-11T03:47:38.101Z] Renderer reported READY
[2026-08-11T03:47:47.645Z] --- LORAPOK STARTUP ---
[2026-08-11T03:47:47.756Z] ⚠️ FFmpeg binary not found at static path, checking system path...
[2026-08-11T03:47:47.757Z] ✅ FFprobe Initialized: /mnt/NewVolume/Personal_Projects/lorapok_player/lorapok-player/release/builds/linux/linux-unpacked/resources/app.asar/dist-electron/bin/linux/x64/ffprobe
[2026-08-11T03:47:47.770Z] Creating Window...
[2026-08-11T03:47:47.976Z] [APP PROTOCOL] Request: app://lorapok/index.html -> /mnt/NewVolume/Personal_Projects/lorapok_player/lorapok-player/release/builds/linux/linux-unpacked/resources/app.asar/dist/index.html
[2026-08-11T03:47:48.145Z] [APP PROTOCOL] Request: app://lorapok/assets/index-CdSzAV6o.js -> /mnt/NewVolume/Personal_Projects/lorapok_player/lorapok-player/release/builds/linux/linux-unpacked/resources/app.asar/dist/assets/index-CdSzAV6o.js
[2026-08-11T03:47:48.150Z] [APP PROTOCOL] Request: app://lorapok/assets/index-CcW-TewB.css -> /mnt/NewVolume/Personal_Projects/lorapok_player/lorapok-player/release/builds/linux/linux-unpacked/resources/app.asar/dist/assets/index-CcW-TewB.css
[2026-08-11T03:47:48.409Z] Renderer Finished Load
[2026-08-11T03:47:48.410Z] Window Ready to Show
[2026-08-11T03:47:48.467Z] [RENDERER] App Component Mounted
[2026-08-11T03:47:48.467Z] Renderer reported READY
[2026-08-17T19:26:27.274Z] --- LORAPOK STARTUP ---
[2026-08-17T19:26:27.425Z] ⚠️ FFmpeg binary not found at static path, checking system path...
[2026-08-17T19:26:27.428Z] ✅ FFprobe Initialized: /mnt/NewVolume/Personal_Projects/lorapok_player/lorapok-player/release/builds/linux/linux-unpacked/resources/app.asar/dist-electron/bin/linux/x64/ffprobe
[2026-08-17T19:26:27.488Z] Creating Window...
[2026-08-17T19:26:27.836Z] [APP PROTOCOL] Request: app://lorapok/index.html -> /mnt/NewVolume/Personal_Projects/lorapok_player/lorapok-player/release/builds/linux/linux-unpacked/resources/app.asar/dist/index.html
[2026-08-17T19:26:28.322Z] [APP PROTOCOL] Request: app://lorapok/assets/index-CdSzAV6o.js -> /mnt/NewVolume/Personal_Projects/lorapok_player/lorapok-player/release/builds/linux/linux-unpacked/resources/app.asar/dist/assets/index-CdSzAV6o.js
[2026-08-17T19:26:28.340Z] [APP PROTOCOL] Request: app://lorapok/assets/index-CcW-TewB.css -> /mnt/NewVolume/Personal_Projects/lorapok_player/lorapok-player/release/builds/linux/linux-unpacked/resources/app.asar/dist/assets/index-CcW-TewB.css
[2026-08-17T19:26:28.818Z] Renderer Finished Load
[2026-08-17T19:26:28.820Z] Window Ready to Show
[2026-08-17T19:26:28.976Z] [RENDERER] App Component Mounted
[2026-08-17T19:26:28.978Z] Renderer reported READY
[2026-08-17T19:26:29.044Z] [RENDERER CONSOLE] L:1 Received protocol/CLI URL: lorapok://test-protocol-launch (app://lorapok/assets/index-CdSzAV6o.js:237)
[2026-08-17T19:26:29.059Z] [PATH DECODE] Input: test-protocol-launch
[2026-08-17T19:26:29.089Z] [PATH DECODE] Input: test-protocol-launch
[2026-08-17T19:26:29.104Z] [RENDERER CONSOLE] L:3 LORAPOK_UI_ERROR: Error: Error invoking remote method 'get-media-tracks': Error: spawn ENOTDIR (app://lorapok/assets/index-CdSzAV6o.js:237)
[2026-08-17T19:26:29.106Z] [RENDERER] RENDERER_ERROR: Error invoking remote method 'get-media-tracks': Error: spawn ENOTDIR 
[2026-08-17T19:26:29.107Z] [RENDERER CONSOLE] L:3 Uncaught (in promise) Error: Error invoking remote method 'get-media-tracks': Error: spawn ENOTDIR (app://lorapok/index.html:0)
[2026-08-17T19:26:29.114Z] [RENDERER CONSOLE] L:3 LORAPOK_UI_ERROR: Error: Error invoking remote method 'get-video-duration': Error: spawn ENOTDIR (app://lorapok/assets/index-CdSzAV6o.js:237)
[2026-08-17T19:26:29.115Z] [RENDERER] RENDERER_ERROR: Error invoking remote method 'get-video-duration': Error: spawn ENOTDIR 
[2026-08-17T19:26:29.116Z] [RENDERER CONSOLE] L:3 Uncaught (in promise) Error: Error invoking remote method 'get-video-duration': Error: spawn ENOTDIR (app://lorapok/index.html:0)
[2026-08-17T19:26:29.433Z] [MEDIA DEBUG] Raw URL: media://test-protocol-launch
[2026-08-17T19:26:29.434Z] [PATH DECODE] Input: media://test-protocol-launch
[2026-08-17T19:26:29.435Z] Media Protocol Error: Error: ENOENT: no such file or directory, stat '/test-protocol-launch'
[2026-08-17T19:26:29.472Z] [RENDERER CONSOLE] L:1 ⚠️ Native playback failed. Switching to Neural Decode... (app://lorapok/assets/index-CdSzAV6o.js:237)
[2026-08-17T19:26:29.509Z] [MEDIA DEBUG] Raw URL: media://test-protocol-launch?transcode=true
[2026-08-17T19:26:29.510Z] [PATH DECODE] Input: media://test-protocol-launch?transcode=true
[2026-08-17T19:26:29.512Z] Media Protocol Error: Error: ENOENT: no such file or directory, stat '/test-protocol-launch'
[2026-08-17T19:26:29.514Z] [PATH DECODE] Input: test-protocol-launch?transcode=true
[2026-08-17T19:26:29.544Z] [RENDERER CONSOLE] L:3 LORAPOK_UI_ERROR: Error: Error invoking remote method 'get-video-duration': Error: spawn ENOTDIR (app://lorapok/assets/index-CdSzAV6o.js:237)
[2026-08-17T19:26:29.545Z] [RENDERER] RENDERER_ERROR: Error invoking remote method 'get-video-duration': Error: spawn ENOTDIR 
[2026-08-17T19:26:29.546Z] [RENDERER CONSOLE] L:3 Uncaught (in promise) Error: Error invoking remote method 'get-video-duration': Error: spawn ENOTDIR (app://lorapok/index.html:0)
[2026-08-17T19:26:29.547Z] [RENDERER CONSOLE] L:3 Video Error: The video could not be loaded, either because the server or network failed or because the format is not supported. [object MediaError] (app://lorapok/assets/index-CdSzAV6o.js:237)
[2026-08-17T19:26:32.511Z] --- LORAPOK STARTUP ---
[2026-08-17T19:26:32.751Z] ⚠️ FFmpeg binary not found at static path, checking system path...
[2026-08-17T19:26:32.756Z] ✅ FFprobe Initialized: /mnt/NewVolume/Personal_Projects/lorapok_player/lorapok-player/release/builds/linux/linux-unpacked/resources/app.asar/dist-electron/bin/linux/x64/ffprobe
[2026-08-17T19:26:32.786Z] Creating Window...
[2026-08-17T19:26:33.269Z] [APP PROTOCOL] Request: app://lorapok/index.html -> /mnt/NewVolume/Personal_Projects/lorapok_player/lorapok-player/release/builds/linux/linux-unpacked/resources/app.asar/dist/index.html
[2026-08-17T19:26:33.643Z] [APP PROTOCOL] Request: app://lorapok/assets/index-CdSzAV6o.js -> /mnt/NewVolume/Personal_Projects/lorapok_player/lorapok-player/release/builds/linux/linux-unpacked/resources/app.asar/dist/assets/index-CdSzAV6o.js
[2026-08-17T19:26:33.657Z] [APP PROTOCOL] Request: app://lorapok/assets/index-CcW-TewB.css -> /mnt/NewVolume/Personal_Projects/lorapok_player/lorapok-player/release/builds/linux/linux-unpacked/resources/app.asar/dist/assets/index-CcW-TewB.css
[2026-08-17T19:26:34.205Z] Renderer Finished Load
[2026-08-17T19:26:34.208Z] Window Ready to Show
[2026-08-17T19:26:34.321Z] [RENDERER] App Component Mounted
[2026-08-17T19:26:34.323Z] Renderer reported READY
[2026-08-17T19:26:34.384Z] [RENDERER CONSOLE] L:1 Received protocol/CLI URL: lorapok:///mnt/NewVolume/Personal_Projects/lorapok_player/test_media/long_sample.mp4 (app://lorapok/assets/index-CdSzAV6o.js:237)
[2026-08-17T19:26:34.396Z] [PATH DECODE] Input: /mnt/NewVolume/Personal_Projects/lorapok_player/test_media/long_sample.mp4
[2026-08-17T19:26:34.426Z] [PATH DECODE] Input: /mnt/NewVolume/Personal_Projects/lorapok_player/test_media/long_sample.mp4
[2026-08-17T19:26:34.443Z] [RENDERER CONSOLE] L:3 LORAPOK_UI_ERROR: Error: Error invoking remote method 'get-media-tracks': Error: spawn ENOTDIR (app://lorapok/assets/index-CdSzAV6o.js:237)
[2026-08-17T19:26:34.444Z] [RENDERER] RENDERER_ERROR: Error invoking remote method 'get-media-tracks': Error: spawn ENOTDIR 
[2026-08-17T19:26:34.444Z] [RENDERER CONSOLE] L:3 Uncaught (in promise) Error: Error invoking remote method 'get-media-tracks': Error: spawn ENOTDIR (app://lorapok/index.html:0)
[2026-08-17T19:26:34.446Z] [RENDERER CONSOLE] L:3 LORAPOK_UI_ERROR: Error: Error invoking remote method 'get-video-duration': Error: spawn ENOTDIR (app://lorapok/assets/index-CdSzAV6o.js:237)
[2026-08-17T19:26:34.446Z] [RENDERER] RENDERER_ERROR: Error invoking remote method 'get-video-duration': Error: spawn ENOTDIR 
[2026-08-17T19:26:34.447Z] [RENDERER CONSOLE] L:3 Uncaught (in promise) Error: Error invoking remote method 'get-video-duration': Error: spawn ENOTDIR (app://lorapok/index.html:0)
[2026-08-17T19:26:34.668Z] [MEDIA DEBUG] Raw URL: media:///mnt/NewVolume/Personal_Projects/lorapok_player/test_media/long_sample.mp4
[2026-08-17T19:26:34.669Z] [PATH DECODE] Input: media:///mnt/NewVolume/Personal_Projects/lorapok_player/test_media/long_sample.mp4
[2026-08-17T19:26:34.685Z] Deep Probe Error: Error: spawn ENOTDIR
[2026-08-17T19:26:34.685Z] 🧠 Universal Decode: .mp4 -> fMP4
[2026-08-17T19:26:34.702Z] FFmpeg Error: Cannot find ffmpeg
[2026-08-17T19:26:41.579Z] --- LORAPOK STARTUP ---
[2026-08-17T19:26:41.966Z] ⚠️ FFmpeg binary not found at static path, checking system path...
[2026-08-17T19:26:41.973Z] ✅ FFprobe Initialized: /mnt/NewVolume/Personal_Projects/lorapok_player/lorapok-player/release/builds/linux/linux-unpacked/resources/app.asar/dist-electron/bin/linux/x64/ffprobe
[2026-08-17T19:26:42.019Z] Creating Window...
[2026-08-17T19:26:42.870Z] [APP PROTOCOL] Request: app://lorapok/index.html -> /mnt/NewVolume/Personal_Projects/lorapok_player/lorapok-player/release/builds/linux/linux-unpacked/resources/app.asar/dist/index.html
[2026-08-17T19:26:43.758Z] [APP PROTOCOL] Request: app://lorapok/assets/index-CdSzAV6o.js -> /mnt/NewVolume/Personal_Projects/lorapok_player/lorapok-player/release/builds/linux/linux-unpacked/resources/app.asar/dist/assets/index-CdSzAV6o.js
[2026-08-17T19:26:43.801Z] [APP PROTOCOL] Request: app://lorapok/assets/index-CcW-TewB.css -> /mnt/NewVolume/Personal_Projects/lorapok_player/lorapok-player/release/builds/linux/linux-unpacked/resources/app.asar/dist/assets/index-CcW-TewB.css
[2026-08-17T19:26:45.228Z] Renderer Finished Load
[2026-08-17T19:26:45.236Z] Window Ready to Show
[2026-08-17T19:26:45.668Z] [RENDERER] App Component Mounted
[2026-08-17T19:26:45.674Z] Renderer reported READY
[2026-08-17T19:26:45.823Z] [RENDERER CONSOLE] L:1 Received protocol/CLI URL: lorapok:///mnt/NewVolume/Personal_Projects/lorapok_player/test_media/PXL_20240713_091018599.mp4 (app://lorapok/assets/index-CdSzAV6o.js:237)
[2026-08-17T19:26:45.847Z] [PATH DECODE] Input: /mnt/NewVolume/Personal_Projects/lorapok_player/test_media/PXL_20240713_091018599.mp4
[2026-08-17T19:26:45.939Z] [PATH DECODE] Input: /mnt/NewVolume/Personal_Projects/lorapok_player/test_media/PXL_20240713_091018599.mp4
[2026-08-17T19:26:45.979Z] [RENDERER CONSOLE] L:3 LORAPOK_UI_ERROR: Error: Error invoking remote method 'get-media-tracks': Error: spawn ENOTDIR (app://lorapok/assets/index-CdSzAV6o.js:237)
[2026-08-17T19:26:45.982Z] [RENDERER] RENDERER_ERROR: Error invoking remote method 'get-media-tracks': Error: spawn ENOTDIR 
[2026-08-17T19:26:45.985Z] [RENDERER CONSOLE] L:3 Uncaught (in promise) Error: Error invoking remote method 'get-media-tracks': Error: spawn ENOTDIR (app://lorapok/index.html:0)
[2026-08-17T19:26:45.993Z] [RENDERER CONSOLE] L:3 LORAPOK_UI_ERROR: Error: Error invoking remote method 'get-video-duration': Error: spawn ENOTDIR (app://lorapok/assets/index-CdSzAV6o.js:237)
[2026-08-17T19:26:45.996Z] [RENDERER] RENDERER_ERROR: Error invoking remote method 'get-video-duration': Error: spawn ENOTDIR 
[2026-08-17T19:26:45.998Z] [RENDERER CONSOLE] L:3 Uncaught (in promise) Error: Error invoking remote method 'get-video-duration': Error: spawn ENOTDIR (app://lorapok/index.html:0)
[2026-08-17T19:26:46.381Z] [MEDIA DEBUG] Raw URL: media:///mnt/NewVolume/Personal_Projects/lorapok_player/test_media/PXL_20240713_091018599.mp4
[2026-08-17T19:26:46.385Z] [PATH DECODE] Input: media:///mnt/NewVolume/Personal_Projects/lorapok_player/test_media/PXL_20240713_091018599.mp4
[2026-08-17T19:26:46.434Z] Deep Probe Error: Error: spawn ENOTDIR
[2026-08-17T19:26:46.438Z] 🧠 Universal Decode: .mp4 -> fMP4
[2026-08-17T19:26:46.720Z] 🚨 Process Gone: Utility (killed)
[2026-08-17T19:26:46.778Z] 🚨 Process Gone: GPU (killed)
[2026-08-17T19:26:51.567Z] --- LORAPOK STARTUP ---
[2026-08-17T19:26:51.982Z] ⚠️ FFmpeg binary not found at static path, checking system path...
[2026-08-17T19:26:51.988Z] ✅ FFprobe Initialized: /mnt/NewVolume/Personal_Projects/lorapok_player/lorapok-player/release/builds/linux/linux-unpacked/resources/app.asar/dist-electron/bin/linux/x64/ffprobe
[2026-08-17T19:26:52.028Z] Creating Window...
[2026-08-17T19:26:52.605Z] [APP PROTOCOL] Request: app://lorapok/index.html -> /mnt/NewVolume/Personal_Projects/lorapok_player/lorapok-player/release/builds/linux/linux-unpacked/resources/app.asar/dist/index.html
[2026-08-17T19:26:53.061Z] [APP PROTOCOL] Request: app://lorapok/assets/index-CdSzAV6o.js -> /mnt/NewVolume/Personal_Projects/lorapok_player/lorapok-player/release/builds/linux/linux-unpacked/resources/app.asar/dist/assets/index-CdSzAV6o.js
[2026-08-17T19:26:53.074Z] [APP PROTOCOL] Request: app://lorapok/assets/index-CcW-TewB.css -> /mnt/NewVolume/Personal_Projects/lorapok_player/lorapok-player/release/builds/linux/linux-unpacked/resources/app.asar/dist/assets/index-CcW-TewB.css
[2026-08-17T19:26:53.828Z] Renderer Finished Load
[2026-08-17T19:26:53.830Z] Window Ready to Show
[2026-08-17T19:26:53.980Z] [RENDERER] App Component Mounted
[2026-08-17T19:26:54.013Z] Renderer reported READY
[2026-08-17T19:26:54.062Z] [RENDERER CONSOLE] L:1 Received protocol/CLI URL: lorapok:///mnt/NewVolume/Personal_Projects/lorapok_player/test_media/PXL_20240713_095454016.mp4 (app://lorapok/assets/index-CdSzAV6o.js:237)
[2026-08-17T19:26:54.081Z] [PATH DECODE] Input: /mnt/NewVolume/Personal_Projects/lorapok_player/test_media/PXL_20240713_095454016.mp4
[2026-08-17T19:26:54.124Z] [PATH DECODE] Input: /mnt/NewVolume/Personal_Projects/lorapok_player/test_media/PXL_20240713_095454016.mp4
[2026-08-17T19:26:54.141Z] [RENDERER CONSOLE] L:3 LORAPOK_UI_ERROR: Error: Error invoking remote method 'get-media-tracks': Error: spawn ENOTDIR (app://lorapok/assets/index-CdSzAV6o.js:237)
[2026-08-17T19:26:54.142Z] [RENDERER] RENDERER_ERROR: Error invoking remote method 'get-media-tracks': Error: spawn ENOTDIR 
[2026-08-17T19:26:54.142Z] [RENDERER CONSOLE] L:3 Uncaught (in promise) Error: Error invoking remote method 'get-media-tracks': Error: spawn ENOTDIR (app://lorapok/index.html:0)
[2026-08-17T19:26:54.143Z] [RENDERER CONSOLE] L:3 LORAPOK_UI_ERROR: Error: Error invoking remote method 'get-video-duration': Error: spawn ENOTDIR (app://lorapok/assets/index-CdSzAV6o.js:237)
[2026-08-17T19:26:54.144Z] [RENDERER] RENDERER_ERROR: Error invoking remote method 'get-video-duration': Error: spawn ENOTDIR 
[2026-08-17T19:26:54.145Z] [RENDERER CONSOLE] L:3 Uncaught (in promise) Error: Error invoking remote method 'get-video-duration': Error: spawn ENOTDIR (app://lorapok/index.html:0)
[2026-08-17T19:26:54.398Z] [MEDIA DEBUG] Raw URL: media:///mnt/NewVolume/Personal_Projects/lorapok_player/test_media/PXL_20240713_095454016.mp4
[2026-08-17T19:26:54.399Z] [PATH DECODE] Input: media:///mnt/NewVolume/Personal_Projects/lorapok_player/test_media/PXL_20240713_095454016.mp4
[2026-08-17T19:26:54.415Z] Deep Probe Error: Error: spawn ENOTDIR
[2026-08-17T19:26:54.416Z] 🧠 Universal Decode: .mp4 -> fMP4
[2026-08-17T19:26:54.439Z] FFmpeg Error: Cannot find ffmpeg
[2026-08-17T19:26:56.536Z] 🚨 Process Gone: Utility (killed)
[2026-08-17T19:26:56.564Z] 🚨 Process Gone: GPU (killed)
[2026-08-17T19:26:59.067Z] --- LORAPOK STARTUP ---
[2026-08-17T19:26:59.369Z] ⚠️ FFmpeg binary not found at static path, checking system path...
[2026-08-17T19:26:59.376Z] ✅ FFprobe Initialized: /mnt/NewVolume/Personal_Projects/lorapok_player/lorapok-player/release/builds/linux/linux-unpacked/resources/app.asar/dist-electron/bin/linux/x64/ffprobe
[2026-08-17T19:26:59.406Z] Creating Window...
[2026-08-17T19:26:59.949Z] [APP PROTOCOL] Request: app://lorapok/index.html -> /mnt/NewVolume/Personal_Projects/lorapok_player/lorapok-player/release/builds/linux/linux-unpacked/resources/app.asar/dist/index.html
[2026-08-17T19:27:00.356Z] [APP PROTOCOL] Request: app://lorapok/assets/index-CdSzAV6o.js -> /mnt/NewVolume/Personal_Projects/lorapok_player/lorapok-player/release/builds/linux/linux-unpacked/resources/app.asar/dist/assets/index-CdSzAV6o.js
[2026-08-17T19:27:00.367Z] [APP PROTOCOL] Request: app://lorapok/assets/index-CcW-TewB.css -> /mnt/NewVolume/Personal_Projects/lorapok_player/lorapok-player/release/builds/linux/linux-unpacked/resources/app.asar/dist/assets/index-CcW-TewB.css
[2026-08-17T19:27:00.962Z] Renderer Finished Load
[2026-08-17T19:27:00.964Z] Window Ready to Show
[2026-08-17T19:27:01.100Z] [RENDERER] App Component Mounted
[2026-08-17T19:27:01.103Z] Renderer reported READY
[2026-08-17T19:27:01.180Z] [RENDERER CONSOLE] L:1 Received protocol/CLI URL: lorapok:///mnt/NewVolume/Personal_Projects/lorapok_player/test_media/sample_1080p.mp4 (app://lorapok/assets/index-CdSzAV6o.js:237)
[2026-08-17T19:27:01.197Z] [PATH DECODE] Input: /mnt/NewVolume/Personal_Projects/lorapok_player/test_media/sample_1080p.mp4
[2026-08-17T19:27:01.236Z] [PATH DECODE] Input: /mnt/NewVolume/Personal_Projects/lorapok_player/test_media/sample_1080p.mp4
[2026-08-17T19:27:01.258Z] [RENDERER CONSOLE] L:3 LORAPOK_UI_ERROR: Error: Error invoking remote method 'get-media-tracks': Error: spawn ENOTDIR (app://lorapok/assets/index-CdSzAV6o.js:237)
[2026-08-17T19:27:01.259Z] [RENDERER] RENDERER_ERROR: Error invoking remote method 'get-media-tracks': Error: spawn ENOTDIR 
[2026-08-17T19:27:01.260Z] [RENDERER CONSOLE] L:3 Uncaught (in promise) Error: Error invoking remote method 'get-media-tracks': Error: spawn ENOTDIR (app://lorapok/index.html:0)
[2026-08-17T19:27:01.261Z] [RENDERER CONSOLE] L:3 LORAPOK_UI_ERROR: Error: Error invoking remote method 'get-video-duration': Error: spawn ENOTDIR (app://lorapok/assets/index-CdSzAV6o.js:237)
[2026-08-17T19:27:01.262Z] [RENDERER] RENDERER_ERROR: Error invoking remote method 'get-video-duration': Error: spawn ENOTDIR 
[2026-08-17T19:27:01.263Z] [RENDERER CONSOLE] L:3 Uncaught (in promise) Error: Error invoking remote method 'get-video-duration': Error: spawn ENOTDIR (app://lorapok/index.html:0)
[2026-08-17T19:27:01.468Z] [MEDIA DEBUG] Raw URL: media:///mnt/NewVolume/Personal_Projects/lorapok_player/test_media/sample_1080p.mp4
[2026-08-17T19:27:01.469Z] [PATH DECODE] Input: media:///mnt/NewVolume/Personal_Projects/lorapok_player/test_media/sample_1080p.mp4
[2026-08-17T19:27:01.485Z] Deep Probe Error: Error: spawn ENOTDIR
[2026-08-17T19:27:01.486Z] 🧠 Universal Decode: .mp4 -> fMP4
[2026-08-17T19:27:01.511Z] FFmpeg Error: Cannot find ffmpeg
[2026-08-17T19:27:05.922Z] 🚨 Process Gone: Utility (killed)
[2026-08-17T19:27:05.969Z] 🚨 Process Gone: GPU (killed)
[2026-08-17T19:27:09.336Z] --- LORAPOK STARTUP ---
[2026-08-17T19:27:09.585Z] ⚠️ FFmpeg binary not found at static path, checking system path...
[2026-08-17T19:27:09.589Z] ✅ FFprobe Initialized: /mnt/NewVolume/Personal_Projects/lorapok_player/lorapok-player/release/builds/linux/linux-unpacked/resources/app.asar/dist-electron/bin/linux/x64/ffprobe
[2026-08-17T19:27:09.614Z] Creating Window...
[2026-08-17T19:27:10.096Z] [APP PROTOCOL] Request: app://lorapok/index.html -> /mnt/NewVolume/Personal_Projects/lorapok_player/lorapok-player/release/builds/linux/linux-unpacked/resources/app.asar/dist/index.html
[2026-08-17T19:27:10.396Z] [APP PROTOCOL] Request: app://lorapok/assets/index-CdSzAV6o.js -> /mnt/NewVolume/Personal_Projects/lorapok_player/lorapok-player/release/builds/linux/linux-unpacked/resources/app.asar/dist/assets/index-CdSzAV6o.js
[2026-08-17T19:27:10.404Z] [APP PROTOCOL] Request: app://lorapok/assets/index-CcW-TewB.css -> /mnt/NewVolume/Personal_Projects/lorapok_player/lorapok-player/release/builds/linux/linux-unpacked/resources/app.asar/dist/assets/index-CcW-TewB.css
[2026-08-17T19:27:10.854Z] Renderer Finished Load
[2026-08-17T19:27:10.867Z] Window Ready to Show
[2026-08-17T19:27:11.036Z] [RENDERER] App Component Mounted
[2026-08-17T19:27:11.038Z] Renderer reported READY
[2026-08-17T19:27:11.125Z] [RENDERER CONSOLE] L:1 Received protocol/CLI URL: lorapok:///mnt/NewVolume/Personal_Projects/lorapok_player/test_media/sample.3gp (app://lorapok/assets/index-CdSzAV6o.js:237)
[2026-08-17T19:27:11.150Z] [PATH DECODE] Input: /mnt/NewVolume/Personal_Projects/lorapok_player/test_media/sample.3gp
[2026-08-17T19:27:11.214Z] [PATH DECODE] Input: /mnt/NewVolume/Personal_Projects/lorapok_player/test_media/sample.3gp
[2026-08-17T19:27:11.236Z] [RENDERER CONSOLE] L:3 LORAPOK_UI_ERROR: Error: Error invoking remote method 'get-media-tracks': Error: spawn ENOTDIR (app://lorapok/assets/index-CdSzAV6o.js:237)
[2026-08-17T19:27:11.237Z] [RENDERER] RENDERER_ERROR: Error invoking remote method 'get-media-tracks': Error: spawn ENOTDIR 
[2026-08-17T19:27:11.239Z] [RENDERER CONSOLE] L:3 Uncaught (in promise) Error: Error invoking remote method 'get-media-tracks': Error: spawn ENOTDIR (app://lorapok/index.html:0)
[2026-08-17T19:27:11.242Z] [RENDERER CONSOLE] L:3 LORAPOK_UI_ERROR: Error: Error invoking remote method 'get-video-duration': Error: spawn ENOTDIR (app://lorapok/assets/index-CdSzAV6o.js:237)
[2026-08-17T19:27:11.244Z] [RENDERER] RENDERER_ERROR: Error invoking remote method 'get-video-duration': Error: spawn ENOTDIR 
[2026-08-17T19:27:11.245Z] [RENDERER CONSOLE] L:3 Uncaught (in promise) Error: Error invoking remote method 'get-video-duration': Error: spawn ENOTDIR (app://lorapok/index.html:0)
[2026-08-17T19:27:11.464Z] [MEDIA DEBUG] Raw URL: media:///mnt/NewVolume/Personal_Projects/lorapok_player/test_media/sample.3gp
[2026-08-17T19:27:11.467Z] [PATH DECODE] Input: media:///mnt/NewVolume/Personal_Projects/lorapok_player/test_media/sample.3gp
[2026-08-17T19:27:11.472Z] 🧠 Universal Decode: .3gp -> fMP4
[2026-08-17T19:27:11.501Z] FFmpeg Error: Cannot find ffmpeg
[2026-08-17T19:27:16.643Z] --- LORAPOK STARTUP ---
[2026-08-17T19:27:16.791Z] ⚠️ FFmpeg binary not found at static path, checking system path...
[2026-08-17T19:27:16.794Z] ✅ FFprobe Initialized: /mnt/NewVolume/Personal_Projects/lorapok_player/lorapok-player/release/builds/linux/linux-unpacked/resources/app.asar/dist-electron/bin/linux/x64/ffprobe
[2026-08-17T19:27:16.810Z] Creating Window...
[2026-08-17T19:27:17.087Z] [APP PROTOCOL] Request: app://lorapok/index.html -> /mnt/NewVolume/Personal_Projects/lorapok_player/lorapok-player/release/builds/linux/linux-unpacked/resources/app.asar/dist/index.html
[2026-08-17T19:27:17.307Z] [APP PROTOCOL] Request: app://lorapok/assets/index-CdSzAV6o.js -> /mnt/NewVolume/Personal_Projects/lorapok_player/lorapok-player/release/builds/linux/linux-unpacked/resources/app.asar/dist/assets/index-CdSzAV6o.js
[2026-08-17T19:27:17.315Z] [APP PROTOCOL] Request: app://lorapok/assets/index-CcW-TewB.css -> /mnt/NewVolume/Personal_Projects/lorapok_player/lorapok-player/release/builds/linux/linux-unpacked/resources/app.asar/dist/assets/index-CcW-TewB.css
[2026-08-17T19:27:17.751Z] Renderer Finished Load
[2026-08-17T19:27:17.765Z] Window Ready to Show
[2026-08-17T19:27:17.920Z] [RENDERER] App Component Mounted
[2026-08-17T19:27:17.927Z] Renderer reported READY
[2026-08-17T19:27:18.105Z] [RENDERER CONSOLE] L:1 Received protocol/CLI URL: lorapok:///mnt/NewVolume/Personal_Projects/lorapok_player/test_media/sample.aac (app://lorapok/assets/index-CdSzAV6o.js:237)
[2026-08-17T19:27:18.148Z] [PATH DECODE] Input: /mnt/NewVolume/Personal_Projects/lorapok_player/test_media/sample.aac
[2026-08-17T19:27:18.202Z] [PATH DECODE] Input: /mnt/NewVolume/Personal_Projects/lorapok_player/test_media/sample.aac
[2026-08-17T19:27:18.221Z] [RENDERER CONSOLE] L:3 LORAPOK_UI_ERROR: Error: Error invoking remote method 'get-media-tracks': Error: spawn ENOTDIR (app://lorapok/assets/index-CdSzAV6o.js:237)
[2026-08-17T19:27:18.222Z] [RENDERER] RENDERER_ERROR: Error invoking remote method 'get-media-tracks': Error: spawn ENOTDIR 
[2026-08-17T19:27:18.223Z] [RENDERER CONSOLE] L:3 Uncaught (in promise) Error: Error invoking remote method 'get-media-tracks': Error: spawn ENOTDIR (app://lorapok/index.html:0)
[2026-08-17T19:27:18.224Z] [RENDERER CONSOLE] L:3 LORAPOK_UI_ERROR: Error: Error invoking remote method 'get-video-duration': Error: spawn ENOTDIR (app://lorapok/assets/index-CdSzAV6o.js:237)
[2026-08-17T19:27:18.225Z] [RENDERER] RENDERER_ERROR: Error invoking remote method 'get-video-duration': Error: spawn ENOTDIR 
[2026-08-17T19:27:18.226Z] [RENDERER CONSOLE] L:3 Uncaught (in promise) Error: Error invoking remote method 'get-video-duration': Error: spawn ENOTDIR (app://lorapok/index.html:0)
[2026-08-17T19:27:18.538Z] [MEDIA DEBUG] Raw URL: media:///mnt/NewVolume/Personal_Projects/lorapok_player/test_media/sample.aac
[2026-08-17T19:27:18.543Z] [PATH DECODE] Input: media:///mnt/NewVolume/Personal_Projects/lorapok_player/test_media/sample.aac
[2026-08-17T19:27:18.664Z] [RENDERER CONSOLE] L:1 ⚠️ Native playback failed. Switching to Neural Decode... (app://lorapok/assets/index-CdSzAV6o.js:237)
[2026-08-17T19:27:18.709Z] [MEDIA DEBUG] Raw URL: media:///mnt/NewVolume/Personal_Projects/lorapok_player/test_media/sample.aac?transcode=true
[2026-08-17T19:27:18.710Z] [PATH DECODE] Input: media:///mnt/NewVolume/Personal_Projects/lorapok_player/test_media/sample.aac?transcode=true
[2026-08-17T19:27:18.712Z] 🧠 Universal Decode: .aac -> fMP4
[2026-08-17T19:27:18.776Z] FFmpeg Error: Cannot find ffmpeg
[2026-08-17T19:27:18.778Z] [PATH DECODE] Input: /mnt/NewVolume/Personal_Projects/lorapok_player/test_media/sample.aac?transcode=true
[2026-08-17T19:27:18.839Z] [RENDERER CONSOLE] L:3 LORAPOK_UI_ERROR: Error: Error invoking remote method 'get-video-duration': Error: spawn ENOTDIR (app://lorapok/assets/index-CdSzAV6o.js:237)
[2026-08-17T19:27:18.840Z] [RENDERER] RENDERER_ERROR: Error invoking remote method 'get-video-duration': Error: spawn ENOTDIR 
[2026-08-17T19:27:18.843Z] [RENDERER CONSOLE] L:3 Uncaught (in promise) Error: Error invoking remote method 'get-video-duration': Error: spawn ENOTDIR (app://lorapok/index.html:0)
[2026-08-17T19:27:23.180Z] 🚨 Process Gone: Utility (killed)
[2026-08-17T19:27:23.202Z] 🚨 Process Gone: GPU (killed)
[2026-08-17T19:27:25.380Z] --- LORAPOK STARTUP ---
[2026-08-17T19:27:25.709Z] ⚠️ FFmpeg binary not found at static path, checking system path...
[2026-08-17T19:27:25.725Z] ✅ FFprobe Initialized: /mnt/NewVolume/Personal_Projects/lorapok_player/lorapok-player/release/builds/linux/linux-unpacked/resources/app.asar/dist-electron/bin/linux/x64/ffprobe
[2026-08-17T19:27:25.759Z] Creating Window...
[2026-08-17T19:27:26.285Z] [APP PROTOCOL] Request: app://lorapok/index.html -> /mnt/NewVolume/Personal_Projects/lorapok_player/lorapok-player/release/builds/linux/linux-unpacked/resources/app.asar/dist/index.html
[2026-08-17T19:27:26.620Z] [APP PROTOCOL] Request: app://lorapok/assets/index-CdSzAV6o.js -> /mnt/NewVolume/Personal_Projects/lorapok_player/lorapok-player/release/builds/linux/linux-unpacked/resources/app.asar/dist/assets/index-CdSzAV6o.js
[2026-08-17T19:27:26.630Z] [APP PROTOCOL] Request: app://lorapok/assets/index-CcW-TewB.css -> /mnt/NewVolume/Personal_Projects/lorapok_player/lorapok-player/release/builds/linux/linux-unpacked/resources/app.asar/dist/assets/index-CcW-TewB.css
[2026-08-17T19:27:27.144Z] Renderer Finished Load
[2026-08-17T19:27:27.146Z] Window Ready to Show
[2026-08-17T19:27:27.252Z] [RENDERER] App Component Mounted
[2026-08-17T19:27:27.253Z] Renderer reported READY
[2026-08-17T19:27:27.318Z] [RENDERER CONSOLE] L:1 Received protocol/CLI URL: lorapok:///mnt/NewVolume/Personal_Projects/lorapok_player/test_media/sample.avi (app://lorapok/assets/index-CdSzAV6o.js:237)
[2026-08-17T19:27:27.331Z] [PATH DECODE] Input: /mnt/NewVolume/Personal_Projects/lorapok_player/test_media/sample.avi
[2026-08-17T19:27:27.360Z] [PATH DECODE] Input: /mnt/NewVolume/Personal_Projects/lorapok_player/test_media/sample.avi
[2026-08-17T19:27:27.378Z] [RENDERER CONSOLE] L:3 LORAPOK_UI_ERROR: Error: Error invoking remote method 'get-media-tracks': Error: spawn ENOTDIR (app://lorapok/assets/index-CdSzAV6o.js:237)
[2026-08-17T19:27:27.379Z] [RENDERER] RENDERER_ERROR: Error invoking remote method 'get-media-tracks': Error: spawn ENOTDIR 
[2026-08-17T19:27:27.382Z] [RENDERER CONSOLE] L:3 Uncaught (in promise) Error: Error invoking remote method 'get-media-tracks': Error: spawn ENOTDIR (app://lorapok/index.html:0)
[2026-08-17T19:27:27.389Z] [RENDERER CONSOLE] L:3 LORAPOK_UI_ERROR: Error: Error invoking remote method 'get-video-duration': Error: spawn ENOTDIR (app://lorapok/assets/index-CdSzAV6o.js:237)
[2026-08-17T19:27:27.390Z] [RENDERER] RENDERER_ERROR: Error invoking remote method 'get-video-duration': Error: spawn ENOTDIR 
[2026-08-17T19:27:27.391Z] [RENDERER CONSOLE] L:3 Uncaught (in promise) Error: Error invoking remote method 'get-video-duration': Error: spawn ENOTDIR (app://lorapok/index.html:0)
[2026-08-17T19:27:27.657Z] [MEDIA DEBUG] Raw URL: media:///mnt/NewVolume/Personal_Projects/lorapok_player/test_media/sample.avi
[2026-08-17T19:27:27.657Z] [PATH DECODE] Input: media:///mnt/NewVolume/Personal_Projects/lorapok_player/test_media/sample.avi
[2026-08-17T19:27:27.659Z] 🧠 Universal Decode: .avi -> fMP4
[2026-08-17T19:27:27.678Z] FFmpeg Error: Cannot find ffmpeg
[2026-08-17T19:27:31.700Z] 🚨 Process Gone: Utility (killed)
[2026-08-17T19:27:31.731Z] 🚨 Process Gone: GPU (killed)
[2026-08-17T19:27:35.000Z] --- LORAPOK STARTUP ---
[2026-08-17T19:27:35.244Z] ⚠️ FFmpeg binary not found at static path, checking system path...
[2026-08-17T19:27:35.247Z] ✅ FFprobe Initialized: /mnt/NewVolume/Personal_Projects/lorapok_player/lorapok-player/release/builds/linux/linux-unpacked/resources/app.asar/dist-electron/bin/linux/x64/ffprobe
[2026-08-17T19:27:35.268Z] Creating Window...
[2026-08-17T19:27:35.604Z] [APP PROTOCOL] Request: app://lorapok/index.html -> /mnt/NewVolume/Personal_Projects/lorapok_player/lorapok-player/release/builds/linux/linux-unpacked/resources/app.asar/dist/index.html
[2026-08-17T19:27:35.845Z] [APP PROTOCOL] Request: app://lorapok/assets/index-CdSzAV6o.js -> /mnt/NewVolume/Personal_Projects/lorapok_player/lorapok-player/release/builds/linux/linux-unpacked/resources/app.asar/dist/assets/index-CdSzAV6o.js
[2026-08-17T19:27:35.852Z] [APP PROTOCOL] Request: app://lorapok/assets/index-CcW-TewB.css -> /mnt/NewVolume/Personal_Projects/lorapok_player/lorapok-player/release/builds/linux/linux-unpacked/resources/app.asar/dist/assets/index-CcW-TewB.css
[2026-08-17T19:27:36.238Z] Renderer Finished Load
[2026-08-17T19:27:36.240Z] Window Ready to Show
[2026-08-17T19:27:36.338Z] [RENDERER] App Component Mounted
[2026-08-17T19:27:36.339Z] Renderer reported READY
[2026-08-17T19:27:36.398Z] [RENDERER CONSOLE] L:1 Received protocol/CLI URL: lorapok:///mnt/NewVolume/Personal_Projects/lorapok_player/test_media/sample.flac (app://lorapok/assets/index-CdSzAV6o.js:237)
[2026-08-17T19:27:36.412Z] [PATH DECODE] Input: /mnt/NewVolume/Personal_Projects/lorapok_player/test_media/sample.flac
[2026-08-17T19:27:36.442Z] [PATH DECODE] Input: /mnt/NewVolume/Personal_Projects/lorapok_player/test_media/sample.flac
[2026-08-17T19:27:36.454Z] [RENDERER CONSOLE] L:3 LORAPOK_UI_ERROR: Error: Error invoking remote method 'get-media-tracks': Error: spawn ENOTDIR (app://lorapok/assets/index-CdSzAV6o.js:237)
[2026-08-17T19:27:36.454Z] [RENDERER] RENDERER_ERROR: Error invoking remote method 'get-media-tracks': Error: spawn ENOTDIR 
[2026-08-17T19:27:36.455Z] [RENDERER CONSOLE] L:3 Uncaught (in promise) Error: Error invoking remote method 'get-media-tracks': Error: spawn ENOTDIR (app://lorapok/index.html:0)
[2026-08-17T19:27:36.456Z] [RENDERER CONSOLE] L:3 LORAPOK_UI_ERROR: Error: Error invoking remote method 'get-video-duration': Error: spawn ENOTDIR (app://lorapok/assets/index-CdSzAV6o.js:237)
[2026-08-17T19:27:36.457Z] [RENDERER] RENDERER_ERROR: Error invoking remote method 'get-video-duration': Error: spawn ENOTDIR 
[2026-08-17T19:27:36.457Z] [RENDERER CONSOLE] L:3 Uncaught (in promise) Error: Error invoking remote method 'get-video-duration': Error: spawn ENOTDIR (app://lorapok/index.html:0)
[2026-08-17T19:27:36.692Z] [MEDIA DEBUG] Raw URL: media:///mnt/NewVolume/Personal_Projects/lorapok_player/test_media/sample.flac
[2026-08-17T19:27:36.693Z] [PATH DECODE] Input: media:///mnt/NewVolume/Personal_Projects/lorapok_player/test_media/sample.flac
[2026-08-17T19:27:36.744Z] [RENDERER CONSOLE] L:1 ⚠️ Native playback failed. Switching to Neural Decode... (app://lorapok/assets/index-CdSzAV6o.js:237)
[2026-08-17T19:27:36.759Z] [MEDIA DEBUG] Raw URL: media:///mnt/NewVolume/Personal_Projects/lorapok_player/test_media/sample.flac?transcode=true
[2026-08-17T19:27:36.760Z] [PATH DECODE] Input: media:///mnt/NewVolume/Personal_Projects/lorapok_player/test_media/sample.flac?transcode=true
[2026-08-17T19:27:36.761Z] 🧠 Universal Decode: .flac -> fMP4
[2026-08-17T19:27:36.776Z] FFmpeg Error: Cannot find ffmpeg
[2026-08-17T19:27:36.792Z] [PATH DECODE] Input: /mnt/NewVolume/Personal_Projects/lorapok_player/test_media/sample.flac?transcode=true
[2026-08-17T19:27:36.820Z] [RENDERER CONSOLE] L:3 LORAPOK_UI_ERROR: Error: Error invoking remote method 'get-video-duration': Error: spawn ENOTDIR (app://lorapok/assets/index-CdSzAV6o.js:237)
[2026-08-17T19:27:36.820Z] [RENDERER] RENDERER_ERROR: Error invoking remote method 'get-video-duration': Error: spawn ENOTDIR 
[2026-08-17T19:27:36.821Z] [RENDERER CONSOLE] L:3 Uncaught (in promise) Error: Error invoking remote method 'get-video-duration': Error: spawn ENOTDIR (app://lorapok/index.html:0)
[2026-08-17T19:27:40.896Z] 🚨 Process Gone: Utility (killed)
[2026-08-17T19:27:40.899Z] 🚨 Process Gone: GPU (killed)
[2026-08-17T19:27:42.786Z] --- LORAPOK STARTUP ---
[2026-08-17T19:27:42.944Z] ⚠️ FFmpeg binary not found at static path, checking system path...
[2026-08-17T19:27:42.947Z] ✅ FFprobe Initialized: /mnt/NewVolume/Personal_Projects/lorapok_player/lorapok-player/release/builds/linux/linux-unpacked/resources/app.asar/dist-electron/bin/linux/x64/ffprobe
[2026-08-17T19:27:42.964Z] Creating Window...
[2026-08-17T19:27:43.221Z] [APP PROTOCOL] Request: app://lorapok/index.html -> /mnt/NewVolume/Personal_Projects/lorapok_player/lorapok-player/release/builds/linux/linux-unpacked/resources/app.asar/dist/index.html
[2026-08-17T19:27:43.410Z] [APP PROTOCOL] Request: app://lorapok/assets/index-CdSzAV6o.js -> /mnt/NewVolume/Personal_Projects/lorapok_player/lorapok-player/release/builds/linux/linux-unpacked/resources/app.asar/dist/assets/index-CdSzAV6o.js
[2026-08-17T19:27:43.417Z] [APP PROTOCOL] Request: app://lorapok/assets/index-CcW-TewB.css -> /mnt/NewVolume/Personal_Projects/lorapok_player/lorapok-player/release/builds/linux/linux-unpacked/resources/app.asar/dist/assets/index-CcW-TewB.css
[2026-08-17T19:27:43.689Z] Renderer Finished Load
[2026-08-17T19:27:43.690Z] Window Ready to Show
[2026-08-17T19:27:43.753Z] [RENDERER] App Component Mounted
[2026-08-17T19:27:43.754Z] Renderer reported READY
[2026-08-17T19:27:43.784Z] [RENDERER CONSOLE] L:1 Received protocol/CLI URL: lorapok:///mnt/NewVolume/Personal_Projects/lorapok_player/test_media/sample.flv (app://lorapok/assets/index-CdSzAV6o.js:237)
[2026-08-17T19:27:43.790Z] [PATH DECODE] Input: /mnt/NewVolume/Personal_Projects/lorapok_player/test_media/sample.flv
[2026-08-17T19:27:43.805Z] [PATH DECODE] Input: /mnt/NewVolume/Personal_Projects/lorapok_player/test_media/sample.flv
[2026-08-17T19:27:43.815Z] [RENDERER CONSOLE] L:3 LORAPOK_UI_ERROR: Error: Error invoking remote method 'get-media-tracks': Error: spawn ENOTDIR (app://lorapok/assets/index-CdSzAV6o.js:237)
[2026-08-17T19:27:43.815Z] [RENDERER] RENDERER_ERROR: Error invoking remote method 'get-media-tracks': Error: spawn ENOTDIR 
[2026-08-17T19:27:43.816Z] [RENDERER CONSOLE] L:3 Uncaught (in promise) Error: Error invoking remote method 'get-media-tracks': Error: spawn ENOTDIR (app://lorapok/index.html:0)
[2026-08-17T19:27:43.817Z] [RENDERER CONSOLE] L:3 LORAPOK_UI_ERROR: Error: Error invoking remote method 'get-video-duration': Error: spawn ENOTDIR (app://lorapok/assets/index-CdSzAV6o.js:237)
[2026-08-17T19:27:43.817Z] [RENDERER] RENDERER_ERROR: Error invoking remote method 'get-video-duration': Error: spawn ENOTDIR 
[2026-08-17T19:27:43.818Z] [RENDERER CONSOLE] L:3 Uncaught (in promise) Error: Error invoking remote method 'get-video-duration': Error: spawn ENOTDIR (app://lorapok/index.html:0)
[2026-08-17T19:27:44.052Z] [MEDIA DEBUG] Raw URL: media:///mnt/NewVolume/Personal_Projects/lorapok_player/test_media/sample.flv
[2026-08-17T19:27:44.053Z] [PATH DECODE] Input: media:///mnt/NewVolume/Personal_Projects/lorapok_player/test_media/sample.flv
[2026-08-17T19:27:44.054Z] 🧠 Universal Decode: .flv -> fMP4
[2026-08-17T19:27:44.064Z] FFmpeg Error: Cannot find ffmpeg
[2026-08-17T19:27:50.501Z] --- LORAPOK STARTUP ---
[2026-08-17T19:27:50.597Z] ⚠️ FFmpeg binary not found at static path, checking system path...
[2026-08-17T19:27:50.599Z] ✅ FFprobe Initialized: /mnt/NewVolume/Personal_Projects/lorapok_player/lorapok-player/release/builds/linux/linux-unpacked/resources/app.asar/dist-electron/bin/linux/x64/ffprobe
[2026-08-17T19:27:50.611Z] Creating Window...
[2026-08-17T19:27:50.834Z] [APP PROTOCOL] Request: app://lorapok/index.html -> /mnt/NewVolume/Personal_Projects/lorapok_player/lorapok-player/release/builds/linux/linux-unpacked/resources/app.asar/dist/index.html
[2026-08-17T19:27:50.988Z] [APP PROTOCOL] Request: app://lorapok/assets/index-CdSzAV6o.js -> /mnt/NewVolume/Personal_Projects/lorapok_player/lorapok-player/release/builds/linux/linux-unpacked/resources/app.asar/dist/assets/index-CdSzAV6o.js
[2026-08-17T19:27:50.995Z] [APP PROTOCOL] Request: app://lorapok/assets/index-CcW-TewB.css -> /mnt/NewVolume/Personal_Projects/lorapok_player/lorapok-player/release/builds/linux/linux-unpacked/resources/app.asar/dist/assets/index-CcW-TewB.css
[2026-08-17T19:27:51.264Z] Renderer Finished Load
[2026-08-17T19:27:51.265Z] Window Ready to Show
[2026-08-17T19:27:51.323Z] [RENDERER] App Component Mounted
[2026-08-17T19:27:51.324Z] Renderer reported READY
[2026-08-17T19:27:51.363Z] [RENDERER CONSOLE] L:1 Received protocol/CLI URL: lorapok:///mnt/NewVolume/Personal_Projects/lorapok_player/test_media/sample.m4a (app://lorapok/assets/index-CdSzAV6o.js:237)
[2026-08-17T19:27:51.370Z] [PATH DECODE] Input: /mnt/NewVolume/Personal_Projects/lorapok_player/test_media/sample.m4a
[2026-08-17T19:27:51.390Z] [PATH DECODE] Input: /mnt/NewVolume/Personal_Projects/lorapok_player/test_media/sample.m4a
[2026-08-17T19:27:51.400Z] [RENDERER CONSOLE] L:3 LORAPOK_UI_ERROR: Error: Error invoking remote method 'get-media-tracks': Error: spawn ENOTDIR (app://lorapok/assets/index-CdSzAV6o.js:237)
[2026-08-17T19:27:51.401Z] [RENDERER] RENDERER_ERROR: Error invoking remote method 'get-media-tracks': Error: spawn ENOTDIR 
[2026-08-17T19:27:51.402Z] [RENDERER CONSOLE] L:3 Uncaught (in promise) Error: Error invoking remote method 'get-media-tracks': Error: spawn ENOTDIR (app://lorapok/index.html:0)
[2026-08-17T19:27:51.404Z] [RENDERER CONSOLE] L:3 LORAPOK_UI_ERROR: Error: Error invoking remote method 'get-video-duration': Error: spawn ENOTDIR (app://lorapok/assets/index-CdSzAV6o.js:237)
[2026-08-17T19:27:51.407Z] [RENDERER] RENDERER_ERROR: Error invoking remote method 'get-video-duration': Error: spawn ENOTDIR 
[2026-08-17T19:27:51.407Z] [RENDERER CONSOLE] L:3 Uncaught (in promise) Error: Error invoking remote method 'get-video-duration': Error: spawn ENOTDIR (app://lorapok/index.html:0)
[2026-08-17T19:27:51.643Z] [MEDIA DEBUG] Raw URL: media:///mnt/NewVolume/Personal_Projects/lorapok_player/test_media/sample.m4a
[2026-08-17T19:27:51.643Z] [PATH DECODE] Input: media:///mnt/NewVolume/Personal_Projects/lorapok_player/test_media/sample.m4a
[2026-08-17T19:27:51.667Z] [RENDERER CONSOLE] L:1 ⚠️ Native playback failed. Switching to Neural Decode... (app://lorapok/assets/index-CdSzAV6o.js:237)
[2026-08-17T19:27:51.675Z] [MEDIA DEBUG] Raw URL: media:///mnt/NewVolume/Personal_Projects/lorapok_player/test_media/sample.m4a?transcode=true
[2026-08-17T19:27:51.676Z] [PATH DECODE] Input: media:///mnt/NewVolume/Personal_Projects/lorapok_player/test_media/sample.m4a?transcode=true
[2026-08-17T19:27:51.676Z] 🧠 Universal Decode: .m4a -> fMP4
[2026-08-17T19:27:51.680Z] [PATH DECODE] Input: /mnt/NewVolume/Personal_Projects/lorapok_player/test_media/sample.m4a?transcode=true
[2026-08-17T19:27:51.693Z] [RENDERER CONSOLE] L:3 LORAPOK_UI_ERROR: Error: Error invoking remote method 'get-video-duration': Error: spawn ENOTDIR (app://lorapok/assets/index-CdSzAV6o.js:237)
[2026-08-17T19:27:51.693Z] [RENDERER] RENDERER_ERROR: Error invoking remote method 'get-video-duration': Error: spawn ENOTDIR 
[2026-08-17T19:27:51.694Z] [RENDERER CONSOLE] L:3 Uncaught (in promise) Error: Error invoking remote method 'get-video-duration': Error: spawn ENOTDIR (app://lorapok/index.html:0)
[2026-08-17T19:27:51.697Z] FFmpeg Error: Cannot find ffmpeg
[2026-08-17T19:27:58.550Z] --- LORAPOK STARTUP ---
[2026-08-17T19:27:58.659Z] ⚠️ FFmpeg binary not found at static path, checking system path...
[2026-08-17T19:27:58.661Z] ✅ FFprobe Initialized: /mnt/NewVolume/Personal_Projects/lorapok_player/lorapok-player/release/builds/linux/linux-unpacked/resources/app.asar/dist-electron/bin/linux/x64/ffprobe
[2026-08-17T19:27:58.675Z] Creating Window...
[2026-08-17T19:27:58.870Z] [APP PROTOCOL] Request: app://lorapok/index.html -> /mnt/NewVolume/Personal_Projects/lorapok_player/lorapok-player/release/builds/linux/linux-unpacked/resources/app.asar/dist/index.html
[2026-08-17T19:27:59.028Z] [APP PROTOCOL] Request: app://lorapok/assets/index-CdSzAV6o.js -> /mnt/NewVolume/Personal_Projects/lorapok_player/lorapok-player/release/builds/linux/linux-unpacked/resources/app.asar/dist/assets/index-CdSzAV6o.js
[2026-08-17T19:27:59.034Z] [APP PROTOCOL] Request: app://lorapok/assets/index-CcW-TewB.css -> /mnt/NewVolume/Personal_Projects/lorapok_player/lorapok-player/release/builds/linux/linux-unpacked/resources/app.asar/dist/assets/index-CcW-TewB.css
[2026-08-17T19:27:59.279Z] Renderer Finished Load
[2026-08-17T19:27:59.280Z] Window Ready to Show
[2026-08-17T19:27:59.337Z] [RENDERER] App Component Mounted
[2026-08-17T19:27:59.338Z] Renderer reported READY
[2026-08-17T19:27:59.365Z] [RENDERER CONSOLE] L:1 Received protocol/CLI URL: lorapok:///mnt/NewVolume/Personal_Projects/lorapok_player/test_media/sample.m4v (app://lorapok/assets/index-CdSzAV6o.js:237)
[2026-08-17T19:27:59.371Z] [PATH DECODE] Input: /mnt/NewVolume/Personal_Projects/lorapok_player/test_media/sample.m4v
[2026-08-17T19:27:59.386Z] [PATH DECODE] Input: /mnt/NewVolume/Personal_Projects/lorapok_player/test_media/sample.m4v
[2026-08-17T19:27:59.394Z] [RENDERER CONSOLE] L:3 LORAPOK_UI_ERROR: Error: Error invoking remote method 'get-media-tracks': Error: spawn ENOTDIR (app://lorapok/assets/index-CdSzAV6o.js:237)
[2026-08-17T19:27:59.395Z] [RENDERER] RENDERER_ERROR: Error invoking remote method 'get-media-tracks': Error: spawn ENOTDIR 
[2026-08-17T19:27:59.395Z] [RENDERER CONSOLE] L:3 Uncaught (in promise) Error: Error invoking remote method 'get-media-tracks': Error: spawn ENOTDIR (app://lorapok/index.html:0)
[2026-08-17T19:27:59.396Z] [RENDERER CONSOLE] L:3 LORAPOK_UI_ERROR: Error: Error invoking remote method 'get-video-duration': Error: spawn ENOTDIR (app://lorapok/assets/index-CdSzAV6o.js:237)
[2026-08-17T19:27:59.396Z] [RENDERER] RENDERER_ERROR: Error invoking remote method 'get-video-duration': Error: spawn ENOTDIR 
[2026-08-17T19:27:59.396Z] [RENDERER CONSOLE] L:3 Uncaught (in promise) Error: Error invoking remote method 'get-video-duration': Error: spawn ENOTDIR (app://lorapok/index.html:0)
[2026-08-17T19:27:59.677Z] [MEDIA DEBUG] Raw URL: media:///mnt/NewVolume/Personal_Projects/lorapok_player/test_media/sample.m4v
[2026-08-17T19:27:59.678Z] [PATH DECODE] Input: media:///mnt/NewVolume/Personal_Projects/lorapok_player/test_media/sample.m4v
[2026-08-17T19:27:59.679Z] 🧠 Universal Decode: .m4v -> fMP4
[2026-08-17T19:27:59.686Z] FFmpeg Error: Cannot find ffmpeg
[2026-08-17T19:28:06.557Z] --- LORAPOK STARTUP ---
[2026-08-17T19:28:06.655Z] ⚠️ FFmpeg binary not found at static path, checking system path...
[2026-08-17T19:28:06.657Z] ✅ FFprobe Initialized: /mnt/NewVolume/Personal_Projects/lorapok_player/lorapok-player/release/builds/linux/linux-unpacked/resources/app.asar/dist-electron/bin/linux/x64/ffprobe
[2026-08-17T19:28:06.669Z] Creating Window...
[2026-08-17T19:28:06.853Z] [APP PROTOCOL] Request: app://lorapok/index.html -> /mnt/NewVolume/Personal_Projects/lorapok_player/lorapok-player/release/builds/linux/linux-unpacked/resources/app.asar/dist/index.html
[2026-08-17T19:28:07.015Z] [APP PROTOCOL] Request: app://lorapok/assets/index-CdSzAV6o.js -> /mnt/NewVolume/Personal_Projects/lorapok_player/lorapok-player/release/builds/linux/linux-unpacked/resources/app.asar/dist/assets/index-CdSzAV6o.js
[2026-08-17T19:28:07.020Z] [APP PROTOCOL] Request: app://lorapok/assets/index-CcW-TewB.css -> /mnt/NewVolume/Personal_Projects/lorapok_player/lorapok-player/release/builds/linux/linux-unpacked/resources/app.asar/dist/assets/index-CcW-TewB.css
[2026-08-17T19:28:07.256Z] Renderer Finished Load
[2026-08-17T19:28:07.257Z] Window Ready to Show
[2026-08-17T19:28:07.312Z] [RENDERER] App Component Mounted
[2026-08-17T19:28:07.313Z] Renderer reported READY
[2026-08-17T19:28:07.340Z] [RENDERER CONSOLE] L:1 Received protocol/CLI URL: lorapok:///mnt/NewVolume/Personal_Projects/lorapok_player/test_media/sample.mkv (app://lorapok/assets/index-CdSzAV6o.js:237)
[2026-08-17T19:28:07.346Z] [PATH DECODE] Input: /mnt/NewVolume/Personal_Projects/lorapok_player/test_media/sample.mkv
[2026-08-17T19:28:07.360Z] [PATH DECODE] Input: /mnt/NewVolume/Personal_Projects/lorapok_player/test_media/sample.mkv
[2026-08-17T19:28:07.368Z] [RENDERER CONSOLE] L:3 LORAPOK_UI_ERROR: Error: Error invoking remote method 'get-media-tracks': Error: spawn ENOTDIR (app://lorapok/assets/index-CdSzAV6o.js:237)
[2026-08-17T19:28:07.369Z] [RENDERER] RENDERER_ERROR: Error invoking remote method 'get-media-tracks': Error: spawn ENOTDIR 
[2026-08-17T19:28:07.369Z] [RENDERER CONSOLE] L:3 Uncaught (in promise) Error: Error invoking remote method 'get-media-tracks': Error: spawn ENOTDIR (app://lorapok/index.html:0)
[2026-08-17T19:28:07.370Z] [RENDERER CONSOLE] L:3 LORAPOK_UI_ERROR: Error: Error invoking remote method 'get-video-duration': Error: spawn ENOTDIR (app://lorapok/assets/index-CdSzAV6o.js:237)
[2026-08-17T19:28:07.371Z] [RENDERER] RENDERER_ERROR: Error invoking remote method 'get-video-duration': Error: spawn ENOTDIR 
[2026-08-17T19:28:07.372Z] [RENDERER CONSOLE] L:3 Uncaught (in promise) Error: Error invoking remote method 'get-video-duration': Error: spawn ENOTDIR (app://lorapok/index.html:0)
[2026-08-17T19:28:07.611Z] [MEDIA DEBUG] Raw URL: media:///mnt/NewVolume/Personal_Projects/lorapok_player/test_media/sample.mkv
[2026-08-17T19:28:07.612Z] [PATH DECODE] Input: media:///mnt/NewVolume/Personal_Projects/lorapok_player/test_media/sample.mkv
[2026-08-17T19:28:07.612Z] 🧠 Universal Decode: .mkv -> fMP4
[2026-08-17T19:28:07.620Z] FFmpeg Error: Cannot find ffmpeg
[2026-08-17T19:28:14.570Z] --- LORAPOK STARTUP ---
[2026-08-17T19:28:14.684Z] ⚠️ FFmpeg binary not found at static path, checking system path...
[2026-08-17T19:28:14.686Z] ✅ FFprobe Initialized: /mnt/NewVolume/Personal_Projects/lorapok_player/lorapok-player/release/builds/linux/linux-unpacked/resources/app.asar/dist-electron/bin/linux/x64/ffprobe
[2026-08-17T19:28:14.698Z] Creating Window...
[2026-08-17T19:28:14.880Z] [APP PROTOCOL] Request: app://lorapok/index.html -> /mnt/NewVolume/Personal_Projects/lorapok_player/lorapok-player/release/builds/linux/linux-unpacked/resources/app.asar/dist/index.html
[2026-08-17T19:28:15.027Z] [APP PROTOCOL] Request: app://lorapok/assets/index-CdSzAV6o.js -> /mnt/NewVolume/Personal_Projects/lorapok_player/lorapok-player/release/builds/linux/linux-unpacked/resources/app.asar/dist/assets/index-CdSzAV6o.js
[2026-08-17T19:28:15.032Z] [APP PROTOCOL] Request: app://lorapok/assets/index-CcW-TewB.css -> /mnt/NewVolume/Personal_Projects/lorapok_player/lorapok-player/release/builds/linux/linux-unpacked/resources/app.asar/dist/assets/index-CcW-TewB.css
[2026-08-17T19:28:15.272Z] Renderer Finished Load
[2026-08-17T19:28:15.273Z] Window Ready to Show
[2026-08-17T19:28:15.330Z] [RENDERER] App Component Mounted
[2026-08-17T19:28:15.331Z] Renderer reported READY
[2026-08-17T19:28:15.357Z] [RENDERER CONSOLE] L:1 Received protocol/CLI URL: lorapok:///mnt/NewVolume/Personal_Projects/lorapok_player/test_media/sample.mov (app://lorapok/assets/index-CdSzAV6o.js:237)
[2026-08-17T19:28:15.364Z] [PATH DECODE] Input: /mnt/NewVolume/Personal_Projects/lorapok_player/test_media/sample.mov
[2026-08-17T19:28:15.378Z] [PATH DECODE] Input: /mnt/NewVolume/Personal_Projects/lorapok_player/test_media/sample.mov
[2026-08-17T19:28:15.386Z] [RENDERER CONSOLE] L:3 LORAPOK_UI_ERROR: Error: Error invoking remote method 'get-media-tracks': Error: spawn ENOTDIR (app://lorapok/assets/index-CdSzAV6o.js:237)
[2026-08-17T19:28:15.387Z] [RENDERER] RENDERER_ERROR: Error invoking remote method 'get-media-tracks': Error: spawn ENOTDIR 
[2026-08-17T19:28:15.387Z] [RENDERER CONSOLE] L:3 Uncaught (in promise) Error: Error invoking remote method 'get-media-tracks': Error: spawn ENOTDIR (app://lorapok/index.html:0)
[2026-08-17T19:28:15.388Z] [RENDERER CONSOLE] L:3 LORAPOK_UI_ERROR: Error: Error invoking remote method 'get-video-duration': Error: spawn ENOTDIR (app://lorapok/assets/index-CdSzAV6o.js:237)
[2026-08-17T19:28:15.388Z] [RENDERER] RENDERER_ERROR: Error invoking remote method 'get-video-duration': Error: spawn ENOTDIR 
[2026-08-17T19:28:15.388Z] [RENDERER CONSOLE] L:3 Uncaught (in promise) Error: Error invoking remote method 'get-video-duration': Error: spawn ENOTDIR (app://lorapok/index.html:0)
[2026-08-17T19:28:15.685Z] [MEDIA DEBUG] Raw URL: media:///mnt/NewVolume/Personal_Projects/lorapok_player/test_media/sample.mov
[2026-08-17T19:28:15.686Z] [PATH DECODE] Input: media:///mnt/NewVolume/Personal_Projects/lorapok_player/test_media/sample.mov
[2026-08-17T19:28:15.687Z] 🧠 Universal Decode: .mov -> fMP4
[2026-08-17T19:28:15.694Z] FFmpeg Error: Cannot find ffmpeg
[2026-08-17T19:28:22.621Z] --- LORAPOK STARTUP ---
[2026-08-17T19:28:22.722Z] ⚠️ FFmpeg binary not found at static path, checking system path...
[2026-08-17T19:28:22.724Z] ✅ FFprobe Initialized: /mnt/NewVolume/Personal_Projects/lorapok_player/lorapok-player/release/builds/linux/linux-unpacked/resources/app.asar/dist-electron/bin/linux/x64/ffprobe
[2026-08-17T19:28:22.737Z] Creating Window...
[2026-08-17T19:28:22.943Z] [APP PROTOCOL] Request: app://lorapok/index.html -> /mnt/NewVolume/Personal_Projects/lorapok_player/lorapok-player/release/builds/linux/linux-unpacked/resources/app.asar/dist/index.html
[2026-08-17T19:28:23.096Z] [APP PROTOCOL] Request: app://lorapok/assets/index-CdSzAV6o.js -> /mnt/NewVolume/Personal_Projects/lorapok_player/lorapok-player/release/builds/linux/linux-unpacked/resources/app.asar/dist/assets/index-CdSzAV6o.js
[2026-08-17T19:28:23.102Z] [APP PROTOCOL] Request: app://lorapok/assets/index-CcW-TewB.css -> /mnt/NewVolume/Personal_Projects/lorapok_player/lorapok-player/release/builds/linux/linux-unpacked/resources/app.asar/dist/assets/index-CcW-TewB.css
[2026-08-17T19:28:23.345Z] Renderer Finished Load
[2026-08-17T19:28:23.346Z] Window Ready to Show
[2026-08-17T19:28:23.403Z] [RENDERER] App Component Mounted
[2026-08-17T19:28:23.403Z] Renderer reported READY
[2026-08-17T19:28:23.433Z] [RENDERER CONSOLE] L:1 Received protocol/CLI URL: lorapok:///mnt/NewVolume/Personal_Projects/lorapok_player/test_media/sample.mp3 (app://lorapok/assets/index-CdSzAV6o.js:237)
[2026-08-17T19:28:23.440Z] [PATH DECODE] Input: /mnt/NewVolume/Personal_Projects/lorapok_player/test_media/sample.mp3
[2026-08-17T19:28:23.456Z] [PATH DECODE] Input: /mnt/NewVolume/Personal_Projects/lorapok_player/test_media/sample.mp3
[2026-08-17T19:28:23.464Z] [RENDERER CONSOLE] L:3 LORAPOK_UI_ERROR: Error: Error invoking remote method 'get-media-tracks': Error: spawn ENOTDIR (app://lorapok/assets/index-CdSzAV6o.js:237)
[2026-08-17T19:28:23.465Z] [RENDERER] RENDERER_ERROR: Error invoking remote method 'get-media-tracks': Error: spawn ENOTDIR 
[2026-08-17T19:28:23.465Z] [RENDERER CONSOLE] L:3 Uncaught (in promise) Error: Error invoking remote method 'get-media-tracks': Error: spawn ENOTDIR (app://lorapok/index.html:0)
[2026-08-17T19:28:23.466Z] [RENDERER CONSOLE] L:3 LORAPOK_UI_ERROR: Error: Error invoking remote method 'get-video-duration': Error: spawn ENOTDIR (app://lorapok/assets/index-CdSzAV6o.js:237)
[2026-08-17T19:28:23.467Z] [RENDERER] RENDERER_ERROR: Error invoking remote method 'get-video-duration': Error: spawn ENOTDIR 
[2026-08-17T19:28:23.467Z] [RENDERER CONSOLE] L:3 Uncaught (in promise) Error: Error invoking remote method 'get-video-duration': Error: spawn ENOTDIR (app://lorapok/index.html:0)
[2026-08-17T19:28:23.701Z] [MEDIA DEBUG] Raw URL: media:///mnt/NewVolume/Personal_Projects/lorapok_player/test_media/sample.mp3
[2026-08-17T19:28:23.702Z] [PATH DECODE] Input: media:///mnt/NewVolume/Personal_Projects/lorapok_player/test_media/sample.mp3
[2026-08-17T19:28:29.416Z] 🚨 Process Gone: Utility (killed)
[2026-08-17T19:28:29.424Z] 🚨 Process Gone: Utility (killed)
[2026-08-17T19:28:29.484Z] 🚨 Process Gone: GPU (killed)
[2026-08-17T19:28:31.132Z] --- LORAPOK STARTUP ---
[2026-08-17T19:28:31.270Z] ⚠️ FFmpeg binary not found at static path, checking system path...
[2026-08-17T19:28:31.272Z] ✅ FFprobe Initialized: /mnt/NewVolume/Personal_Projects/lorapok_player/lorapok-player/release/builds/linux/linux-unpacked/resources/app.asar/dist-electron/bin/linux/x64/ffprobe
[2026-08-17T19:28:31.285Z] Creating Window...
[2026-08-17T19:28:31.505Z] [APP PROTOCOL] Request: app://lorapok/index.html -> /mnt/NewVolume/Personal_Projects/lorapok_player/lorapok-player/release/builds/linux/linux-unpacked/resources/app.asar/dist/index.html
[2026-08-17T19:28:31.681Z] [APP PROTOCOL] Request: app://lorapok/assets/index-CdSzAV6o.js -> /mnt/NewVolume/Personal_Projects/lorapok_player/lorapok-player/release/builds/linux/linux-unpacked/resources/app.asar/dist/assets/index-CdSzAV6o.js
[2026-08-17T19:28:31.687Z] [APP PROTOCOL] Request: app://lorapok/assets/index-CcW-TewB.css -> /mnt/NewVolume/Personal_Projects/lorapok_player/lorapok-player/release/builds/linux/linux-unpacked/resources/app.asar/dist/assets/index-CcW-TewB.css
[2026-08-17T19:28:31.944Z] Renderer Finished Load
[2026-08-17T19:28:31.945Z] Window Ready to Show
[2026-08-17T19:28:32.007Z] [RENDERER] App Component Mounted
[2026-08-17T19:28:32.008Z] Renderer reported READY
[2026-08-17T19:28:32.038Z] [RENDERER CONSOLE] L:1 Received protocol/CLI URL: lorapok:///mnt/NewVolume/Personal_Projects/lorapok_player/test_media/sample.ogg (app://lorapok/assets/index-CdSzAV6o.js:237)
[2026-08-17T19:28:32.044Z] [PATH DECODE] Input: /mnt/NewVolume/Personal_Projects/lorapok_player/test_media/sample.ogg
[2026-08-17T19:28:32.059Z] [PATH DECODE] Input: /mnt/NewVolume/Personal_Projects/lorapok_player/test_media/sample.ogg
[2026-08-17T19:28:32.068Z] [RENDERER CONSOLE] L:3 LORAPOK_UI_ERROR: Error: Error invoking remote method 'get-media-tracks': Error: spawn ENOTDIR (app://lorapok/assets/index-CdSzAV6o.js:237)
[2026-08-17T19:28:32.069Z] [RENDERER] RENDERER_ERROR: Error invoking remote method 'get-media-tracks': Error: spawn ENOTDIR 
[2026-08-17T19:28:32.070Z] [RENDERER CONSOLE] L:3 Uncaught (in promise) Error: Error invoking remote method 'get-media-tracks': Error: spawn ENOTDIR (app://lorapok/index.html:0)
[2026-08-17T19:28:32.071Z] [RENDERER CONSOLE] L:3 LORAPOK_UI_ERROR: Error: Error invoking remote method 'get-video-duration': Error: spawn ENOTDIR (app://lorapok/assets/index-CdSzAV6o.js:237)
[2026-08-17T19:28:32.071Z] [RENDERER] RENDERER_ERROR: Error invoking remote method 'get-video-duration': Error: spawn ENOTDIR 
[2026-08-17T19:28:32.071Z] [RENDERER CONSOLE] L:3 Uncaught (in promise) Error: Error invoking remote method 'get-video-duration': Error: spawn ENOTDIR (app://lorapok/index.html:0)
[2026-08-17T19:28:32.369Z] [MEDIA DEBUG] Raw URL: media:///mnt/NewVolume/Personal_Projects/lorapok_player/test_media/sample.ogg
[2026-08-17T19:28:32.369Z] [PATH DECODE] Input: media:///mnt/NewVolume/Personal_Projects/lorapok_player/test_media/sample.ogg
[2026-08-17T19:28:32.398Z] [MEDIA DEBUG] Raw URL: media:///mnt/NewVolume/Personal_Projects/lorapok_player/test_media/sample.ogg
[2026-08-17T19:28:32.398Z] [PATH DECODE] Input: media:///mnt/NewVolume/Personal_Projects/lorapok_player/test_media/sample.ogg
[2026-08-17T19:28:39.103Z] --- LORAPOK STARTUP ---
[2026-08-17T19:28:39.213Z] ⚠️ FFmpeg binary not found at static path, checking system path...
[2026-08-17T19:28:39.215Z] ✅ FFprobe Initialized: /mnt/NewVolume/Personal_Projects/lorapok_player/lorapok-player/release/builds/linux/linux-unpacked/resources/app.asar/dist-electron/bin/linux/x64/ffprobe
[2026-08-17T19:28:39.227Z] Creating Window...
[2026-08-17T19:28:39.425Z] [APP PROTOCOL] Request: app://lorapok/index.html -> /mnt/NewVolume/Personal_Projects/lorapok_player/lorapok-player/release/builds/linux/linux-unpacked/resources/app.asar/dist/index.html
[2026-08-17T19:28:39.580Z] [APP PROTOCOL] Request: app://lorapok/assets/index-CdSzAV6o.js -> /mnt/NewVolume/Personal_Projects/lorapok_player/lorapok-player/release/builds/linux/linux-unpacked/resources/app.asar/dist/assets/index-CdSzAV6o.js
[2026-08-17T19:28:39.586Z] [APP PROTOCOL] Request: app://lorapok/assets/index-CcW-TewB.css -> /mnt/NewVolume/Personal_Projects/lorapok_player/lorapok-player/release/builds/linux/linux-unpacked/resources/app.asar/dist/assets/index-CcW-TewB.css
[2026-08-17T19:28:39.872Z] Renderer Finished Load
[2026-08-17T19:28:39.873Z] Window Ready to Show
[2026-08-17T19:28:39.958Z] [RENDERER] App Component Mounted
[2026-08-17T19:28:39.958Z] Renderer reported READY
[2026-08-17T19:28:40.003Z] [RENDERER CONSOLE] L:1 Received protocol/CLI URL: lorapok:///mnt/NewVolume/Personal_Projects/lorapok_player/test_media/sample_rmvb.rmvb (app://lorapok/assets/index-CdSzAV6o.js:237)
[2026-08-17T19:28:40.018Z] [PATH DECODE] Input: /mnt/NewVolume/Personal_Projects/lorapok_player/test_media/sample_rmvb.rmvb
[2026-08-17T19:28:40.044Z] [PATH DECODE] Input: /mnt/NewVolume/Personal_Projects/lorapok_player/test_media/sample_rmvb.rmvb
[2026-08-17T19:28:40.059Z] [RENDERER CONSOLE] L:3 LORAPOK_UI_ERROR: Error: Error invoking remote method 'get-media-tracks': Error: spawn ENOTDIR (app://lorapok/assets/index-CdSzAV6o.js:237)
[2026-08-17T19:28:40.059Z] [RENDERER] RENDERER_ERROR: Error invoking remote method 'get-media-tracks': Error: spawn ENOTDIR 
[2026-08-17T19:28:40.065Z] [RENDERER CONSOLE] L:3 Uncaught (in promise) Error: Error invoking remote method 'get-media-tracks': Error: spawn ENOTDIR (app://lorapok/index.html:0)
[2026-08-17T19:28:40.066Z] [RENDERER CONSOLE] L:3 LORAPOK_UI_ERROR: Error: Error invoking remote method 'get-video-duration': Error: spawn ENOTDIR (app://lorapok/assets/index-CdSzAV6o.js:237)
[2026-08-17T19:28:40.067Z] [RENDERER] RENDERER_ERROR: Error invoking remote method 'get-video-duration': Error: spawn ENOTDIR 
[2026-08-17T19:28:40.067Z] [RENDERER CONSOLE] L:3 Uncaught (in promise) Error: Error invoking remote method 'get-video-duration': Error: spawn ENOTDIR (app://lorapok/index.html:0)
[2026-08-17T19:28:40.288Z] [MEDIA DEBUG] Raw URL: media:///mnt/NewVolume/Personal_Projects/lorapok_player/test_media/sample_rmvb.rmvb
[2026-08-17T19:28:40.288Z] [PATH DECODE] Input: media:///mnt/NewVolume/Personal_Projects/lorapok_player/test_media/sample_rmvb.rmvb
[2026-08-17T19:28:40.290Z] 🧠 Universal Decode: .rmvb -> fMP4
[2026-08-17T19:28:40.302Z] FFmpeg Error: Cannot find ffmpeg
[2026-08-17T19:28:47.297Z] --- LORAPOK STARTUP ---
[2026-08-17T19:28:47.436Z] ⚠️ FFmpeg binary not found at static path, checking system path...
[2026-08-17T19:28:47.438Z] ✅ FFprobe Initialized: /mnt/NewVolume/Personal_Projects/lorapok_player/lorapok-player/release/builds/linux/linux-unpacked/resources/app.asar/dist-electron/bin/linux/x64/ffprobe
[2026-08-17T19:28:47.454Z] Creating Window...
[2026-08-17T19:28:47.694Z] [APP PROTOCOL] Request: app://lorapok/index.html -> /mnt/NewVolume/Personal_Projects/lorapok_player/lorapok-player/release/builds/linux/linux-unpacked/resources/app.asar/dist/index.html
[2026-08-17T19:28:47.896Z] [APP PROTOCOL] Request: app://lorapok/assets/index-CdSzAV6o.js -> /mnt/NewVolume/Personal_Projects/lorapok_player/lorapok-player/release/builds/linux/linux-unpacked/resources/app.asar/dist/assets/index-CdSzAV6o.js
[2026-08-17T19:28:47.902Z] [APP PROTOCOL] Request: app://lorapok/assets/index-CcW-TewB.css -> /mnt/NewVolume/Personal_Projects/lorapok_player/lorapok-player/release/builds/linux/linux-unpacked/resources/app.asar/dist/assets/index-CcW-TewB.css
[2026-08-17T19:28:48.229Z] Renderer Finished Load
[2026-08-17T19:28:48.230Z] Window Ready to Show
[2026-08-17T19:28:48.304Z] [RENDERER] App Component Mounted
[2026-08-17T19:28:48.305Z] Renderer reported READY
[2026-08-17T19:28:48.352Z] [RENDERER CONSOLE] L:1 Received protocol/CLI URL: lorapok:///mnt/NewVolume/Personal_Projects/lorapok_player/test_media/sample.webm (app://lorapok/assets/index-CdSzAV6o.js:237)
[2026-08-17T19:28:48.372Z] [PATH DECODE] Input: /mnt/NewVolume/Personal_Projects/lorapok_player/test_media/sample.webm
[2026-08-17T19:28:48.395Z] [PATH DECODE] Input: /mnt/NewVolume/Personal_Projects/lorapok_player/test_media/sample.webm
[2026-08-17T19:28:48.407Z] [RENDERER CONSOLE] L:3 LORAPOK_UI_ERROR: Error: Error invoking remote method 'get-media-tracks': Error: spawn ENOTDIR (app://lorapok/assets/index-CdSzAV6o.js:237)
[2026-08-17T19:28:48.408Z] [RENDERER] RENDERER_ERROR: Error invoking remote method 'get-media-tracks': Error: spawn ENOTDIR 
[2026-08-17T19:28:48.409Z] [RENDERER CONSOLE] L:3 Uncaught (in promise) Error: Error invoking remote method 'get-media-tracks': Error: spawn ENOTDIR (app://lorapok/index.html:0)
[2026-08-17T19:28:48.409Z] [RENDERER CONSOLE] L:3 LORAPOK_UI_ERROR: Error: Error invoking remote method 'get-video-duration': Error: spawn ENOTDIR (app://lorapok/assets/index-CdSzAV6o.js:237)
[2026-08-17T19:28:48.410Z] [RENDERER] RENDERER_ERROR: Error invoking remote method 'get-video-duration': Error: spawn ENOTDIR 
[2026-08-17T19:28:48.410Z] [RENDERER CONSOLE] L:3 Uncaught (in promise) Error: Error invoking remote method 'get-video-duration': Error: spawn ENOTDIR (app://lorapok/index.html:0)
[2026-08-17T19:28:48.631Z] [MEDIA DEBUG] Raw URL: media:///mnt/NewVolume/Personal_Projects/lorapok_player/test_media/sample.webm
[2026-08-17T19:28:48.632Z] [PATH DECODE] Input: media:///mnt/NewVolume/Personal_Projects/lorapok_player/test_media/sample.webm
[2026-08-17T19:28:55.359Z] --- LORAPOK STARTUP ---
[2026-08-17T19:28:55.509Z] ⚠️ FFmpeg binary not found at static path, checking system path...
[2026-08-17T19:28:55.512Z] ✅ FFprobe Initialized: /mnt/NewVolume/Personal_Projects/lorapok_player/lorapok-player/release/builds/linux/linux-unpacked/resources/app.asar/dist-electron/bin/linux/x64/ffprobe
[2026-08-17T19:28:55.530Z] Creating Window...
[2026-08-17T19:28:55.779Z] [APP PROTOCOL] Request: app://lorapok/index.html -> /mnt/NewVolume/Personal_Projects/lorapok_player/lorapok-player/release/builds/linux/linux-unpacked/resources/app.asar/dist/index.html
[2026-08-17T19:28:55.965Z] [APP PROTOCOL] Request: app://lorapok/assets/index-CdSzAV6o.js -> /mnt/NewVolume/Personal_Projects/lorapok_player/lorapok-player/release/builds/linux/linux-unpacked/resources/app.asar/dist/assets/index-CdSzAV6o.js
[2026-08-17T19:28:55.971Z] [APP PROTOCOL] Request: app://lorapok/assets/index-CcW-TewB.css -> /mnt/NewVolume/Personal_Projects/lorapok_player/lorapok-player/release/builds/linux/linux-unpacked/resources/app.asar/dist/assets/index-CcW-TewB.css
[2026-08-17T19:28:56.253Z] Renderer Finished Load
[2026-08-17T19:28:56.254Z] Window Ready to Show
[2026-08-17T19:28:56.318Z] [RENDERER] App Component Mounted
[2026-08-17T19:28:56.319Z] Renderer reported READY
[2026-08-17T19:28:56.351Z] [RENDERER CONSOLE] L:1 Received protocol/CLI URL: lorapok:///mnt/NewVolume/Personal_Projects/lorapok_player/test_media/sample.wmv (app://lorapok/assets/index-CdSzAV6o.js:237)
[2026-08-17T19:28:56.358Z] [PATH DECODE] Input: /mnt/NewVolume/Personal_Projects/lorapok_player/test_media/sample.wmv
[2026-08-17T19:28:56.378Z] [PATH DECODE] Input: /mnt/NewVolume/Personal_Projects/lorapok_player/test_media/sample.wmv
[2026-08-17T19:28:56.393Z] [RENDERER CONSOLE] L:3 LORAPOK_UI_ERROR: Error: Error invoking remote method 'get-media-tracks': Error: spawn ENOTDIR (app://lorapok/assets/index-CdSzAV6o.js:237)
[2026-08-17T19:28:56.394Z] [RENDERER] RENDERER_ERROR: Error invoking remote method 'get-media-tracks': Error: spawn ENOTDIR 
[2026-08-17T19:28:56.394Z] [RENDERER CONSOLE] L:3 Uncaught (in promise) Error: Error invoking remote method 'get-media-tracks': Error: spawn ENOTDIR (app://lorapok/index.html:0)
[2026-08-17T19:28:56.396Z] [RENDERER CONSOLE] L:3 LORAPOK_UI_ERROR: Error: Error invoking remote method 'get-video-duration': Error: spawn ENOTDIR (app://lorapok/assets/index-CdSzAV6o.js:237)
[2026-08-17T19:28:56.396Z] [RENDERER] RENDERER_ERROR: Error invoking remote method 'get-video-duration': Error: spawn ENOTDIR 
[2026-08-17T19:28:56.397Z] [RENDERER CONSOLE] L:3 Uncaught (in promise) Error: Error invoking remote method 'get-video-duration': Error: spawn ENOTDIR (app://lorapok/index.html:0)
[2026-08-17T19:28:56.676Z] [MEDIA DEBUG] Raw URL: media:///mnt/NewVolume/Personal_Projects/lorapok_player/test_media/sample.wmv
[2026-08-17T19:28:56.676Z] [PATH DECODE] Input: media:///mnt/NewVolume/Personal_Projects/lorapok_player/test_media/sample.wmv
[2026-08-17T19:28:56.677Z] 🧠 Universal Decode: .wmv -> fMP4
[2026-08-17T19:28:56.685Z] FFmpeg Error: Cannot find ffmpeg
[2026-08-17T19:29:05.116Z] --- LORAPOK STARTUP ---
[2026-08-17T19:29:05.223Z] ⚠️ FFmpeg binary not found at static path, checking system path...
[2026-08-17T19:29:05.225Z] ✅ FFprobe Initialized: /mnt/NewVolume/Personal_Projects/lorapok_player/lorapok-player/release/builds/linux/linux-unpacked/resources/app.asar/dist-electron/bin/linux/x64/ffprobe
[2026-08-17T19:29:05.238Z] Creating Window...
[2026-08-17T19:29:05.428Z] [APP PROTOCOL] Request: app://lorapok/index.html -> /mnt/NewVolume/Personal_Projects/lorapok_player/lorapok-player/release/builds/linux/linux-unpacked/resources/app.asar/dist/index.html
[2026-08-17T19:29:05.551Z] [APP PROTOCOL] Request: app://lorapok/assets/index-CdSzAV6o.js -> /mnt/NewVolume/Personal_Projects/lorapok_player/lorapok-player/release/builds/linux/linux-unpacked/resources/app.asar/dist/assets/index-CdSzAV6o.js
[2026-08-17T19:29:05.557Z] [APP PROTOCOL] Request: app://lorapok/assets/index-CcW-TewB.css -> /mnt/NewVolume/Personal_Projects/lorapok_player/lorapok-player/release/builds/linux/linux-unpacked/resources/app.asar/dist/assets/index-CcW-TewB.css
[2026-08-17T19:29:05.749Z] Renderer Finished Load
[2026-08-17T19:29:05.750Z] Window Ready to Show
[2026-08-17T19:29:05.797Z] [RENDERER] App Component Mounted
[2026-08-17T19:29:05.798Z] Renderer reported READY
[2026-08-17T19:29:18.517Z] --- LORAPOK STARTUP ---
[2026-08-17T19:29:18.628Z] ⚠️ FFmpeg binary not found at static path, checking system path...
[2026-08-17T19:29:18.630Z] ✅ FFprobe Initialized: /mnt/NewVolume/Personal_Projects/lorapok_player/lorapok-player/release/builds/linux/linux-unpacked/resources/app.asar/dist-electron/bin/linux/x64/ffprobe
[2026-08-17T19:29:18.644Z] Creating Window...
[2026-08-17T19:29:18.824Z] [APP PROTOCOL] Request: app://lorapok/index.html -> /mnt/NewVolume/Personal_Projects/lorapok_player/lorapok-player/release/builds/linux/linux-unpacked/resources/app.asar/dist/index.html
[2026-08-17T19:29:18.950Z] [APP PROTOCOL] Request: app://lorapok/assets/index-CdSzAV6o.js -> /mnt/NewVolume/Personal_Projects/lorapok_player/lorapok-player/release/builds/linux/linux-unpacked/resources/app.asar/dist/assets/index-CdSzAV6o.js
[2026-08-17T19:29:18.955Z] [APP PROTOCOL] Request: app://lorapok/assets/index-CcW-TewB.css -> /mnt/NewVolume/Personal_Projects/lorapok_player/lorapok-player/release/builds/linux/linux-unpacked/resources/app.asar/dist/assets/index-CcW-TewB.css
[2026-08-17T19:29:19.147Z] Renderer Finished Load
[2026-08-17T19:29:19.148Z] Window Ready to Show
[2026-08-17T19:29:19.198Z] [RENDERER] App Component Mounted
[2026-08-17T19:29:19.198Z] Renderer reported READY
[2026-08-17T19:29:29.722Z] --- LORAPOK STARTUP ---
[2026-08-17T19:29:29.832Z] ⚠️ FFmpeg binary not found at static path, checking system path...
[2026-08-17T19:29:29.834Z] ✅ FFprobe Initialized: /mnt/NewVolume/Personal_Projects/lorapok_player/lorapok-player/release/builds/linux/linux-unpacked/resources/app.asar/dist-electron/bin/linux/x64/ffprobe
[2026-08-17T19:29:29.845Z] Creating Window...
[2026-08-17T19:29:30.026Z] [APP PROTOCOL] Request: app://lorapok/index.html -> /mnt/NewVolume/Personal_Projects/lorapok_player/lorapok-player/release/builds/linux/linux-unpacked/resources/app.asar/dist/index.html
[2026-08-17T19:29:30.177Z] [APP PROTOCOL] Request: app://lorapok/assets/index-CdSzAV6o.js -> /mnt/NewVolume/Personal_Projects/lorapok_player/lorapok-player/release/builds/linux/linux-unpacked/resources/app.asar/dist/assets/index-CdSzAV6o.js
[2026-08-17T19:29:30.182Z] [APP PROTOCOL] Request: app://lorapok/assets/index-CcW-TewB.css -> /mnt/NewVolume/Personal_Projects/lorapok_player/lorapok-player/release/builds/linux/linux-unpacked/resources/app.asar/dist/assets/index-CcW-TewB.css
[2026-08-17T19:29:30.419Z] Renderer Finished Load
[2026-08-17T19:29:30.420Z] Window Ready to Show
[2026-08-17T19:29:30.479Z] [RENDERER] App Component Mounted
[2026-08-17T19:29:30.480Z] Renderer reported READY
[2026-08-17T19:29:42.483Z] --- LORAPOK STARTUP ---
[2026-08-17T19:29:42.589Z] ⚠️ FFmpeg binary not found at static path, checking system path...
[2026-08-17T19:29:42.591Z] ✅ FFprobe Initialized: /mnt/NewVolume/Personal_Projects/lorapok_player/lorapok-player/release/builds/linux/linux-unpacked/resources/app.asar/dist-electron/bin/linux/x64/ffprobe
[2026-08-17T19:29:42.604Z] Creating Window...
[2026-08-17T19:29:42.786Z] [APP PROTOCOL] Request: app://lorapok/index.html -> /mnt/NewVolume/Personal_Projects/lorapok_player/lorapok-player/release/builds/linux/linux-unpacked/resources/app.asar/dist/index.html
[2026-08-17T19:29:42.908Z] [APP PROTOCOL] Request: app://lorapok/assets/index-CdSzAV6o.js -> /mnt/NewVolume/Personal_Projects/lorapok_player/lorapok-player/release/builds/linux/linux-unpacked/resources/app.asar/dist/assets/index-CdSzAV6o.js
[2026-08-17T19:29:42.913Z] [APP PROTOCOL] Request: app://lorapok/assets/index-CcW-TewB.css -> /mnt/NewVolume/Personal_Projects/lorapok_player/lorapok-player/release/builds/linux/linux-unpacked/resources/app.asar/dist/assets/index-CcW-TewB.css
[2026-08-17T19:29:43.097Z] Renderer Finished Load
[2026-08-17T19:29:43.099Z] Window Ready to Show
[2026-08-17T19:29:43.148Z] [RENDERER] App Component Mounted
[2026-08-17T19:29:43.149Z] Renderer reported READY
[2026-08-17T19:29:58.093Z] --- LORAPOK STARTUP ---
[2026-08-17T19:29:58.194Z] ⚠️ FFmpeg binary not found at static path, checking system path...
[2026-08-17T19:29:58.196Z] ✅ FFprobe Initialized: /mnt/NewVolume/Personal_Projects/lorapok_player/lorapok-player/release/builds/linux/linux-unpacked/resources/app.asar/dist-electron/bin/linux/x64/ffprobe
[2026-08-17T19:29:58.208Z] Creating Window...
[2026-08-17T19:29:58.379Z] [APP PROTOCOL] Request: app://lorapok/index.html -> /mnt/NewVolume/Personal_Projects/lorapok_player/lorapok-player/release/builds/linux/linux-unpacked/resources/app.asar/dist/index.html
[2026-08-17T19:29:58.508Z] [APP PROTOCOL] Request: app://lorapok/assets/index-CdSzAV6o.js -> /mnt/NewVolume/Personal_Projects/lorapok_player/lorapok-player/release/builds/linux/linux-unpacked/resources/app.asar/dist/assets/index-CdSzAV6o.js
[2026-08-17T19:29:58.513Z] [APP PROTOCOL] Request: app://lorapok/assets/index-CcW-TewB.css -> /mnt/NewVolume/Personal_Projects/lorapok_player/lorapok-player/release/builds/linux/linux-unpacked/resources/app.asar/dist/assets/index-CcW-TewB.css
[2026-08-17T19:29:58.719Z] Renderer Finished Load
[2026-08-17T19:29:58.720Z] Window Ready to Show
[2026-08-17T19:29:58.769Z] [RENDERER] App Component Mounted
[2026-08-17T19:29:58.770Z] Renderer reported READY
[2026-08-17T19:30:09.516Z] --- LORAPOK STARTUP ---
[2026-08-17T19:30:09.638Z] ⚠️ FFmpeg binary not found at static path, checking system path...
[2026-08-17T19:30:09.640Z] ✅ FFprobe Initialized: /mnt/NewVolume/Personal_Projects/lorapok_player/lorapok-player/release/builds/linux/linux-unpacked/resources/app.asar/dist-electron/bin/linux/x64/ffprobe
[2026-08-17T19:30:09.654Z] Creating Window...
[2026-08-17T19:30:09.862Z] [APP PROTOCOL] Request: app://lorapok/index.html -> /mnt/NewVolume/Personal_Projects/lorapok_player/lorapok-player/release/builds/linux/linux-unpacked/resources/app.asar/dist/index.html
[2026-08-17T19:30:10.028Z] [APP PROTOCOL] Request: app://lorapok/assets/index-CdSzAV6o.js -> /mnt/NewVolume/Personal_Projects/lorapok_player/lorapok-player/release/builds/linux/linux-unpacked/resources/app.asar/dist/assets/index-CdSzAV6o.js
[2026-08-17T19:30:10.033Z] [APP PROTOCOL] Request: app://lorapok/assets/index-CcW-TewB.css -> /mnt/NewVolume/Personal_Projects/lorapok_player/lorapok-player/release/builds/linux/linux-unpacked/resources/app.asar/dist/assets/index-CcW-TewB.css
[2026-08-17T19:30:10.282Z] Renderer Finished Load
[2026-08-17T19:30:10.283Z] Window Ready to Show
[2026-08-17T19:30:10.345Z] [RENDERER] App Component Mounted
[2026-08-17T19:30:10.346Z] Renderer reported READY
[2026-08-17T19:30:23.630Z] --- LORAPOK STARTUP ---
[2026-08-17T19:30:23.834Z] ⚠️ FFmpeg binary not found at static path, checking system path...
[2026-08-17T19:30:23.838Z] ✅ FFprobe Initialized: /mnt/NewVolume/Personal_Projects/lorapok_player/lorapok-player/release/builds/linux/linux-unpacked/resources/app.asar/dist-electron/bin/linux/x64/ffprobe
[2026-08-17T19:30:23.861Z] Creating Window...
[2026-08-17T19:30:24.184Z] [APP PROTOCOL] Request: app://lorapok/index.html -> /mnt/NewVolume/Personal_Projects/lorapok_player/lorapok-player/release/builds/linux/linux-unpacked/resources/app.asar/dist/index.html
[2026-08-17T19:30:24.463Z] [APP PROTOCOL] Request: app://lorapok/assets/index-CdSzAV6o.js -> /mnt/NewVolume/Personal_Projects/lorapok_player/lorapok-player/release/builds/linux/linux-unpacked/resources/app.asar/dist/assets/index-CdSzAV6o.js
[2026-08-17T19:30:24.470Z] [APP PROTOCOL] Request: app://lorapok/assets/index-CcW-TewB.css -> /mnt/NewVolume/Personal_Projects/lorapok_player/lorapok-player/release/builds/linux/linux-unpacked/resources/app.asar/dist/assets/index-CcW-TewB.css
[2026-08-17T19:30:24.802Z] Renderer Finished Load
[2026-08-17T19:30:24.804Z] Window Ready to Show
[2026-08-17T19:30:24.880Z] [RENDERER] App Component Mounted
[2026-08-17T19:30:24.880Z] Renderer reported READY
[2026-08-17T19:30:32.802Z] --- LORAPOK STARTUP ---
[2026-08-17T19:30:32.898Z] ⚠️ FFmpeg binary not found at static path, checking system path...
[2026-08-17T19:30:32.899Z] ✅ FFprobe Initialized: /mnt/NewVolume/Personal_Projects/lorapok_player/lorapok-player/release/builds/linux/linux-unpacked/resources/app.asar/dist-electron/bin/linux/x64/ffprobe
[2026-08-17T19:30:32.912Z] Creating Window...
[2026-08-17T19:30:33.094Z] [APP PROTOCOL] Request: app://lorapok/index.html -> /mnt/NewVolume/Personal_Projects/lorapok_player/lorapok-player/release/builds/linux/linux-unpacked/resources/app.asar/dist/index.html
[2026-08-17T19:30:33.240Z] [APP PROTOCOL] Request: app://lorapok/assets/index-CdSzAV6o.js -> /mnt/NewVolume/Personal_Projects/lorapok_player/lorapok-player/release/builds/linux/linux-unpacked/resources/app.asar/dist/assets/index-CdSzAV6o.js
[2026-08-17T19:30:33.245Z] [APP PROTOCOL] Request: app://lorapok/assets/index-CcW-TewB.css -> /mnt/NewVolume/Personal_Projects/lorapok_player/lorapok-player/release/builds/linux/linux-unpacked/resources/app.asar/dist/assets/index-CcW-TewB.css
[2026-08-17T19:30:33.476Z] Renderer Finished Load
[2026-08-17T19:30:33.477Z] Window Ready to Show
[2026-08-17T19:30:33.530Z] [RENDERER] App Component Mounted
[2026-08-17T19:30:33.531Z] Renderer reported READY
[2026-08-17T19:43:40.783Z] --- LORAPOK STARTUP ---
[2026-08-17T19:43:41.043Z] ⚠️ FFmpeg binary not found at static path, checking system path...
[2026-08-17T19:43:41.048Z] ✅ FFprobe Initialized: /mnt/NewVolume/Personal_Projects/lorapok_player/lorapok-player/release/builds/linux/linux-unpacked/resources/app.asar/dist-electron/bin/linux/x64/ffprobe
[2026-08-17T19:43:41.072Z] Creating Window...
[2026-08-17T19:43:41.505Z] [APP PROTOCOL] Request: app://lorapok/index.html -> /mnt/NewVolume/Personal_Projects/lorapok_player/lorapok-player/release/builds/linux/linux-unpacked/resources/app.asar/dist/index.html
[2026-08-17T19:43:41.895Z] [APP PROTOCOL] Request: app://lorapok/assets/index-CdSzAV6o.js -> /mnt/NewVolume/Personal_Projects/lorapok_player/lorapok-player/release/builds/linux/linux-unpacked/resources/app.asar/dist/assets/index-CdSzAV6o.js
[2026-08-17T19:43:41.927Z] [APP PROTOCOL] Request: app://lorapok/assets/index-CcW-TewB.css -> /mnt/NewVolume/Personal_Projects/lorapok_player/lorapok-player/release/builds/linux/linux-unpacked/resources/app.asar/dist/assets/index-CcW-TewB.css
[2026-08-17T19:43:42.802Z] Renderer Finished Load
[2026-08-17T19:43:42.806Z] Window Ready to Show
[2026-08-17T19:43:43.074Z] [RENDERER] App Component Mounted
[2026-08-17T19:43:43.085Z] Renderer reported READY
[2026-08-17T19:43:43.230Z] [RENDERER CONSOLE] L:1 Received protocol/CLI URL: lorapok://test-protocol-launch (app://lorapok/assets/index-CdSzAV6o.js:237)
[2026-08-17T19:43:43.263Z] [PATH DECODE] Input: test-protocol-launch
[2026-08-17T19:43:43.325Z] [PATH DECODE] Input: test-protocol-launch
[2026-08-17T19:43:43.345Z] [RENDERER CONSOLE] L:3 LORAPOK_UI_ERROR: Error: Error invoking remote method 'get-media-tracks': Error: spawn ENOTDIR (app://lorapok/assets/index-CdSzAV6o.js:237)
[2026-08-17T19:43:43.347Z] [RENDERER] RENDERER_ERROR: Error invoking remote method 'get-media-tracks': Error: spawn ENOTDIR 
[2026-08-17T19:43:43.349Z] [RENDERER CONSOLE] L:3 Uncaught (in promise) Error: Error invoking remote method 'get-media-tracks': Error: spawn ENOTDIR (app://lorapok/index.html:0)
[2026-08-17T19:43:43.357Z] [RENDERER CONSOLE] L:3 LORAPOK_UI_ERROR: Error: Error invoking remote method 'get-video-duration': Error: spawn ENOTDIR (app://lorapok/assets/index-CdSzAV6o.js:237)
[2026-08-17T19:43:43.360Z] [RENDERER] RENDERER_ERROR: Error invoking remote method 'get-video-duration': Error: spawn ENOTDIR 
[2026-08-17T19:43:43.371Z] [RENDERER CONSOLE] L:3 Uncaught (in promise) Error: Error invoking remote method 'get-video-duration': Error: spawn ENOTDIR (app://lorapok/index.html:0)
[2026-08-17T19:43:43.623Z] [MEDIA DEBUG] Raw URL: media://test-protocol-launch
[2026-08-17T19:43:43.626Z] [PATH DECODE] Input: media://test-protocol-launch
[2026-08-17T19:43:43.629Z] Media Protocol Error: Error: ENOENT: no such file or directory, stat '/test-protocol-launch'
[2026-08-17T19:43:43.819Z] [RENDERER CONSOLE] L:1 ⚠️ Native playback failed. Switching to Neural Decode... (app://lorapok/assets/index-CdSzAV6o.js:237)
[2026-08-17T19:43:43.983Z] [MEDIA DEBUG] Raw URL: media://test-protocol-launch?transcode=true
[2026-08-17T19:43:43.991Z] [PATH DECODE] Input: media://test-protocol-launch?transcode=true
[2026-08-17T19:43:43.993Z] Media Protocol Error: Error: ENOENT: no such file or directory, stat '/test-protocol-launch'
[2026-08-17T19:43:44.002Z] [PATH DECODE] Input: test-protocol-launch?transcode=true
[2026-08-17T19:43:44.043Z] [RENDERER CONSOLE] L:3 LORAPOK_UI_ERROR: Error: Error invoking remote method 'get-video-duration': Error: spawn ENOTDIR (app://lorapok/assets/index-CdSzAV6o.js:237)
[2026-08-17T19:43:44.047Z] [RENDERER] RENDERER_ERROR: Error invoking remote method 'get-video-duration': Error: spawn ENOTDIR 
[2026-08-17T19:43:44.050Z] [RENDERER CONSOLE] L:3 Uncaught (in promise) Error: Error invoking remote method 'get-video-duration': Error: spawn ENOTDIR (app://lorapok/index.html:0)
[2026-08-17T19:43:44.052Z] [RENDERER CONSOLE] L:3 Video Error: The video could not be loaded, either because the server or network failed or because the format is not supported. [object MediaError] (app://lorapok/assets/index-CdSzAV6o.js:237)
[2026-08-17T19:43:47.027Z] --- LORAPOK STARTUP ---
[2026-08-17T19:43:47.331Z] ⚠️ FFmpeg binary not found at static path, checking system path...
[2026-08-17T19:43:47.335Z] ✅ FFprobe Initialized: /mnt/NewVolume/Personal_Projects/lorapok_player/lorapok-player/release/builds/linux/linux-unpacked/resources/app.asar/dist-electron/bin/linux/x64/ffprobe
[2026-08-17T19:43:47.369Z] Creating Window...
[2026-08-17T19:43:47.862Z] [APP PROTOCOL] Request: app://lorapok/index.html -> /mnt/NewVolume/Personal_Projects/lorapok_player/lorapok-player/release/builds/linux/linux-unpacked/resources/app.asar/dist/index.html
[2026-08-17T19:43:48.202Z] [APP PROTOCOL] Request: app://lorapok/assets/index-CdSzAV6o.js -> /mnt/NewVolume/Personal_Projects/lorapok_player/lorapok-player/release/builds/linux/linux-unpacked/resources/app.asar/dist/assets/index-CdSzAV6o.js
[2026-08-17T19:43:48.213Z] [APP PROTOCOL] Request: app://lorapok/assets/index-CcW-TewB.css -> /mnt/NewVolume/Personal_Projects/lorapok_player/lorapok-player/release/builds/linux/linux-unpacked/resources/app.asar/dist/assets/index-CcW-TewB.css
[2026-08-17T19:43:48.689Z] Renderer Finished Load
[2026-08-17T19:43:48.691Z] Window Ready to Show
[2026-08-17T19:43:48.770Z] [RENDERER] App Component Mounted
[2026-08-17T19:43:48.771Z] Renderer reported READY
[2026-08-17T19:43:48.816Z] [RENDERER CONSOLE] L:1 Received protocol/CLI URL: lorapok:///mnt/NewVolume/Personal_Projects/lorapok_player/test_media/long_sample.mp4 (app://lorapok/assets/index-CdSzAV6o.js:237)
[2026-08-17T19:43:48.838Z] [PATH DECODE] Input: /mnt/NewVolume/Personal_Projects/lorapok_player/test_media/long_sample.mp4
[2026-08-17T19:43:48.864Z] [PATH DECODE] Input: /mnt/NewVolume/Personal_Projects/lorapok_player/test_media/long_sample.mp4
[2026-08-17T19:43:48.873Z] [RENDERER CONSOLE] L:3 LORAPOK_UI_ERROR: Error: Error invoking remote method 'get-media-tracks': Error: spawn ENOTDIR (app://lorapok/assets/index-CdSzAV6o.js:237)
[2026-08-17T19:43:48.874Z] [RENDERER] RENDERER_ERROR: Error invoking remote method 'get-media-tracks': Error: spawn ENOTDIR 
[2026-08-17T19:43:48.874Z] [RENDERER CONSOLE] L:3 Uncaught (in promise) Error: Error invoking remote method 'get-media-tracks': Error: spawn ENOTDIR (app://lorapok/index.html:0)
[2026-08-17T19:43:48.875Z] [RENDERER CONSOLE] L:3 LORAPOK_UI_ERROR: Error: Error invoking remote method 'get-video-duration': Error: spawn ENOTDIR (app://lorapok/assets/index-CdSzAV6o.js:237)
[2026-08-17T19:43:48.875Z] [RENDERER] RENDERER_ERROR: Error invoking remote method 'get-video-duration': Error: spawn ENOTDIR 
[2026-08-17T19:43:48.876Z] [RENDERER CONSOLE] L:3 Uncaught (in promise) Error: Error invoking remote method 'get-video-duration': Error: spawn ENOTDIR (app://lorapok/index.html:0)
[2026-08-17T19:43:49.096Z] [MEDIA DEBUG] Raw URL: media:///mnt/NewVolume/Personal_Projects/lorapok_player/test_media/long_sample.mp4
[2026-08-17T19:43:49.096Z] [PATH DECODE] Input: media:///mnt/NewVolume/Personal_Projects/lorapok_player/test_media/long_sample.mp4
[2026-08-17T19:43:49.103Z] Deep Probe Error: Error: spawn ENOTDIR
[2026-08-17T19:43:49.103Z] 🧠 Universal Decode: .mp4 -> fMP4
[2026-08-17T19:43:49.112Z] FFmpeg Error: Cannot find ffmpeg
[2026-08-17T19:43:53.501Z] --- LORAPOK STARTUP ---
[2026-08-17T19:43:53.640Z] ⚠️ FFmpeg binary not found at static path, checking system path...
[2026-08-17T19:43:53.643Z] ✅ FFprobe Initialized: /mnt/NewVolume/Personal_Projects/lorapok_player/lorapok-player/release/builds/linux/linux-unpacked/resources/app.asar/dist-electron/bin/linux/x64/ffprobe
[2026-08-17T19:43:53.659Z] Creating Window...
[2026-08-17T19:43:53.905Z] [APP PROTOCOL] Request: app://lorapok/index.html -> /mnt/NewVolume/Personal_Projects/lorapok_player/lorapok-player/release/builds/linux/linux-unpacked/resources/app.asar/dist/index.html
[2026-08-17T19:43:54.109Z] [APP PROTOCOL] Request: app://lorapok/assets/index-CdSzAV6o.js -> /mnt/NewVolume/Personal_Projects/lorapok_player/lorapok-player/release/builds/linux/linux-unpacked/resources/app.asar/dist/assets/index-CdSzAV6o.js
[2026-08-17T19:43:54.118Z] [APP PROTOCOL] Request: app://lorapok/assets/index-CcW-TewB.css -> /mnt/NewVolume/Personal_Projects/lorapok_player/lorapok-player/release/builds/linux/linux-unpacked/resources/app.asar/dist/assets/index-CcW-TewB.css
[2026-08-17T19:43:54.417Z] Renderer Finished Load
[2026-08-17T19:43:54.418Z] Window Ready to Show
[2026-08-17T19:43:54.479Z] [RENDERER] App Component Mounted
[2026-08-17T19:43:54.480Z] Renderer reported READY
[2026-08-17T19:43:54.517Z] [RENDERER CONSOLE] L:1 Received protocol/CLI URL: lorapok:///mnt/NewVolume/Personal_Projects/lorapok_player/test_media/PXL_20240713_091018599.mp4 (app://lorapok/assets/index-CdSzAV6o.js:237)
[2026-08-17T19:43:54.532Z] [PATH DECODE] Input: /mnt/NewVolume/Personal_Projects/lorapok_player/test_media/PXL_20240713_091018599.mp4
[2026-08-17T19:43:54.558Z] [PATH DECODE] Input: /mnt/NewVolume/Personal_Projects/lorapok_player/test_media/PXL_20240713_091018599.mp4
[2026-08-17T19:43:54.567Z] [RENDERER CONSOLE] L:3 LORAPOK_UI_ERROR: Error: Error invoking remote method 'get-media-tracks': Error: spawn ENOTDIR (app://lorapok/assets/index-CdSzAV6o.js:237)
[2026-08-17T19:43:54.568Z] [RENDERER] RENDERER_ERROR: Error invoking remote method 'get-media-tracks': Error: spawn ENOTDIR 
[2026-08-17T19:43:54.569Z] [RENDERER CONSOLE] L:3 Uncaught (in promise) Error: Error invoking remote method 'get-media-tracks': Error: spawn ENOTDIR (app://lorapok/index.html:0)
[2026-08-17T19:43:54.570Z] [RENDERER CONSOLE] L:3 LORAPOK_UI_ERROR: Error: Error invoking remote method 'get-video-duration': Error: spawn ENOTDIR (app://lorapok/assets/index-CdSzAV6o.js:237)
[2026-08-17T19:43:54.570Z] [RENDERER] RENDERER_ERROR: Error invoking remote method 'get-video-duration': Error: spawn ENOTDIR 
[2026-08-17T19:43:54.572Z] [RENDERER CONSOLE] L:3 Uncaught (in promise) Error: Error invoking remote method 'get-video-duration': Error: spawn ENOTDIR (app://lorapok/index.html:0)
[2026-08-17T19:43:54.786Z] [MEDIA DEBUG] Raw URL: media:///mnt/NewVolume/Personal_Projects/lorapok_player/test_media/PXL_20240713_091018599.mp4
[2026-08-17T19:43:54.787Z] [PATH DECODE] Input: media:///mnt/NewVolume/Personal_Projects/lorapok_player/test_media/PXL_20240713_091018599.mp4
[2026-08-17T19:43:54.796Z] Deep Probe Error: Error: spawn ENOTDIR
[2026-08-17T19:43:54.796Z] 🧠 Universal Decode: .mp4 -> fMP4
[2026-08-17T19:43:54.803Z] FFmpeg Error: Cannot find ffmpeg
[2026-08-17T19:44:01.517Z] --- LORAPOK STARTUP ---
[2026-08-17T19:44:01.643Z] ⚠️ FFmpeg binary not found at static path, checking system path...
[2026-08-17T19:44:01.646Z] ✅ FFprobe Initialized: /mnt/NewVolume/Personal_Projects/lorapok_player/lorapok-player/release/builds/linux/linux-unpacked/resources/app.asar/dist-electron/bin/linux/x64/ffprobe
[2026-08-17T19:44:01.661Z] Creating Window...
[2026-08-17T19:44:01.876Z] [APP PROTOCOL] Request: app://lorapok/index.html -> /mnt/NewVolume/Personal_Projects/lorapok_player/lorapok-player/release/builds/linux/linux-unpacked/resources/app.asar/dist/index.html
[2026-08-17T19:44:02.039Z] [APP PROTOCOL] Request: app://lorapok/assets/index-CdSzAV6o.js -> /mnt/NewVolume/Personal_Projects/lorapok_player/lorapok-player/release/builds/linux/linux-unpacked/resources/app.asar/dist/assets/index-CdSzAV6o.js
[2026-08-17T19:44:02.048Z] [APP PROTOCOL] Request: app://lorapok/assets/index-CcW-TewB.css -> /mnt/NewVolume/Personal_Projects/lorapok_player/lorapok-player/release/builds/linux/linux-unpacked/resources/app.asar/dist/assets/index-CcW-TewB.css
[2026-08-17T19:44:02.293Z] Renderer Finished Load
[2026-08-17T19:44:02.296Z] Window Ready to Show
[2026-08-17T19:44:02.356Z] [RENDERER] App Component Mounted
[2026-08-17T19:44:02.356Z] Renderer reported READY
[2026-08-17T19:44:02.391Z] [RENDERER CONSOLE] L:1 Received protocol/CLI URL: lorapok:///mnt/NewVolume/Personal_Projects/lorapok_player/test_media/PXL_20240713_095454016.mp4 (app://lorapok/assets/index-CdSzAV6o.js:237)
[2026-08-17T19:44:02.402Z] [PATH DECODE] Input: /mnt/NewVolume/Personal_Projects/lorapok_player/test_media/PXL_20240713_095454016.mp4
[2026-08-17T19:44:02.419Z] [PATH DECODE] Input: /mnt/NewVolume/Personal_Projects/lorapok_player/test_media/PXL_20240713_095454016.mp4
[2026-08-17T19:44:02.430Z] [RENDERER CONSOLE] L:3 LORAPOK_UI_ERROR: Error: Error invoking remote method 'get-media-tracks': Error: spawn ENOTDIR (app://lorapok/assets/index-CdSzAV6o.js:237)
[2026-08-17T19:44:02.431Z] [RENDERER] RENDERER_ERROR: Error invoking remote method 'get-media-tracks': Error: spawn ENOTDIR 
[2026-08-17T19:44:02.432Z] [RENDERER CONSOLE] L:3 Uncaught (in promise) Error: Error invoking remote method 'get-media-tracks': Error: spawn ENOTDIR (app://lorapok/index.html:0)
[2026-08-17T19:44:02.434Z] [RENDERER CONSOLE] L:3 LORAPOK_UI_ERROR: Error: Error invoking remote method 'get-video-duration': Error: spawn ENOTDIR (app://lorapok/assets/index-CdSzAV6o.js:237)
[2026-08-17T19:44:02.435Z] [RENDERER] RENDERER_ERROR: Error invoking remote method 'get-video-duration': Error: spawn ENOTDIR 
[2026-08-17T19:44:02.435Z] [RENDERER CONSOLE] L:3 Uncaught (in promise) Error: Error invoking remote method 'get-video-duration': Error: spawn ENOTDIR (app://lorapok/index.html:0)
[2026-08-17T19:44:02.670Z] [MEDIA DEBUG] Raw URL: media:///mnt/NewVolume/Personal_Projects/lorapok_player/test_media/PXL_20240713_095454016.mp4
[2026-08-17T19:44:02.671Z] [PATH DECODE] Input: media:///mnt/NewVolume/Personal_Projects/lorapok_player/test_media/PXL_20240713_095454016.mp4
[2026-08-17T19:44:02.680Z] Deep Probe Error: Error: spawn ENOTDIR
[2026-08-17T19:44:02.680Z] 🧠 Universal Decode: .mp4 -> fMP4
[2026-08-17T19:44:02.688Z] FFmpeg Error: Cannot find ffmpeg
[2026-08-17T19:44:09.714Z] --- LORAPOK STARTUP ---
[2026-08-17T19:44:09.855Z] ⚠️ FFmpeg binary not found at static path, checking system path...
[2026-08-17T19:44:09.857Z] ✅ FFprobe Initialized: /mnt/NewVolume/Personal_Projects/lorapok_player/lorapok-player/release/builds/linux/linux-unpacked/resources/app.asar/dist-electron/bin/linux/x64/ffprobe
[2026-08-17T19:44:09.874Z] Creating Window...
[2026-08-17T19:44:10.095Z] [APP PROTOCOL] Request: app://lorapok/index.html -> /mnt/NewVolume/Personal_Projects/lorapok_player/lorapok-player/release/builds/linux/linux-unpacked/resources/app.asar/dist/index.html
[2026-08-17T19:44:10.305Z] [APP PROTOCOL] Request: app://lorapok/assets/index-CdSzAV6o.js -> /mnt/NewVolume/Personal_Projects/lorapok_player/lorapok-player/release/builds/linux/linux-unpacked/resources/app.asar/dist/assets/index-CdSzAV6o.js
[2026-08-17T19:44:10.312Z] [APP PROTOCOL] Request: app://lorapok/assets/index-CcW-TewB.css -> /mnt/NewVolume/Personal_Projects/lorapok_player/lorapok-player/release/builds/linux/linux-unpacked/resources/app.asar/dist/assets/index-CcW-TewB.css
[2026-08-17T19:44:10.560Z] Renderer Finished Load
[2026-08-17T19:44:10.562Z] Window Ready to Show
[2026-08-17T19:44:10.622Z] [RENDERER] App Component Mounted
[2026-08-17T19:44:10.623Z] Renderer reported READY
[2026-08-17T19:44:10.657Z] [RENDERER CONSOLE] L:1 Received protocol/CLI URL: lorapok:///mnt/NewVolume/Personal_Projects/lorapok_player/test_media/sample_1080p.mp4 (app://lorapok/assets/index-CdSzAV6o.js:237)
[2026-08-17T19:44:10.669Z] [PATH DECODE] Input: /mnt/NewVolume/Personal_Projects/lorapok_player/test_media/sample_1080p.mp4
[2026-08-17T19:44:10.691Z] [PATH DECODE] Input: /mnt/NewVolume/Personal_Projects/lorapok_player/test_media/sample_1080p.mp4
[2026-08-17T19:44:10.704Z] [RENDERER CONSOLE] L:3 LORAPOK_UI_ERROR: Error: Error invoking remote method 'get-media-tracks': Error: spawn ENOTDIR (app://lorapok/assets/index-CdSzAV6o.js:237)
[2026-08-17T19:44:10.704Z] [RENDERER] RENDERER_ERROR: Error invoking remote method 'get-media-tracks': Error: spawn ENOTDIR 
[2026-08-17T19:44:10.705Z] [RENDERER CONSOLE] L:3 Uncaught (in promise) Error: Error invoking remote method 'get-media-tracks': Error: spawn ENOTDIR (app://lorapok/index.html:0)
[2026-08-17T19:44:10.706Z] [RENDERER CONSOLE] L:3 LORAPOK_UI_ERROR: Error: Error invoking remote method 'get-video-duration': Error: spawn ENOTDIR (app://lorapok/assets/index-CdSzAV6o.js:237)
[2026-08-17T19:44:10.707Z] [RENDERER] RENDERER_ERROR: Error invoking remote method 'get-video-duration': Error: spawn ENOTDIR 
[2026-08-17T19:44:10.707Z] [RENDERER CONSOLE] L:3 Uncaught (in promise) Error: Error invoking remote method 'get-video-duration': Error: spawn ENOTDIR (app://lorapok/index.html:0)
[2026-08-17T19:44:10.936Z] [MEDIA DEBUG] Raw URL: media:///mnt/NewVolume/Personal_Projects/lorapok_player/test_media/sample_1080p.mp4
[2026-08-17T19:44:10.936Z] [PATH DECODE] Input: media:///mnt/NewVolume/Personal_Projects/lorapok_player/test_media/sample_1080p.mp4
[2026-08-17T19:44:10.944Z] Deep Probe Error: Error: spawn ENOTDIR
[2026-08-17T19:44:10.944Z] 🧠 Universal Decode: .mp4 -> fMP4
[2026-08-17T19:44:10.953Z] FFmpeg Error: Cannot find ffmpeg
[2026-08-17T19:44:17.597Z] --- LORAPOK STARTUP ---
[2026-08-17T19:44:17.719Z] ⚠️ FFmpeg binary not found at static path, checking system path...
[2026-08-17T19:44:17.720Z] ✅ FFprobe Initialized: /mnt/NewVolume/Personal_Projects/lorapok_player/lorapok-player/release/builds/linux/linux-unpacked/resources/app.asar/dist-electron/bin/linux/x64/ffprobe
[2026-08-17T19:44:17.735Z] Creating Window...
[2026-08-17T19:44:17.996Z] [APP PROTOCOL] Request: app://lorapok/index.html -> /mnt/NewVolume/Personal_Projects/lorapok_player/lorapok-player/release/builds/linux/linux-unpacked/resources/app.asar/dist/index.html
[2026-08-17T19:44:18.235Z] [APP PROTOCOL] Request: app://lorapok/assets/index-CdSzAV6o.js -> /mnt/NewVolume/Personal_Projects/lorapok_player/lorapok-player/release/builds/linux/linux-unpacked/resources/app.asar/dist/assets/index-CdSzAV6o.js
[2026-08-17T19:44:18.240Z] [APP PROTOCOL] Request: app://lorapok/assets/index-CcW-TewB.css -> /mnt/NewVolume/Personal_Projects/lorapok_player/lorapok-player/release/builds/linux/linux-unpacked/resources/app.asar/dist/assets/index-CcW-TewB.css
[2026-08-17T19:44:18.536Z] Renderer Finished Load
[2026-08-17T19:44:18.537Z] Window Ready to Show
[2026-08-17T19:44:18.597Z] [RENDERER] App Component Mounted
[2026-08-17T19:44:18.597Z] Renderer reported READY
[2026-08-17T19:44:18.633Z] [RENDERER CONSOLE] L:1 Received protocol/CLI URL: lorapok:///mnt/NewVolume/Personal_Projects/lorapok_player/test_media/sample.3gp (app://lorapok/assets/index-CdSzAV6o.js:237)
[2026-08-17T19:44:18.647Z] [PATH DECODE] Input: /mnt/NewVolume/Personal_Projects/lorapok_player/test_media/sample.3gp
[2026-08-17T19:44:18.667Z] [PATH DECODE] Input: /mnt/NewVolume/Personal_Projects/lorapok_player/test_media/sample.3gp
[2026-08-17T19:44:18.681Z] [RENDERER CONSOLE] L:3 LORAPOK_UI_ERROR: Error: Error invoking remote method 'get-media-tracks': Error: spawn ENOTDIR (app://lorapok/assets/index-CdSzAV6o.js:237)
[2026-08-17T19:44:18.681Z] [RENDERER] RENDERER_ERROR: Error invoking remote method 'get-media-tracks': Error: spawn ENOTDIR 
[2026-08-17T19:44:18.682Z] [RENDERER CONSOLE] L:3 Uncaught (in promise) Error: Error invoking remote method 'get-media-tracks': Error: spawn ENOTDIR (app://lorapok/index.html:0)
[2026-08-17T19:44:18.683Z] [RENDERER CONSOLE] L:3 LORAPOK_UI_ERROR: Error: Error invoking remote method 'get-video-duration': Error: spawn ENOTDIR (app://lorapok/assets/index-CdSzAV6o.js:237)
[2026-08-17T19:44:18.683Z] [RENDERER] RENDERER_ERROR: Error invoking remote method 'get-video-duration': Error: spawn ENOTDIR 
[2026-08-17T19:44:18.684Z] [RENDERER CONSOLE] L:3 Uncaught (in promise) Error: Error invoking remote method 'get-video-duration': Error: spawn ENOTDIR (app://lorapok/index.html:0)
[2026-08-17T19:44:18.914Z] [MEDIA DEBUG] Raw URL: media:///mnt/NewVolume/Personal_Projects/lorapok_player/test_media/sample.3gp
[2026-08-17T19:44:18.914Z] [PATH DECODE] Input: media:///mnt/NewVolume/Personal_Projects/lorapok_player/test_media/sample.3gp
[2026-08-17T19:44:18.915Z] 🧠 Universal Decode: .3gp -> fMP4
[2026-08-17T19:44:18.923Z] FFmpeg Error: Cannot find ffmpeg
[2026-08-17T19:44:26.170Z] --- LORAPOK STARTUP ---
[2026-08-17T19:44:26.548Z] ⚠️ FFmpeg binary not found at static path, checking system path...
[2026-08-17T19:44:26.555Z] ✅ FFprobe Initialized: /mnt/NewVolume/Personal_Projects/lorapok_player/lorapok-player/release/builds/linux/linux-unpacked/resources/app.asar/dist-electron/bin/linux/x64/ffprobe
[2026-08-17T19:44:26.589Z] Creating Window...
[2026-08-17T19:44:27.583Z] [APP PROTOCOL] Request: app://lorapok/index.html -> /mnt/NewVolume/Personal_Projects/lorapok_player/lorapok-player/release/builds/linux/linux-unpacked/resources/app.asar/dist/index.html
[2026-08-17T19:44:28.285Z] [APP PROTOCOL] Request: app://lorapok/assets/index-CdSzAV6o.js -> /mnt/NewVolume/Personal_Projects/lorapok_player/lorapok-player/release/builds/linux/linux-unpacked/resources/app.asar/dist/assets/index-CdSzAV6o.js
[2026-08-17T19:44:28.302Z] [APP PROTOCOL] Request: app://lorapok/assets/index-CcW-TewB.css -> /mnt/NewVolume/Personal_Projects/lorapok_player/lorapok-player/release/builds/linux/linux-unpacked/resources/app.asar/dist/assets/index-CcW-TewB.css
[2026-08-17T19:44:29.246Z] Renderer Finished Load
[2026-08-17T19:44:29.249Z] Window Ready to Show
[2026-08-17T19:44:29.432Z] [RENDERER] App Component Mounted
[2026-08-17T19:44:29.437Z] Renderer reported READY
[2026-08-17T19:44:29.538Z] [RENDERER CONSOLE] L:1 Received protocol/CLI URL: lorapok:///mnt/NewVolume/Personal_Projects/lorapok_player/test_media/sample.aac (app://lorapok/assets/index-CdSzAV6o.js:237)
[2026-08-17T19:44:29.554Z] [PATH DECODE] Input: /mnt/NewVolume/Personal_Projects/lorapok_player/test_media/sample.aac
[2026-08-17T19:44:29.603Z] [PATH DECODE] Input: /mnt/NewVolume/Personal_Projects/lorapok_player/test_media/sample.aac
[2026-08-17T19:44:29.634Z] [RENDERER CONSOLE] L:3 LORAPOK_UI_ERROR: Error: Error invoking remote method 'get-media-tracks': Error: spawn ENOTDIR (app://lorapok/assets/index-CdSzAV6o.js:237)
[2026-08-17T19:44:29.636Z] [RENDERER] RENDERER_ERROR: Error invoking remote method 'get-media-tracks': Error: spawn ENOTDIR 
[2026-08-17T19:44:29.639Z] [RENDERER CONSOLE] L:3 Uncaught (in promise) Error: Error invoking remote method 'get-media-tracks': Error: spawn ENOTDIR (app://lorapok/index.html:0)
[2026-08-17T19:44:29.642Z] [RENDERER CONSOLE] L:3 LORAPOK_UI_ERROR: Error: Error invoking remote method 'get-video-duration': Error: spawn ENOTDIR (app://lorapok/assets/index-CdSzAV6o.js:237)
[2026-08-17T19:44:29.643Z] [RENDERER] RENDERER_ERROR: Error invoking remote method 'get-video-duration': Error: spawn ENOTDIR 
[2026-08-17T19:44:29.644Z] [RENDERER CONSOLE] L:3 Uncaught (in promise) Error: Error invoking remote method 'get-video-duration': Error: spawn ENOTDIR (app://lorapok/index.html:0)
[2026-08-17T19:44:29.885Z] [MEDIA DEBUG] Raw URL: media:///mnt/NewVolume/Personal_Projects/lorapok_player/test_media/sample.aac
[2026-08-17T19:44:29.886Z] [PATH DECODE] Input: media:///mnt/NewVolume/Personal_Projects/lorapok_player/test_media/sample.aac
[2026-08-17T19:44:29.940Z] [RENDERER CONSOLE] L:1 ⚠️ Native playback failed. Switching to Neural Decode... (app://lorapok/assets/index-CdSzAV6o.js:237)
[2026-08-17T19:44:29.958Z] [MEDIA DEBUG] Raw URL: media:///mnt/NewVolume/Personal_Projects/lorapok_player/test_media/sample.aac?transcode=true
[2026-08-17T19:44:29.959Z] [PATH DECODE] Input: media:///mnt/NewVolume/Personal_Projects/lorapok_player/test_media/sample.aac?transcode=true
[2026-08-17T19:44:29.960Z] 🧠 Universal Decode: .aac -> fMP4
[2026-08-17T19:44:29.971Z] [PATH DECODE] Input: /mnt/NewVolume/Personal_Projects/lorapok_player/test_media/sample.aac?transcode=true
[2026-08-17T19:44:30.003Z] FFmpeg Error: Cannot find ffmpeg
[2026-08-17T19:44:30.004Z] [RENDERER CONSOLE] L:3 LORAPOK_UI_ERROR: Error: Error invoking remote method 'get-video-duration': Error: spawn ENOTDIR (app://lorapok/assets/index-CdSzAV6o.js:237)
[2026-08-17T19:44:30.005Z] [RENDERER] RENDERER_ERROR: Error invoking remote method 'get-video-duration': Error: spawn ENOTDIR 
[2026-08-17T19:44:30.005Z] [RENDERER CONSOLE] L:3 Uncaught (in promise) Error: Error invoking remote method 'get-video-duration': Error: spawn ENOTDIR (app://lorapok/index.html:0)
[2026-08-17T19:44:32.287Z] 🚨 Process Gone: Utility (killed)
[2026-08-17T19:44:32.319Z] 🚨 Process Gone: GPU (killed)
[2026-08-17T19:44:34.488Z] --- LORAPOK STARTUP ---
[2026-08-17T19:44:34.724Z] ⚠️ FFmpeg binary not found at static path, checking system path...
[2026-08-17T19:44:34.728Z] ✅ FFprobe Initialized: /mnt/NewVolume/Personal_Projects/lorapok_player/lorapok-player/release/builds/linux/linux-unpacked/resources/app.asar/dist-electron/bin/linux/x64/ffprobe
[2026-08-17T19:44:34.755Z] Creating Window...
[2026-08-17T19:44:35.095Z] [APP PROTOCOL] Request: app://lorapok/index.html -> /mnt/NewVolume/Personal_Projects/lorapok_player/lorapok-player/release/builds/linux/linux-unpacked/resources/app.asar/dist/index.html
[2026-08-17T19:44:35.331Z] [APP PROTOCOL] Request: app://lorapok/assets/index-CdSzAV6o.js -> /mnt/NewVolume/Personal_Projects/lorapok_player/lorapok-player/release/builds/linux/linux-unpacked/resources/app.asar/dist/assets/index-CdSzAV6o.js
[2026-08-17T19:44:35.340Z] [APP PROTOCOL] Request: app://lorapok/assets/index-CcW-TewB.css -> /mnt/NewVolume/Personal_Projects/lorapok_player/lorapok-player/release/builds/linux/linux-unpacked/resources/app.asar/dist/assets/index-CcW-TewB.css
[2026-08-17T19:44:35.663Z] Renderer Finished Load
[2026-08-17T19:44:35.665Z] Window Ready to Show
[2026-08-17T19:44:35.732Z] [RENDERER] App Component Mounted
[2026-08-17T19:44:35.733Z] Renderer reported READY
[2026-08-17T19:44:35.768Z] [RENDERER CONSOLE] L:1 Received protocol/CLI URL: lorapok:///mnt/NewVolume/Personal_Projects/lorapok_player/test_media/sample.avi (app://lorapok/assets/index-CdSzAV6o.js:237)
[2026-08-17T19:44:35.781Z] [PATH DECODE] Input: /mnt/NewVolume/Personal_Projects/lorapok_player/test_media/sample.avi
[2026-08-17T19:44:35.805Z] [PATH DECODE] Input: /mnt/NewVolume/Personal_Projects/lorapok_player/test_media/sample.avi
[2026-08-17T19:44:35.818Z] [RENDERER CONSOLE] L:3 LORAPOK_UI_ERROR: Error: Error invoking remote method 'get-media-tracks': Error: spawn ENOTDIR (app://lorapok/assets/index-CdSzAV6o.js:237)
[2026-08-17T19:44:35.819Z] [RENDERER] RENDERER_ERROR: Error invoking remote method 'get-media-tracks': Error: spawn ENOTDIR 
[2026-08-17T19:44:35.819Z] [RENDERER CONSOLE] L:3 Uncaught (in promise) Error: Error invoking remote method 'get-media-tracks': Error: spawn ENOTDIR (app://lorapok/index.html:0)
[2026-08-17T19:44:35.821Z] [RENDERER CONSOLE] L:3 LORAPOK_UI_ERROR: Error: Error invoking remote method 'get-video-duration': Error: spawn ENOTDIR (app://lorapok/assets/index-CdSzAV6o.js:237)
[2026-08-17T19:44:35.821Z] [RENDERER] RENDERER_ERROR: Error invoking remote method 'get-video-duration': Error: spawn ENOTDIR 
[2026-08-17T19:44:35.822Z] [RENDERER CONSOLE] L:3 Uncaught (in promise) Error: Error invoking remote method 'get-video-duration': Error: spawn ENOTDIR (app://lorapok/index.html:0)
[2026-08-17T19:44:36.052Z] [MEDIA DEBUG] Raw URL: media:///mnt/NewVolume/Personal_Projects/lorapok_player/test_media/sample.avi
[2026-08-17T19:44:36.052Z] [PATH DECODE] Input: media:///mnt/NewVolume/Personal_Projects/lorapok_player/test_media/sample.avi
[2026-08-17T19:44:36.053Z] 🧠 Universal Decode: .avi -> fMP4
[2026-08-17T19:44:36.061Z] FFmpeg Error: Cannot find ffmpeg
[2026-08-17T19:44:41.895Z] --- LORAPOK STARTUP ---
[2026-08-17T19:44:42.009Z] ⚠️ FFmpeg binary not found at static path, checking system path...
[2026-08-17T19:44:42.011Z] ✅ FFprobe Initialized: /mnt/NewVolume/Personal_Projects/lorapok_player/lorapok-player/release/builds/linux/linux-unpacked/resources/app.asar/dist-electron/bin/linux/x64/ffprobe
[2026-08-17T19:44:42.024Z] Creating Window...
[2026-08-17T19:44:42.234Z] [APP PROTOCOL] Request: app://lorapok/index.html -> /mnt/NewVolume/Personal_Projects/lorapok_player/lorapok-player/release/builds/linux/linux-unpacked/resources/app.asar/dist/index.html
[2026-08-17T19:44:42.402Z] [APP PROTOCOL] Request: app://lorapok/assets/index-CdSzAV6o.js -> /mnt/NewVolume/Personal_Projects/lorapok_player/lorapok-player/release/builds/linux/linux-unpacked/resources/app.asar/dist/assets/index-CdSzAV6o.js
[2026-08-17T19:44:42.407Z] [APP PROTOCOL] Request: app://lorapok/assets/index-CcW-TewB.css -> /mnt/NewVolume/Personal_Projects/lorapok_player/lorapok-player/release/builds/linux/linux-unpacked/resources/app.asar/dist/assets/index-CcW-TewB.css
[2026-08-17T19:44:42.666Z] Renderer Finished Load
[2026-08-17T19:44:42.667Z] Window Ready to Show
[2026-08-17T19:44:42.727Z] [RENDERER] App Component Mounted
[2026-08-17T19:44:42.728Z] Renderer reported READY
[2026-08-17T19:44:42.759Z] [RENDERER CONSOLE] L:1 Received protocol/CLI URL: lorapok:///mnt/NewVolume/Personal_Projects/lorapok_player/test_media/sample.flac (app://lorapok/assets/index-CdSzAV6o.js:237)
[2026-08-17T19:44:42.766Z] [PATH DECODE] Input: /mnt/NewVolume/Personal_Projects/lorapok_player/test_media/sample.flac
[2026-08-17T19:44:42.782Z] [PATH DECODE] Input: /mnt/NewVolume/Personal_Projects/lorapok_player/test_media/sample.flac
[2026-08-17T19:44:42.791Z] [RENDERER CONSOLE] L:3 LORAPOK_UI_ERROR: Error: Error invoking remote method 'get-media-tracks': Error: spawn ENOTDIR (app://lorapok/assets/index-CdSzAV6o.js:237)
[2026-08-17T19:44:42.791Z] [RENDERER] RENDERER_ERROR: Error invoking remote method 'get-media-tracks': Error: spawn ENOTDIR 
[2026-08-17T19:44:42.792Z] [RENDERER CONSOLE] L:3 Uncaught (in promise) Error: Error invoking remote method 'get-media-tracks': Error: spawn ENOTDIR (app://lorapok/index.html:0)
[2026-08-17T19:44:42.793Z] [RENDERER CONSOLE] L:3 LORAPOK_UI_ERROR: Error: Error invoking remote method 'get-video-duration': Error: spawn ENOTDIR (app://lorapok/assets/index-CdSzAV6o.js:237)
[2026-08-17T19:44:42.794Z] [RENDERER] RENDERER_ERROR: Error invoking remote method 'get-video-duration': Error: spawn ENOTDIR 
[2026-08-17T19:44:42.794Z] [RENDERER CONSOLE] L:3 Uncaught (in promise) Error: Error invoking remote method 'get-video-duration': Error: spawn ENOTDIR (app://lorapok/index.html:0)
[2026-08-17T19:44:43.029Z] [MEDIA DEBUG] Raw URL: media:///mnt/NewVolume/Personal_Projects/lorapok_player/test_media/sample.flac
[2026-08-17T19:44:43.030Z] [PATH DECODE] Input: media:///mnt/NewVolume/Personal_Projects/lorapok_player/test_media/sample.flac
[2026-08-17T19:44:43.058Z] [RENDERER CONSOLE] L:1 ⚠️ Native playback failed. Switching to Neural Decode... (app://lorapok/assets/index-CdSzAV6o.js:237)
[2026-08-17T19:44:43.067Z] [MEDIA DEBUG] Raw URL: media:///mnt/NewVolume/Personal_Projects/lorapok_player/test_media/sample.flac?transcode=true
[2026-08-17T19:44:43.068Z] [PATH DECODE] Input: media:///mnt/NewVolume/Personal_Projects/lorapok_player/test_media/sample.flac?transcode=true
[2026-08-17T19:44:43.068Z] 🧠 Universal Decode: .flac -> fMP4
[2026-08-17T19:44:43.076Z] FFmpeg Error: Cannot find ffmpeg
[2026-08-17T19:44:43.085Z] [PATH DECODE] Input: /mnt/NewVolume/Personal_Projects/lorapok_player/test_media/sample.flac?transcode=true
[2026-08-17T19:44:43.098Z] [RENDERER CONSOLE] L:3 LORAPOK_UI_ERROR: Error: Error invoking remote method 'get-video-duration': Error: spawn ENOTDIR (app://lorapok/assets/index-CdSzAV6o.js:237)
[2026-08-17T19:44:43.099Z] [RENDERER] RENDERER_ERROR: Error invoking remote method 'get-video-duration': Error: spawn ENOTDIR 
[2026-08-17T19:44:43.100Z] [RENDERER CONSOLE] L:3 Uncaught (in promise) Error: Error invoking remote method 'get-video-duration': Error: spawn ENOTDIR (app://lorapok/index.html:0)
[2026-08-17T19:44:49.914Z] --- LORAPOK STARTUP ---
[2026-08-17T19:44:50.029Z] ⚠️ FFmpeg binary not found at static path, checking system path...
[2026-08-17T19:44:50.031Z] ✅ FFprobe Initialized: /mnt/NewVolume/Personal_Projects/lorapok_player/lorapok-player/release/builds/linux/linux-unpacked/resources/app.asar/dist-electron/bin/linux/x64/ffprobe
[2026-08-17T19:44:50.044Z] Creating Window...
[2026-08-17T19:44:50.248Z] [APP PROTOCOL] Request: app://lorapok/index.html -> /mnt/NewVolume/Personal_Projects/lorapok_player/lorapok-player/release/builds/linux/linux-unpacked/resources/app.asar/dist/index.html
[2026-08-17T19:44:50.408Z] [APP PROTOCOL] Request: app://lorapok/assets/index-CdSzAV6o.js -> /mnt/NewVolume/Personal_Projects/lorapok_player/lorapok-player/release/builds/linux/linux-unpacked/resources/app.asar/dist/assets/index-CdSzAV6o.js
[2026-08-17T19:44:50.415Z] [APP PROTOCOL] Request: app://lorapok/assets/index-CcW-TewB.css -> /mnt/NewVolume/Personal_Projects/lorapok_player/lorapok-player/release/builds/linux/linux-unpacked/resources/app.asar/dist/assets/index-CcW-TewB.css
[2026-08-17T19:44:50.663Z] Renderer Finished Load
[2026-08-17T19:44:50.663Z] Window Ready to Show
[2026-08-17T19:44:50.721Z] [RENDERER] App Component Mounted
[2026-08-17T19:44:50.721Z] Renderer reported READY
[2026-08-17T19:44:50.760Z] [RENDERER CONSOLE] L:1 Received protocol/CLI URL: lorapok:///mnt/NewVolume/Personal_Projects/lorapok_player/test_media/sample.flv (app://lorapok/assets/index-CdSzAV6o.js:237)
[2026-08-17T19:44:50.767Z] [PATH DECODE] Input: /mnt/NewVolume/Personal_Projects/lorapok_player/test_media/sample.flv
[2026-08-17T19:44:50.788Z] [PATH DECODE] Input: /mnt/NewVolume/Personal_Projects/lorapok_player/test_media/sample.flv
[2026-08-17T19:44:50.800Z] [RENDERER CONSOLE] L:3 LORAPOK_UI_ERROR: Error: Error invoking remote method 'get-media-tracks': Error: spawn ENOTDIR (app://lorapok/assets/index-CdSzAV6o.js:237)
[2026-08-17T19:44:50.800Z] [RENDERER] RENDERER_ERROR: Error invoking remote method 'get-media-tracks': Error: spawn ENOTDIR 
[2026-08-17T19:44:50.801Z] [RENDERER CONSOLE] L:3 Uncaught (in promise) Error: Error invoking remote method 'get-media-tracks': Error: spawn ENOTDIR (app://lorapok/index.html:0)
[2026-08-17T19:44:50.802Z] [RENDERER CONSOLE] L:3 LORAPOK_UI_ERROR: Error: Error invoking remote method 'get-video-duration': Error: spawn ENOTDIR (app://lorapok/assets/index-CdSzAV6o.js:237)
[2026-08-17T19:44:50.803Z] [RENDERER] RENDERER_ERROR: Error invoking remote method 'get-video-duration': Error: spawn ENOTDIR 
[2026-08-17T19:44:50.803Z] [RENDERER CONSOLE] L:3 Uncaught (in promise) Error: Error invoking remote method 'get-video-duration': Error: spawn ENOTDIR (app://lorapok/index.html:0)
[2026-08-17T19:44:51.073Z] [MEDIA DEBUG] Raw URL: media:///mnt/NewVolume/Personal_Projects/lorapok_player/test_media/sample.flv
[2026-08-17T19:44:51.074Z] [PATH DECODE] Input: media:///mnt/NewVolume/Personal_Projects/lorapok_player/test_media/sample.flv
[2026-08-17T19:44:51.075Z] 🧠 Universal Decode: .flv -> fMP4
[2026-08-17T19:44:51.084Z] FFmpeg Error: Cannot find ffmpeg
[2026-08-17T19:44:57.963Z] --- LORAPOK STARTUP ---
[2026-08-17T19:44:58.080Z] ⚠️ FFmpeg binary not found at static path, checking system path...
[2026-08-17T19:44:58.082Z] ✅ FFprobe Initialized: /mnt/NewVolume/Personal_Projects/lorapok_player/lorapok-player/release/builds/linux/linux-unpacked/resources/app.asar/dist-electron/bin/linux/x64/ffprobe
[2026-08-17T19:44:58.095Z] Creating Window...
[2026-08-17T19:44:58.302Z] [APP PROTOCOL] Request: app://lorapok/index.html -> /mnt/NewVolume/Personal_Projects/lorapok_player/lorapok-player/release/builds/linux/linux-unpacked/resources/app.asar/dist/index.html
[2026-08-17T19:44:58.469Z] [APP PROTOCOL] Request: app://lorapok/assets/index-CdSzAV6o.js -> /mnt/NewVolume/Personal_Projects/lorapok_player/lorapok-player/release/builds/linux/linux-unpacked/resources/app.asar/dist/assets/index-CdSzAV6o.js
[2026-08-17T19:44:58.475Z] [APP PROTOCOL] Request: app://lorapok/assets/index-CcW-TewB.css -> /mnt/NewVolume/Personal_Projects/lorapok_player/lorapok-player/release/builds/linux/linux-unpacked/resources/app.asar/dist/assets/index-CcW-TewB.css
[2026-08-17T19:44:58.737Z] Renderer Finished Load
[2026-08-17T19:44:58.738Z] Window Ready to Show
[2026-08-17T19:44:58.799Z] [RENDERER] App Component Mounted
[2026-08-17T19:44:58.800Z] Renderer reported READY
[2026-08-17T19:44:58.828Z] [RENDERER CONSOLE] L:1 Received protocol/CLI URL: lorapok:///mnt/NewVolume/Personal_Projects/lorapok_player/test_media/sample.m4a (app://lorapok/assets/index-CdSzAV6o.js:237)
[2026-08-17T19:44:58.835Z] [PATH DECODE] Input: /mnt/NewVolume/Personal_Projects/lorapok_player/test_media/sample.m4a
[2026-08-17T19:44:58.849Z] [PATH DECODE] Input: /mnt/NewVolume/Personal_Projects/lorapok_player/test_media/sample.m4a
[2026-08-17T19:44:58.859Z] [RENDERER CONSOLE] L:3 LORAPOK_UI_ERROR: Error: Error invoking remote method 'get-media-tracks': Error: spawn ENOTDIR (app://lorapok/assets/index-CdSzAV6o.js:237)
[2026-08-17T19:44:58.860Z] [RENDERER] RENDERER_ERROR: Error invoking remote method 'get-media-tracks': Error: spawn ENOTDIR 
[2026-08-17T19:44:58.860Z] [RENDERER CONSOLE] L:3 Uncaught (in promise) Error: Error invoking remote method 'get-media-tracks': Error: spawn ENOTDIR (app://lorapok/index.html:0)
[2026-08-17T19:44:58.861Z] [RENDERER CONSOLE] L:3 LORAPOK_UI_ERROR: Error: Error invoking remote method 'get-video-duration': Error: spawn ENOTDIR (app://lorapok/assets/index-CdSzAV6o.js:237)
[2026-08-17T19:44:58.862Z] [RENDERER] RENDERER_ERROR: Error invoking remote method 'get-video-duration': Error: spawn ENOTDIR 
[2026-08-17T19:44:58.862Z] [RENDERER CONSOLE] L:3 Uncaught (in promise) Error: Error invoking remote method 'get-video-duration': Error: spawn ENOTDIR (app://lorapok/index.html:0)
[2026-08-17T19:44:59.159Z] [MEDIA DEBUG] Raw URL: media:///mnt/NewVolume/Personal_Projects/lorapok_player/test_media/sample.m4a
[2026-08-17T19:44:59.159Z] [PATH DECODE] Input: media:///mnt/NewVolume/Personal_Projects/lorapok_player/test_media/sample.m4a
[2026-08-17T19:44:59.184Z] [RENDERER CONSOLE] L:1 ⚠️ Native playback failed. Switching to Neural Decode... (app://lorapok/assets/index-CdSzAV6o.js:237)
[2026-08-17T19:44:59.192Z] [MEDIA DEBUG] Raw URL: media:///mnt/NewVolume/Personal_Projects/lorapok_player/test_media/sample.m4a?transcode=true
[2026-08-17T19:44:59.192Z] [PATH DECODE] Input: media:///mnt/NewVolume/Personal_Projects/lorapok_player/test_media/sample.m4a?transcode=true
[2026-08-17T19:44:59.192Z] 🧠 Universal Decode: .m4a -> fMP4
[2026-08-17T19:44:59.197Z] [PATH DECODE] Input: /mnt/NewVolume/Personal_Projects/lorapok_player/test_media/sample.m4a?transcode=true
[2026-08-17T19:44:59.209Z] FFmpeg Error: Cannot find ffmpeg
[2026-08-17T19:44:59.210Z] [RENDERER CONSOLE] L:3 LORAPOK_UI_ERROR: Error: Error invoking remote method 'get-video-duration': Error: spawn ENOTDIR (app://lorapok/assets/index-CdSzAV6o.js:237)
[2026-08-17T19:44:59.210Z] [RENDERER] RENDERER_ERROR: Error invoking remote method 'get-video-duration': Error: spawn ENOTDIR 
[2026-08-17T19:44:59.211Z] [RENDERER CONSOLE] L:3 Uncaught (in promise) Error: Error invoking remote method 'get-video-duration': Error: spawn ENOTDIR (app://lorapok/index.html:0)
[2026-08-17T19:45:05.958Z] --- LORAPOK STARTUP ---
[2026-08-17T19:45:06.064Z] ⚠️ FFmpeg binary not found at static path, checking system path...
[2026-08-17T19:45:06.065Z] ✅ FFprobe Initialized: /mnt/NewVolume/Personal_Projects/lorapok_player/lorapok-player/release/builds/linux/linux-unpacked/resources/app.asar/dist-electron/bin/linux/x64/ffprobe
[2026-08-17T19:45:06.078Z] Creating Window...
[2026-08-17T19:45:06.268Z] [APP PROTOCOL] Request: app://lorapok/index.html -> /mnt/NewVolume/Personal_Projects/lorapok_player/lorapok-player/release/builds/linux/linux-unpacked/resources/app.asar/dist/index.html
[2026-08-17T19:45:06.427Z] [APP PROTOCOL] Request: app://lorapok/assets/index-CdSzAV6o.js -> /mnt/NewVolume/Personal_Projects/lorapok_player/lorapok-player/release/builds/linux/linux-unpacked/resources/app.asar/dist/assets/index-CdSzAV6o.js
[2026-08-17T19:45:06.433Z] [APP PROTOCOL] Request: app://lorapok/assets/index-CcW-TewB.css -> /mnt/NewVolume/Personal_Projects/lorapok_player/lorapok-player/release/builds/linux/linux-unpacked/resources/app.asar/dist/assets/index-CcW-TewB.css
[2026-08-17T19:45:06.672Z] Renderer Finished Load
[2026-08-17T19:45:06.673Z] Window Ready to Show
[2026-08-17T19:45:06.728Z] [RENDERER] App Component Mounted
[2026-08-17T19:45:06.729Z] Renderer reported READY
[2026-08-17T19:45:06.756Z] [RENDERER CONSOLE] L:1 Received protocol/CLI URL: lorapok:///mnt/NewVolume/Personal_Projects/lorapok_player/test_media/sample.m4v (app://lorapok/assets/index-CdSzAV6o.js:237)
[2026-08-17T19:45:06.762Z] [PATH DECODE] Input: /mnt/NewVolume/Personal_Projects/lorapok_player/test_media/sample.m4v
[2026-08-17T19:45:06.776Z] [PATH DECODE] Input: /mnt/NewVolume/Personal_Projects/lorapok_player/test_media/sample.m4v
[2026-08-17T19:45:06.784Z] [RENDERER CONSOLE] L:3 LORAPOK_UI_ERROR: Error: Error invoking remote method 'get-media-tracks': Error: spawn ENOTDIR (app://lorapok/assets/index-CdSzAV6o.js:237)
[2026-08-17T19:45:06.785Z] [RENDERER] RENDERER_ERROR: Error invoking remote method 'get-media-tracks': Error: spawn ENOTDIR 
[2026-08-17T19:45:06.785Z] [RENDERER CONSOLE] L:3 Uncaught (in promise) Error: Error invoking remote method 'get-media-tracks': Error: spawn ENOTDIR (app://lorapok/index.html:0)
[2026-08-17T19:45:06.786Z] [RENDERER CONSOLE] L:3 LORAPOK_UI_ERROR: Error: Error invoking remote method 'get-video-duration': Error: spawn ENOTDIR (app://lorapok/assets/index-CdSzAV6o.js:237)
[2026-08-17T19:45:06.787Z] [RENDERER] RENDERER_ERROR: Error invoking remote method 'get-video-duration': Error: spawn ENOTDIR 
[2026-08-17T19:45:06.787Z] [RENDERER CONSOLE] L:3 Uncaught (in promise) Error: Error invoking remote method 'get-video-duration': Error: spawn ENOTDIR (app://lorapok/index.html:0)
[2026-08-17T19:45:07.026Z] [MEDIA DEBUG] Raw URL: media:///mnt/NewVolume/Personal_Projects/lorapok_player/test_media/sample.m4v
[2026-08-17T19:45:07.027Z] [PATH DECODE] Input: media:///mnt/NewVolume/Personal_Projects/lorapok_player/test_media/sample.m4v
[2026-08-17T19:45:07.028Z] 🧠 Universal Decode: .m4v -> fMP4
[2026-08-17T19:45:07.035Z] FFmpeg Error: Cannot find ffmpeg
[2026-08-17T19:45:13.998Z] --- LORAPOK STARTUP ---
[2026-08-17T19:45:14.105Z] ⚠️ FFmpeg binary not found at static path, checking system path...
[2026-08-17T19:45:14.106Z] ✅ FFprobe Initialized: /mnt/NewVolume/Personal_Projects/lorapok_player/lorapok-player/release/builds/linux/linux-unpacked/resources/app.asar/dist-electron/bin/linux/x64/ffprobe
[2026-08-17T19:45:14.119Z] Creating Window...
[2026-08-17T19:45:14.315Z] [APP PROTOCOL] Request: app://lorapok/index.html -> /mnt/NewVolume/Personal_Projects/lorapok_player/lorapok-player/release/builds/linux/linux-unpacked/resources/app.asar/dist/index.html
[2026-08-17T19:45:14.478Z] [APP PROTOCOL] Request: app://lorapok/assets/index-CdSzAV6o.js -> /mnt/NewVolume/Personal_Projects/lorapok_player/lorapok-player/release/builds/linux/linux-unpacked/resources/app.asar/dist/assets/index-CdSzAV6o.js
[2026-08-17T19:45:14.483Z] [APP PROTOCOL] Request: app://lorapok/assets/index-CcW-TewB.css -> /mnt/NewVolume/Personal_Projects/lorapok_player/lorapok-player/release/builds/linux/linux-unpacked/resources/app.asar/dist/assets/index-CcW-TewB.css
[2026-08-17T19:45:14.720Z] Renderer Finished Load
[2026-08-17T19:45:14.721Z] Window Ready to Show
[2026-08-17T19:45:14.777Z] [RENDERER] App Component Mounted
[2026-08-17T19:45:14.777Z] Renderer reported READY
[2026-08-17T19:45:14.804Z] [RENDERER CONSOLE] L:1 Received protocol/CLI URL: lorapok:///mnt/NewVolume/Personal_Projects/lorapok_player/test_media/sample.mkv (app://lorapok/assets/index-CdSzAV6o.js:237)
[2026-08-17T19:45:14.811Z] [PATH DECODE] Input: /mnt/NewVolume/Personal_Projects/lorapok_player/test_media/sample.mkv
[2026-08-17T19:45:14.826Z] [PATH DECODE] Input: /mnt/NewVolume/Personal_Projects/lorapok_player/test_media/sample.mkv
[2026-08-17T19:45:14.834Z] [RENDERER CONSOLE] L:3 LORAPOK_UI_ERROR: Error: Error invoking remote method 'get-media-tracks': Error: spawn ENOTDIR (app://lorapok/assets/index-CdSzAV6o.js:237)
[2026-08-17T19:45:14.835Z] [RENDERER] RENDERER_ERROR: Error invoking remote method 'get-media-tracks': Error: spawn ENOTDIR 
[2026-08-17T19:45:14.835Z] [RENDERER CONSOLE] L:3 Uncaught (in promise) Error: Error invoking remote method 'get-media-tracks': Error: spawn ENOTDIR (app://lorapok/index.html:0)
[2026-08-17T19:45:14.836Z] [RENDERER CONSOLE] L:3 LORAPOK_UI_ERROR: Error: Error invoking remote method 'get-video-duration': Error: spawn ENOTDIR (app://lorapok/assets/index-CdSzAV6o.js:237)
[2026-08-17T19:45:14.837Z] [RENDERER] RENDERER_ERROR: Error invoking remote method 'get-video-duration': Error: spawn ENOTDIR 
[2026-08-17T19:45:14.837Z] [RENDERER CONSOLE] L:3 Uncaught (in promise) Error: Error invoking remote method 'get-video-duration': Error: spawn ENOTDIR (app://lorapok/index.html:0)
[2026-08-17T19:45:15.083Z] [MEDIA DEBUG] Raw URL: media:///mnt/NewVolume/Personal_Projects/lorapok_player/test_media/sample.mkv
[2026-08-17T19:45:15.084Z] [PATH DECODE] Input: media:///mnt/NewVolume/Personal_Projects/lorapok_player/test_media/sample.mkv
[2026-08-17T19:45:15.085Z] 🧠 Universal Decode: .mkv -> fMP4
[2026-08-17T19:45:15.092Z] FFmpeg Error: Cannot find ffmpeg
[2026-08-17T19:45:22.016Z] --- LORAPOK STARTUP ---
[2026-08-17T19:45:22.116Z] ⚠️ FFmpeg binary not found at static path, checking system path...
[2026-08-17T19:45:22.118Z] ✅ FFprobe Initialized: /mnt/NewVolume/Personal_Projects/lorapok_player/lorapok-player/release/builds/linux/linux-unpacked/resources/app.asar/dist-electron/bin/linux/x64/ffprobe
[2026-08-17T19:45:22.130Z] Creating Window...
[2026-08-17T19:45:22.333Z] [APP PROTOCOL] Request: app://lorapok/index.html -> /mnt/NewVolume/Personal_Projects/lorapok_player/lorapok-player/release/builds/linux/linux-unpacked/resources/app.asar/dist/index.html
[2026-08-17T19:45:22.495Z] [APP PROTOCOL] Request: app://lorapok/assets/index-CdSzAV6o.js -> /mnt/NewVolume/Personal_Projects/lorapok_player/lorapok-player/release/builds/linux/linux-unpacked/resources/app.asar/dist/assets/index-CdSzAV6o.js
[2026-08-17T19:45:22.500Z] [APP PROTOCOL] Request: app://lorapok/assets/index-CcW-TewB.css -> /mnt/NewVolume/Personal_Projects/lorapok_player/lorapok-player/release/builds/linux/linux-unpacked/resources/app.asar/dist/assets/index-CcW-TewB.css
[2026-08-17T19:45:22.747Z] Renderer Finished Load
[2026-08-17T19:45:22.748Z] Window Ready to Show
[2026-08-17T19:45:22.804Z] [RENDERER] App Component Mounted
[2026-08-17T19:45:22.805Z] Renderer reported READY
[2026-08-17T19:45:22.834Z] [RENDERER CONSOLE] L:1 Received protocol/CLI URL: lorapok:///mnt/NewVolume/Personal_Projects/lorapok_player/test_media/sample.mov (app://lorapok/assets/index-CdSzAV6o.js:237)
[2026-08-17T19:45:22.842Z] [PATH DECODE] Input: /mnt/NewVolume/Personal_Projects/lorapok_player/test_media/sample.mov
[2026-08-17T19:45:22.857Z] [PATH DECODE] Input: /mnt/NewVolume/Personal_Projects/lorapok_player/test_media/sample.mov
[2026-08-17T19:45:22.865Z] [RENDERER CONSOLE] L:3 LORAPOK_UI_ERROR: Error: Error invoking remote method 'get-media-tracks': Error: spawn ENOTDIR (app://lorapok/assets/index-CdSzAV6o.js:237)
[2026-08-17T19:45:22.866Z] [RENDERER] RENDERER_ERROR: Error invoking remote method 'get-media-tracks': Error: spawn ENOTDIR 
[2026-08-17T19:45:22.866Z] [RENDERER CONSOLE] L:3 Uncaught (in promise) Error: Error invoking remote method 'get-media-tracks': Error: spawn ENOTDIR (app://lorapok/index.html:0)
[2026-08-17T19:45:22.867Z] [RENDERER CONSOLE] L:3 LORAPOK_UI_ERROR: Error: Error invoking remote method 'get-video-duration': Error: spawn ENOTDIR (app://lorapok/assets/index-CdSzAV6o.js:237)
[2026-08-17T19:45:22.868Z] [RENDERER] RENDERER_ERROR: Error invoking remote method 'get-video-duration': Error: spawn ENOTDIR 
[2026-08-17T19:45:22.868Z] [RENDERER CONSOLE] L:3 Uncaught (in promise) Error: Error invoking remote method 'get-video-duration': Error: spawn ENOTDIR (app://lorapok/index.html:0)
[2026-08-17T19:45:23.162Z] [MEDIA DEBUG] Raw URL: media:///mnt/NewVolume/Personal_Projects/lorapok_player/test_media/sample.mov
[2026-08-17T19:45:23.162Z] [PATH DECODE] Input: media:///mnt/NewVolume/Personal_Projects/lorapok_player/test_media/sample.mov
[2026-08-17T19:45:23.163Z] 🧠 Universal Decode: .mov -> fMP4
[2026-08-17T19:45:23.170Z] FFmpeg Error: Cannot find ffmpeg
[2026-08-17T19:45:30.132Z] --- LORAPOK STARTUP ---
[2026-08-17T19:45:30.318Z] ⚠️ FFmpeg binary not found at static path, checking system path...
[2026-08-17T19:45:30.321Z] ✅ FFprobe Initialized: /mnt/NewVolume/Personal_Projects/lorapok_player/lorapok-player/release/builds/linux/linux-unpacked/resources/app.asar/dist-electron/bin/linux/x64/ffprobe
[2026-08-17T19:45:30.337Z] Creating Window...
[2026-08-17T19:45:30.644Z] [APP PROTOCOL] Request: app://lorapok/index.html -> /mnt/NewVolume/Personal_Projects/lorapok_player/lorapok-player/release/builds/linux/linux-unpacked/resources/app.asar/dist/index.html
[2026-08-17T19:45:30.842Z] [APP PROTOCOL] Request: app://lorapok/assets/index-CdSzAV6o.js -> /mnt/NewVolume/Personal_Projects/lorapok_player/lorapok-player/release/builds/linux/linux-unpacked/resources/app.asar/dist/assets/index-CdSzAV6o.js
[2026-08-17T19:45:30.849Z] [APP PROTOCOL] Request: app://lorapok/assets/index-CcW-TewB.css -> /mnt/NewVolume/Personal_Projects/lorapok_player/lorapok-player/release/builds/linux/linux-unpacked/resources/app.asar/dist/assets/index-CcW-TewB.css
[2026-08-17T19:45:31.147Z] Renderer Finished Load
[2026-08-17T19:45:31.148Z] Window Ready to Show
[2026-08-17T19:45:31.213Z] [RENDERER] App Component Mounted
[2026-08-17T19:45:31.214Z] Renderer reported READY
[2026-08-17T19:45:31.245Z] [RENDERER CONSOLE] L:1 Received protocol/CLI URL: lorapok:///mnt/NewVolume/Personal_Projects/lorapok_player/test_media/sample.mp3 (app://lorapok/assets/index-CdSzAV6o.js:237)
[2026-08-17T19:45:31.252Z] [PATH DECODE] Input: /mnt/NewVolume/Personal_Projects/lorapok_player/test_media/sample.mp3
[2026-08-17T19:45:31.272Z] [PATH DECODE] Input: /mnt/NewVolume/Personal_Projects/lorapok_player/test_media/sample.mp3
[2026-08-17T19:45:31.285Z] [RENDERER CONSOLE] L:3 LORAPOK_UI_ERROR: Error: Error invoking remote method 'get-media-tracks': Error: spawn ENOTDIR (app://lorapok/assets/index-CdSzAV6o.js:237)
[2026-08-17T19:45:31.286Z] [RENDERER] RENDERER_ERROR: Error invoking remote method 'get-media-tracks': Error: spawn ENOTDIR 
[2026-08-17T19:45:31.286Z] [RENDERER CONSOLE] L:3 Uncaught (in promise) Error: Error invoking remote method 'get-media-tracks': Error: spawn ENOTDIR (app://lorapok/index.html:0)
[2026-08-17T19:45:31.289Z] [RENDERER CONSOLE] L:3 LORAPOK_UI_ERROR: Error: Error invoking remote method 'get-video-duration': Error: spawn ENOTDIR (app://lorapok/assets/index-CdSzAV6o.js:237)
[2026-08-17T19:45:31.289Z] [RENDERER] RENDERER_ERROR: Error invoking remote method 'get-video-duration': Error: spawn ENOTDIR 
[2026-08-17T19:45:31.290Z] [RENDERER CONSOLE] L:3 Uncaught (in promise) Error: Error invoking remote method 'get-video-duration': Error: spawn ENOTDIR (app://lorapok/index.html:0)
[2026-08-17T19:45:31.560Z] [MEDIA DEBUG] Raw URL: media:///mnt/NewVolume/Personal_Projects/lorapok_player/test_media/sample.mp3
[2026-08-17T19:45:31.560Z] [PATH DECODE] Input: media:///mnt/NewVolume/Personal_Projects/lorapok_player/test_media/sample.mp3
[2026-08-17T19:45:38.072Z] --- LORAPOK STARTUP ---
[2026-08-17T19:45:38.176Z] ⚠️ FFmpeg binary not found at static path, checking system path...
[2026-08-17T19:45:38.178Z] ✅ FFprobe Initialized: /mnt/NewVolume/Personal_Projects/lorapok_player/lorapok-player/release/builds/linux/linux-unpacked/resources/app.asar/dist-electron/bin/linux/x64/ffprobe
[2026-08-17T19:45:38.191Z] Creating Window...
[2026-08-17T19:45:38.402Z] [APP PROTOCOL] Request: app://lorapok/index.html -> /mnt/NewVolume/Personal_Projects/lorapok_player/lorapok-player/release/builds/linux/linux-unpacked/resources/app.asar/dist/index.html
[2026-08-17T19:45:38.561Z] [APP PROTOCOL] Request: app://lorapok/assets/index-CdSzAV6o.js -> /mnt/NewVolume/Personal_Projects/lorapok_player/lorapok-player/release/builds/linux/linux-unpacked/resources/app.asar/dist/assets/index-CdSzAV6o.js
[2026-08-17T19:45:38.567Z] [APP PROTOCOL] Request: app://lorapok/assets/index-CcW-TewB.css -> /mnt/NewVolume/Personal_Projects/lorapok_player/lorapok-player/release/builds/linux/linux-unpacked/resources/app.asar/dist/assets/index-CcW-TewB.css
[2026-08-17T19:45:38.813Z] Renderer Finished Load
[2026-08-17T19:45:38.814Z] Window Ready to Show
[2026-08-17T19:45:38.872Z] [RENDERER] App Component Mounted
[2026-08-17T19:45:38.872Z] Renderer reported READY
[2026-08-17T19:45:38.901Z] [RENDERER CONSOLE] L:1 Received protocol/CLI URL: lorapok:///mnt/NewVolume/Personal_Projects/lorapok_player/test_media/sample.ogg (app://lorapok/assets/index-CdSzAV6o.js:237)
[2026-08-17T19:45:38.909Z] [PATH DECODE] Input: /mnt/NewVolume/Personal_Projects/lorapok_player/test_media/sample.ogg
[2026-08-17T19:45:38.924Z] [PATH DECODE] Input: /mnt/NewVolume/Personal_Projects/lorapok_player/test_media/sample.ogg
[2026-08-17T19:45:38.933Z] [RENDERER CONSOLE] L:3 LORAPOK_UI_ERROR: Error: Error invoking remote method 'get-media-tracks': Error: spawn ENOTDIR (app://lorapok/assets/index-CdSzAV6o.js:237)
[2026-08-17T19:45:38.934Z] [RENDERER] RENDERER_ERROR: Error invoking remote method 'get-media-tracks': Error: spawn ENOTDIR 
[2026-08-17T19:45:38.934Z] [RENDERER CONSOLE] L:3 Uncaught (in promise) Error: Error invoking remote method 'get-media-tracks': Error: spawn ENOTDIR (app://lorapok/index.html:0)
[2026-08-17T19:45:38.935Z] [RENDERER CONSOLE] L:3 LORAPOK_UI_ERROR: Error: Error invoking remote method 'get-video-duration': Error: spawn ENOTDIR (app://lorapok/assets/index-CdSzAV6o.js:237)
[2026-08-17T19:45:38.935Z] [RENDERER] RENDERER_ERROR: Error invoking remote method 'get-video-duration': Error: spawn ENOTDIR 
[2026-08-17T19:45:38.936Z] [RENDERER CONSOLE] L:3 Uncaught (in promise) Error: Error invoking remote method 'get-video-duration': Error: spawn ENOTDIR (app://lorapok/index.html:0)
[2026-08-17T19:45:39.225Z] [MEDIA DEBUG] Raw URL: media:///mnt/NewVolume/Personal_Projects/lorapok_player/test_media/sample.ogg
[2026-08-17T19:45:39.226Z] [PATH DECODE] Input: media:///mnt/NewVolume/Personal_Projects/lorapok_player/test_media/sample.ogg
[2026-08-17T19:45:39.251Z] [MEDIA DEBUG] Raw URL: media:///mnt/NewVolume/Personal_Projects/lorapok_player/test_media/sample.ogg
[2026-08-17T19:45:39.252Z] [PATH DECODE] Input: media:///mnt/NewVolume/Personal_Projects/lorapok_player/test_media/sample.ogg
[2026-08-17T19:45:46.108Z] --- LORAPOK STARTUP ---
[2026-08-17T19:45:46.226Z] ⚠️ FFmpeg binary not found at static path, checking system path...
[2026-08-17T19:45:46.228Z] ✅ FFprobe Initialized: /mnt/NewVolume/Personal_Projects/lorapok_player/lorapok-player/release/builds/linux/linux-unpacked/resources/app.asar/dist-electron/bin/linux/x64/ffprobe
[2026-08-17T19:45:46.241Z] Creating Window...
[2026-08-17T19:45:46.447Z] [APP PROTOCOL] Request: app://lorapok/index.html -> /mnt/NewVolume/Personal_Projects/lorapok_player/lorapok-player/release/builds/linux/linux-unpacked/resources/app.asar/dist/index.html
[2026-08-17T19:45:46.606Z] [APP PROTOCOL] Request: app://lorapok/assets/index-CdSzAV6o.js -> /mnt/NewVolume/Personal_Projects/lorapok_player/lorapok-player/release/builds/linux/linux-unpacked/resources/app.asar/dist/assets/index-CdSzAV6o.js
[2026-08-17T19:45:46.612Z] [APP PROTOCOL] Request: app://lorapok/assets/index-CcW-TewB.css -> /mnt/NewVolume/Personal_Projects/lorapok_player/lorapok-player/release/builds/linux/linux-unpacked/resources/app.asar/dist/assets/index-CcW-TewB.css
[2026-08-17T19:45:46.868Z] Renderer Finished Load
[2026-08-17T19:45:46.869Z] Window Ready to Show
[2026-08-17T19:45:46.928Z] [RENDERER] App Component Mounted
[2026-08-17T19:45:46.929Z] Renderer reported READY
[2026-08-17T19:45:46.957Z] [RENDERER CONSOLE] L:1 Received protocol/CLI URL: lorapok:///mnt/NewVolume/Personal_Projects/lorapok_player/test_media/sample_rmvb.rmvb (app://lorapok/assets/index-CdSzAV6o.js:237)
[2026-08-17T19:45:46.964Z] [PATH DECODE] Input: /mnt/NewVolume/Personal_Projects/lorapok_player/test_media/sample_rmvb.rmvb
[2026-08-17T19:45:46.979Z] [PATH DECODE] Input: /mnt/NewVolume/Personal_Projects/lorapok_player/test_media/sample_rmvb.rmvb
[2026-08-17T19:45:46.989Z] [RENDERER CONSOLE] L:3 LORAPOK_UI_ERROR: Error: Error invoking remote method 'get-media-tracks': Error: spawn ENOTDIR (app://lorapok/assets/index-CdSzAV6o.js:237)
[2026-08-17T19:45:46.990Z] [RENDERER] RENDERER_ERROR: Error invoking remote method 'get-media-tracks': Error: spawn ENOTDIR 
[2026-08-17T19:45:46.991Z] [RENDERER CONSOLE] L:3 Uncaught (in promise) Error: Error invoking remote method 'get-media-tracks': Error: spawn ENOTDIR (app://lorapok/index.html:0)
[2026-08-17T19:45:46.992Z] [RENDERER CONSOLE] L:3 LORAPOK_UI_ERROR: Error: Error invoking remote method 'get-video-duration': Error: spawn ENOTDIR (app://lorapok/assets/index-CdSzAV6o.js:237)
[2026-08-17T19:45:46.992Z] [RENDERER] RENDERER_ERROR: Error invoking remote method 'get-video-duration': Error: spawn ENOTDIR 
[2026-08-17T19:45:46.993Z] [RENDERER CONSOLE] L:3 Uncaught (in promise) Error: Error invoking remote method 'get-video-duration': Error: spawn ENOTDIR (app://lorapok/index.html:0)
[2026-08-17T19:45:47.271Z] [MEDIA DEBUG] Raw URL: media:///mnt/NewVolume/Personal_Projects/lorapok_player/test_media/sample_rmvb.rmvb
[2026-08-17T19:45:47.271Z] [PATH DECODE] Input: media:///mnt/NewVolume/Personal_Projects/lorapok_player/test_media/sample_rmvb.rmvb
[2026-08-17T19:45:47.272Z] 🧠 Universal Decode: .rmvb -> fMP4
[2026-08-17T19:45:47.279Z] FFmpeg Error: Cannot find ffmpeg
[2026-08-17T19:45:54.120Z] --- LORAPOK STARTUP ---
[2026-08-17T19:45:54.238Z] ⚠️ FFmpeg binary not found at static path, checking system path...
[2026-08-17T19:45:54.240Z] ✅ FFprobe Initialized: /mnt/NewVolume/Personal_Projects/lorapok_player/lorapok-player/release/builds/linux/linux-unpacked/resources/app.asar/dist-electron/bin/linux/x64/ffprobe
[2026-08-17T19:45:54.252Z] Creating Window...
[2026-08-17T19:45:54.442Z] [APP PROTOCOL] Request: app://lorapok/index.html -> /mnt/NewVolume/Personal_Projects/lorapok_player/lorapok-player/release/builds/linux/linux-unpacked/resources/app.asar/dist/index.html
[2026-08-17T19:45:54.596Z] [APP PROTOCOL] Request: app://lorapok/assets/index-CdSzAV6o.js -> /mnt/NewVolume/Personal_Projects/lorapok_player/lorapok-player/release/builds/linux/linux-unpacked/resources/app.asar/dist/assets/index-CdSzAV6o.js
[2026-08-17T19:45:54.602Z] [APP PROTOCOL] Request: app://lorapok/assets/index-CcW-TewB.css -> /mnt/NewVolume/Personal_Projects/lorapok_player/lorapok-player/release/builds/linux/linux-unpacked/resources/app.asar/dist/assets/index-CcW-TewB.css
[2026-08-17T19:45:54.849Z] Renderer Finished Load
[2026-08-17T19:45:54.850Z] Window Ready to Show
[2026-08-17T19:45:54.909Z] [RENDERER] App Component Mounted
[2026-08-17T19:45:54.910Z] Renderer reported READY
[2026-08-17T19:45:54.936Z] [RENDERER CONSOLE] L:1 Received protocol/CLI URL: lorapok:///mnt/NewVolume/Personal_Projects/lorapok_player/test_media/sample.webm (app://lorapok/assets/index-CdSzAV6o.js:237)
[2026-08-17T19:45:54.942Z] [PATH DECODE] Input: /mnt/NewVolume/Personal_Projects/lorapok_player/test_media/sample.webm
[2026-08-17T19:45:54.957Z] [PATH DECODE] Input: /mnt/NewVolume/Personal_Projects/lorapok_player/test_media/sample.webm
[2026-08-17T19:45:54.966Z] [RENDERER CONSOLE] L:3 LORAPOK_UI_ERROR: Error: Error invoking remote method 'get-media-tracks': Error: spawn ENOTDIR (app://lorapok/assets/index-CdSzAV6o.js:237)
[2026-08-17T19:45:54.966Z] [RENDERER] RENDERER_ERROR: Error invoking remote method 'get-media-tracks': Error: spawn ENOTDIR 
[2026-08-17T19:45:54.967Z] [RENDERER CONSOLE] L:3 Uncaught (in promise) Error: Error invoking remote method 'get-media-tracks': Error: spawn ENOTDIR (app://lorapok/index.html:0)
[2026-08-17T19:45:54.968Z] [RENDERER CONSOLE] L:3 LORAPOK_UI_ERROR: Error: Error invoking remote method 'get-video-duration': Error: spawn ENOTDIR (app://lorapok/assets/index-CdSzAV6o.js:237)
[2026-08-17T19:45:54.968Z] [RENDERER] RENDERER_ERROR: Error invoking remote method 'get-video-duration': Error: spawn ENOTDIR 
[2026-08-17T19:45:54.968Z] [RENDERER CONSOLE] L:3 Uncaught (in promise) Error: Error invoking remote method 'get-video-duration': Error: spawn ENOTDIR (app://lorapok/index.html:0)
[2026-08-17T19:45:55.263Z] [MEDIA DEBUG] Raw URL: media:///mnt/NewVolume/Personal_Projects/lorapok_player/test_media/sample.webm
[2026-08-17T19:45:55.264Z] [PATH DECODE] Input: media:///mnt/NewVolume/Personal_Projects/lorapok_player/test_media/sample.webm
[2026-08-17T19:46:02.584Z] --- LORAPOK STARTUP ---
[2026-08-17T19:46:02.730Z] ⚠️ FFmpeg binary not found at static path, checking system path...
[2026-08-17T19:46:02.733Z] ✅ FFprobe Initialized: /mnt/NewVolume/Personal_Projects/lorapok_player/lorapok-player/release/builds/linux/linux-unpacked/resources/app.asar/dist-electron/bin/linux/x64/ffprobe
[2026-08-17T19:46:02.751Z] Creating Window...
[2026-08-17T19:46:02.992Z] [APP PROTOCOL] Request: app://lorapok/index.html -> /mnt/NewVolume/Personal_Projects/lorapok_player/lorapok-player/release/builds/linux/linux-unpacked/resources/app.asar/dist/index.html
[2026-08-17T19:46:03.174Z] [APP PROTOCOL] Request: app://lorapok/assets/index-CdSzAV6o.js -> /mnt/NewVolume/Personal_Projects/lorapok_player/lorapok-player/release/builds/linux/linux-unpacked/resources/app.asar/dist/assets/index-CdSzAV6o.js
[2026-08-17T19:46:03.180Z] [APP PROTOCOL] Request: app://lorapok/assets/index-CcW-TewB.css -> /mnt/NewVolume/Personal_Projects/lorapok_player/lorapok-player/release/builds/linux/linux-unpacked/resources/app.asar/dist/assets/index-CcW-TewB.css
[2026-08-17T19:46:03.449Z] Renderer Finished Load
[2026-08-17T19:46:03.450Z] Window Ready to Show
[2026-08-17T19:46:03.509Z] [RENDERER] App Component Mounted
[2026-08-17T19:46:03.510Z] Renderer reported READY
[2026-08-17T19:46:03.539Z] [RENDERER CONSOLE] L:1 Received protocol/CLI URL: lorapok:///mnt/NewVolume/Personal_Projects/lorapok_player/test_media/sample.wmv (app://lorapok/assets/index-CdSzAV6o.js:237)
[2026-08-17T19:46:03.545Z] [PATH DECODE] Input: /mnt/NewVolume/Personal_Projects/lorapok_player/test_media/sample.wmv
[2026-08-17T19:46:03.565Z] [PATH DECODE] Input: /mnt/NewVolume/Personal_Projects/lorapok_player/test_media/sample.wmv
[2026-08-17T19:46:03.575Z] [RENDERER CONSOLE] L:3 LORAPOK_UI_ERROR: Error: Error invoking remote method 'get-media-tracks': Error: spawn ENOTDIR (app://lorapok/assets/index-CdSzAV6o.js:237)
[2026-08-17T19:46:03.576Z] [RENDERER] RENDERER_ERROR: Error invoking remote method 'get-media-tracks': Error: spawn ENOTDIR 
[2026-08-17T19:46:03.577Z] [RENDERER CONSOLE] L:3 Uncaught (in promise) Error: Error invoking remote method 'get-media-tracks': Error: spawn ENOTDIR (app://lorapok/index.html:0)
[2026-08-17T19:46:03.577Z] [RENDERER CONSOLE] L:3 LORAPOK_UI_ERROR: Error: Error invoking remote method 'get-video-duration': Error: spawn ENOTDIR (app://lorapok/assets/index-CdSzAV6o.js:237)
[2026-08-17T19:46:03.578Z] [RENDERER] RENDERER_ERROR: Error invoking remote method 'get-video-duration': Error: spawn ENOTDIR 
[2026-08-17T19:46:03.578Z] [RENDERER CONSOLE] L:3 Uncaught (in promise) Error: Error invoking remote method 'get-video-duration': Error: spawn ENOTDIR (app://lorapok/index.html:0)
[2026-08-17T19:46:03.870Z] [MEDIA DEBUG] Raw URL: media:///mnt/NewVolume/Personal_Projects/lorapok_player/test_media/sample.wmv
[2026-08-17T19:46:03.870Z] [PATH DECODE] Input: media:///mnt/NewVolume/Personal_Projects/lorapok_player/test_media/sample.wmv
[2026-08-17T19:46:03.871Z] 🧠 Universal Decode: .wmv -> fMP4
[2026-08-17T19:46:03.877Z] FFmpeg Error: Cannot find ffmpeg
[2026-08-17T19:46:12.354Z] --- LORAPOK STARTUP ---
[2026-08-17T19:46:12.550Z] ⚠️ FFmpeg binary not found at static path, checking system path...
[2026-08-17T19:46:12.553Z] ✅ FFprobe Initialized: /mnt/NewVolume/Personal_Projects/lorapok_player/lorapok-player/release/builds/linux/linux-unpacked/resources/app.asar/dist-electron/bin/linux/x64/ffprobe
[2026-08-17T19:46:12.574Z] Creating Window...
[2026-08-17T19:46:12.888Z] [APP PROTOCOL] Request: app://lorapok/index.html -> /mnt/NewVolume/Personal_Projects/lorapok_player/lorapok-player/release/builds/linux/linux-unpacked/resources/app.asar/dist/index.html
[2026-08-17T19:46:13.146Z] [APP PROTOCOL] Request: app://lorapok/assets/index-CdSzAV6o.js -> /mnt/NewVolume/Personal_Projects/lorapok_player/lorapok-player/release/builds/linux/linux-unpacked/resources/app.asar/dist/assets/index-CdSzAV6o.js
[2026-08-17T19:46:13.155Z] [APP PROTOCOL] Request: app://lorapok/assets/index-CcW-TewB.css -> /mnt/NewVolume/Personal_Projects/lorapok_player/lorapok-player/release/builds/linux/linux-unpacked/resources/app.asar/dist/assets/index-CcW-TewB.css
[2026-08-17T19:46:13.544Z] Renderer Finished Load
[2026-08-17T19:46:13.546Z] Window Ready to Show
[2026-08-17T19:46:13.639Z] [RENDERER] App Component Mounted
[2026-08-17T19:46:13.640Z] Renderer reported READY
[2026-08-17T19:46:25.340Z] --- LORAPOK STARTUP ---
[2026-08-17T19:46:25.440Z] ⚠️ FFmpeg binary not found at static path, checking system path...
[2026-08-17T19:46:25.441Z] ✅ FFprobe Initialized: /mnt/NewVolume/Personal_Projects/lorapok_player/lorapok-player/release/builds/linux/linux-unpacked/resources/app.asar/dist-electron/bin/linux/x64/ffprobe
[2026-08-17T19:46:25.456Z] Creating Window...
[2026-08-17T19:46:25.652Z] [APP PROTOCOL] Request: app://lorapok/index.html -> /mnt/NewVolume/Personal_Projects/lorapok_player/lorapok-player/release/builds/linux/linux-unpacked/resources/app.asar/dist/index.html
[2026-08-17T19:46:25.779Z] [APP PROTOCOL] Request: app://lorapok/assets/index-CdSzAV6o.js -> /mnt/NewVolume/Personal_Projects/lorapok_player/lorapok-player/release/builds/linux/linux-unpacked/resources/app.asar/dist/assets/index-CdSzAV6o.js
[2026-08-17T19:46:25.784Z] [APP PROTOCOL] Request: app://lorapok/assets/index-CcW-TewB.css -> /mnt/NewVolume/Personal_Projects/lorapok_player/lorapok-player/release/builds/linux/linux-unpacked/resources/app.asar/dist/assets/index-CcW-TewB.css
[2026-08-17T19:46:25.974Z] Renderer Finished Load
[2026-08-17T19:46:25.975Z] Window Ready to Show
[2026-08-17T19:46:26.029Z] [RENDERER] App Component Mounted
[2026-08-17T19:46:26.030Z] Renderer reported READY
[2026-08-17T19:46:36.551Z] --- LORAPOK STARTUP ---
[2026-08-17T19:46:36.675Z] ⚠️ FFmpeg binary not found at static path, checking system path...
[2026-08-17T19:46:36.677Z] ✅ FFprobe Initialized: /mnt/NewVolume/Personal_Projects/lorapok_player/lorapok-player/release/builds/linux/linux-unpacked/resources/app.asar/dist-electron/bin/linux/x64/ffprobe
[2026-08-17T19:46:36.690Z] Creating Window...
[2026-08-17T19:46:36.893Z] [APP PROTOCOL] Request: app://lorapok/index.html -> /mnt/NewVolume/Personal_Projects/lorapok_player/lorapok-player/release/builds/linux/linux-unpacked/resources/app.asar/dist/index.html
[2026-08-17T19:46:37.027Z] [APP PROTOCOL] Request: app://lorapok/assets/index-CdSzAV6o.js -> /mnt/NewVolume/Personal_Projects/lorapok_player/lorapok-player/release/builds/linux/linux-unpacked/resources/app.asar/dist/assets/index-CdSzAV6o.js
[2026-08-17T19:46:37.033Z] [APP PROTOCOL] Request: app://lorapok/assets/index-CcW-TewB.css -> /mnt/NewVolume/Personal_Projects/lorapok_player/lorapok-player/release/builds/linux/linux-unpacked/resources/app.asar/dist/assets/index-CcW-TewB.css
[2026-08-17T19:46:37.221Z] Window Ready to Show
[2026-08-17T19:46:37.222Z] Renderer Finished Load
[2026-08-17T19:46:37.272Z] [RENDERER] App Component Mounted
[2026-08-17T19:46:37.273Z] Renderer reported READY
[2026-08-17T19:46:47.847Z] --- LORAPOK STARTUP ---
[2026-08-17T19:46:47.947Z] ⚠️ FFmpeg binary not found at static path, checking system path...
[2026-08-17T19:46:47.949Z] ✅ FFprobe Initialized: /mnt/NewVolume/Personal_Projects/lorapok_player/lorapok-player/release/builds/linux/linux-unpacked/resources/app.asar/dist-electron/bin/linux/x64/ffprobe
[2026-08-17T19:46:47.962Z] Creating Window...
[2026-08-17T19:46:48.150Z] [APP PROTOCOL] Request: app://lorapok/index.html -> /mnt/NewVolume/Personal_Projects/lorapok_player/lorapok-player/release/builds/linux/linux-unpacked/resources/app.asar/dist/index.html
[2026-08-17T19:46:48.275Z] [APP PROTOCOL] Request: app://lorapok/assets/index-CdSzAV6o.js -> /mnt/NewVolume/Personal_Projects/lorapok_player/lorapok-player/release/builds/linux/linux-unpacked/resources/app.asar/dist/assets/index-CdSzAV6o.js
[2026-08-17T19:46:48.280Z] [APP PROTOCOL] Request: app://lorapok/assets/index-CcW-TewB.css -> /mnt/NewVolume/Personal_Projects/lorapok_player/lorapok-player/release/builds/linux/linux-unpacked/resources/app.asar/dist/assets/index-CcW-TewB.css
[2026-08-17T19:46:48.479Z] Renderer Finished Load
[2026-08-17T19:46:48.480Z] Window Ready to Show
[2026-08-17T19:46:48.529Z] [RENDERER] App Component Mounted
[2026-08-17T19:46:48.530Z] Renderer reported READY
[2026-08-17T19:47:03.642Z] --- LORAPOK STARTUP ---
[2026-08-17T19:47:03.750Z] ⚠️ FFmpeg binary not found at static path, checking system path...
[2026-08-17T19:47:03.752Z] ✅ FFprobe Initialized: /mnt/NewVolume/Personal_Projects/lorapok_player/lorapok-player/release/builds/linux/linux-unpacked/resources/app.asar/dist-electron/bin/linux/x64/ffprobe
[2026-08-17T19:47:03.765Z] Creating Window...
[2026-08-17T19:47:03.948Z] [APP PROTOCOL] Request: app://lorapok/index.html -> /mnt/NewVolume/Personal_Projects/lorapok_player/lorapok-player/release/builds/linux/linux-unpacked/resources/app.asar/dist/index.html
[2026-08-17T19:47:04.078Z] [APP PROTOCOL] Request: app://lorapok/assets/index-CdSzAV6o.js -> /mnt/NewVolume/Personal_Projects/lorapok_player/lorapok-player/release/builds/linux/linux-unpacked/resources/app.asar/dist/assets/index-CdSzAV6o.js
[2026-08-17T19:47:04.084Z] [APP PROTOCOL] Request: app://lorapok/assets/index-CcW-TewB.css -> /mnt/NewVolume/Personal_Projects/lorapok_player/lorapok-player/release/builds/linux/linux-unpacked/resources/app.asar/dist/assets/index-CcW-TewB.css
[2026-08-17T19:47:04.288Z] Renderer Finished Load
[2026-08-17T19:47:04.289Z] Window Ready to Show
[2026-08-17T19:47:04.338Z] [RENDERER] App Component Mounted
[2026-08-17T19:47:04.338Z] Renderer reported READY
[2026-08-17T19:47:14.863Z] --- LORAPOK STARTUP ---
[2026-08-17T19:47:14.982Z] ⚠️ FFmpeg binary not found at static path, checking system path...
[2026-08-17T19:47:14.985Z] ✅ FFprobe Initialized: /mnt/NewVolume/Personal_Projects/lorapok_player/lorapok-player/release/builds/linux/linux-unpacked/resources/app.asar/dist-electron/bin/linux/x64/ffprobe
[2026-08-17T19:47:15.014Z] Creating Window...
[2026-08-17T19:47:15.295Z] [APP PROTOCOL] Request: app://lorapok/index.html -> /mnt/NewVolume/Personal_Projects/lorapok_player/lorapok-player/release/builds/linux/linux-unpacked/resources/app.asar/dist/index.html
[2026-08-17T19:47:15.488Z] [APP PROTOCOL] Request: app://lorapok/assets/index-CdSzAV6o.js -> /mnt/NewVolume/Personal_Projects/lorapok_player/lorapok-player/release/builds/linux/linux-unpacked/resources/app.asar/dist/assets/index-CdSzAV6o.js
[2026-08-17T19:47:15.494Z] [APP PROTOCOL] Request: app://lorapok/assets/index-CcW-TewB.css -> /mnt/NewVolume/Personal_Projects/lorapok_player/lorapok-player/release/builds/linux/linux-unpacked/resources/app.asar/dist/assets/index-CcW-TewB.css
[2026-08-17T19:47:15.777Z] Renderer Finished Load
[2026-08-17T19:47:15.778Z] Window Ready to Show
[2026-08-17T19:47:15.843Z] [RENDERER] App Component Mounted
[2026-08-17T19:47:15.844Z] Renderer reported READY
[2026-08-17T19:47:26.786Z] --- LORAPOK STARTUP ---
[2026-08-17T19:47:26.894Z] ⚠️ FFmpeg binary not found at static path, checking system path...
[2026-08-17T19:47:26.896Z] ✅ FFprobe Initialized: /mnt/NewVolume/Personal_Projects/lorapok_player/lorapok-player/release/builds/linux/linux-unpacked/resources/app.asar/dist-electron/bin/linux/x64/ffprobe
[2026-08-17T19:47:26.908Z] Creating Window...
[2026-08-17T19:47:27.122Z] [APP PROTOCOL] Request: app://lorapok/index.html -> /mnt/NewVolume/Personal_Projects/lorapok_player/lorapok-player/release/builds/linux/linux-unpacked/resources/app.asar/dist/index.html
[2026-08-17T19:47:27.284Z] [APP PROTOCOL] Request: app://lorapok/assets/index-CdSzAV6o.js -> /mnt/NewVolume/Personal_Projects/lorapok_player/lorapok-player/release/builds/linux/linux-unpacked/resources/app.asar/dist/assets/index-CdSzAV6o.js
[2026-08-17T19:47:27.290Z] [APP PROTOCOL] Request: app://lorapok/assets/index-CcW-TewB.css -> /mnt/NewVolume/Personal_Projects/lorapok_player/lorapok-player/release/builds/linux/linux-unpacked/resources/app.asar/dist/assets/index-CcW-TewB.css
[2026-08-17T19:47:27.547Z] Renderer Finished Load
[2026-08-17T19:47:27.548Z] Window Ready to Show
[2026-08-17T19:47:27.610Z] [RENDERER] App Component Mounted
[2026-08-17T19:47:27.611Z] Renderer reported READY
[2026-08-17T19:47:37.683Z] --- LORAPOK STARTUP ---
[2026-08-17T19:47:37.788Z] ⚠️ FFmpeg binary not found at static path, checking system path...
[2026-08-17T19:47:37.789Z] ✅ FFprobe Initialized: /mnt/NewVolume/Personal_Projects/lorapok_player/lorapok-player/release/builds/linux/linux-unpacked/resources/app.asar/dist-electron/bin/linux/x64/ffprobe
[2026-08-17T19:47:37.802Z] Creating Window...
[2026-08-17T19:47:38.014Z] [APP PROTOCOL] Request: app://lorapok/index.html -> /mnt/NewVolume/Personal_Projects/lorapok_player/lorapok-player/release/builds/linux/linux-unpacked/resources/app.asar/dist/index.html
[2026-08-17T19:47:38.181Z] [APP PROTOCOL] Request: app://lorapok/assets/index-CdSzAV6o.js -> /mnt/NewVolume/Personal_Projects/lorapok_player/lorapok-player/release/builds/linux/linux-unpacked/resources/app.asar/dist/assets/index-CdSzAV6o.js
[2026-08-17T19:47:38.187Z] [APP PROTOCOL] Request: app://lorapok/assets/index-CcW-TewB.css -> /mnt/NewVolume/Personal_Projects/lorapok_player/lorapok-player/release/builds/linux/linux-unpacked/resources/app.asar/dist/assets/index-CcW-TewB.css
[2026-08-17T19:47:38.450Z] Renderer Finished Load
[2026-08-17T19:47:38.451Z] Window Ready to Show
[2026-08-17T19:47:38.512Z] [RENDERER] App Component Mounted
[2026-08-17T19:47:38.512Z] Renderer reported READY
[2026-08-17T19:48:32.541Z] --- LORAPOK STARTUP ---
[2026-08-17T19:48:32.686Z] ⚠️ FFmpeg binary not found at static path, checking system path...
[2026-08-17T19:48:32.688Z] ✅ FFprobe Initialized: /mnt/NewVolume/Personal_Projects/lorapok_player/lorapok-player/release/builds/linux/linux-unpacked/resources/app.asar/dist-electron/bin/linux/x64/ffprobe
[2026-08-17T19:48:32.706Z] Creating Window...
[2026-08-17T19:48:32.920Z] [APP PROTOCOL] Request: app://lorapok/index.html -> /mnt/NewVolume/Personal_Projects/lorapok_player/lorapok-player/release/builds/linux/linux-unpacked/resources/app.asar/dist/index.html
[2026-08-17T19:48:33.091Z] [APP PROTOCOL] Request: app://lorapok/assets/index-CdSzAV6o.js -> /mnt/NewVolume/Personal_Projects/lorapok_player/lorapok-player/release/builds/linux/linux-unpacked/resources/app.asar/dist/assets/index-CdSzAV6o.js
[2026-08-17T19:48:33.097Z] [APP PROTOCOL] Request: app://lorapok/assets/index-CcW-TewB.css -> /mnt/NewVolume/Personal_Projects/lorapok_player/lorapok-player/release/builds/linux/linux-unpacked/resources/app.asar/dist/assets/index-CcW-TewB.css
[2026-08-17T19:48:33.342Z] Renderer Finished Load
[2026-08-17T19:48:33.342Z] Window Ready to Show
[2026-08-17T19:48:33.404Z] [RENDERER] App Component Mounted
[2026-08-17T19:48:33.405Z] Renderer reported READY
[2026-08-17T19:48:33.439Z] [RENDERER CONSOLE] L:1 Received protocol/CLI URL: lorapok://test-protocol-launch (app://lorapok/assets/index-CdSzAV6o.js:237)
[2026-08-17T19:48:33.446Z] [PATH DECODE] Input: test-protocol-launch
[2026-08-17T19:48:33.465Z] [PATH DECODE] Input: test-protocol-launch
[2026-08-17T19:48:33.476Z] [RENDERER CONSOLE] L:3 LORAPOK_UI_ERROR: Error: Error invoking remote method 'get-media-tracks': Error: spawn ENOTDIR (app://lorapok/assets/index-CdSzAV6o.js:237)
[2026-08-17T19:48:33.477Z] [RENDERER] RENDERER_ERROR: Error invoking remote method 'get-media-tracks': Error: spawn ENOTDIR 
[2026-08-17T19:48:33.478Z] [RENDERER CONSOLE] L:3 Uncaught (in promise) Error: Error invoking remote method 'get-media-tracks': Error: spawn ENOTDIR (app://lorapok/index.html:0)
[2026-08-17T19:48:33.480Z] [RENDERER CONSOLE] L:3 LORAPOK_UI_ERROR: Error: Error invoking remote method 'get-video-duration': Error: spawn ENOTDIR (app://lorapok/assets/index-CdSzAV6o.js:237)
[2026-08-17T19:48:33.481Z] [RENDERER] RENDERER_ERROR: Error invoking remote method 'get-video-duration': Error: spawn ENOTDIR 
[2026-08-17T19:48:33.482Z] [RENDERER CONSOLE] L:3 Uncaught (in promise) Error: Error invoking remote method 'get-video-duration': Error: spawn ENOTDIR (app://lorapok/index.html:0)
[2026-08-17T19:48:33.716Z] [MEDIA DEBUG] Raw URL: media://test-protocol-launch
[2026-08-17T19:48:33.717Z] [PATH DECODE] Input: media://test-protocol-launch
[2026-08-17T19:48:33.717Z] Media Protocol Error: Error: ENOENT: no such file or directory, stat '/test-protocol-launch'
[2026-08-17T19:48:33.733Z] [RENDERER CONSOLE] L:1 ⚠️ Native playback failed. Switching to Neural Decode... (app://lorapok/assets/index-CdSzAV6o.js:237)
[2026-08-17T19:48:33.738Z] [PATH DECODE] Input: test-protocol-launch?transcode=true
[2026-08-17T19:48:33.746Z] [MEDIA DEBUG] Raw URL: media://test-protocol-launch?transcode=true
[2026-08-17T19:48:33.746Z] [PATH DECODE] Input: media://test-protocol-launch?transcode=true
[2026-08-17T19:48:33.746Z] Media Protocol Error: Error: ENOENT: no such file or directory, stat '/test-protocol-launch'
[2026-08-17T19:48:33.750Z] [RENDERER CONSOLE] L:3 LORAPOK_UI_ERROR: Error: Error invoking remote method 'get-video-duration': Error: spawn ENOTDIR (app://lorapok/assets/index-CdSzAV6o.js:237)
[2026-08-17T19:48:33.750Z] [RENDERER] RENDERER_ERROR: Error invoking remote method 'get-video-duration': Error: spawn ENOTDIR 
[2026-08-17T19:48:33.751Z] [RENDERER CONSOLE] L:3 Uncaught (in promise) Error: Error invoking remote method 'get-video-duration': Error: spawn ENOTDIR (app://lorapok/index.html:0)
[2026-08-17T19:48:33.752Z] [RENDERER CONSOLE] L:3 Video Error: The video could not be loaded, either because the server or network failed or because the format is not supported. [object MediaError] (app://lorapok/assets/index-CdSzAV6o.js:237)
[2026-08-17T19:48:38.073Z] --- LORAPOK STARTUP ---
[2026-08-17T19:48:38.311Z] ⚠️ FFmpeg binary not found at static path, checking system path...
[2026-08-17T19:48:38.315Z] ✅ FFprobe Initialized: /mnt/NewVolume/Personal_Projects/lorapok_player/lorapok-player/release/builds/linux/linux-unpacked/resources/app.asar/dist-electron/bin/linux/x64/ffprobe
[2026-08-17T19:48:38.341Z] Creating Window...
[2026-08-17T19:48:38.762Z] [APP PROTOCOL] Request: app://lorapok/index.html -> /mnt/NewVolume/Personal_Projects/lorapok_player/lorapok-player/release/builds/linux/linux-unpacked/resources/app.asar/dist/index.html
[2026-08-17T19:48:39.092Z] [APP PROTOCOL] Request: app://lorapok/assets/index-CdSzAV6o.js -> /mnt/NewVolume/Personal_Projects/lorapok_player/lorapok-player/release/builds/linux/linux-unpacked/resources/app.asar/dist/assets/index-CdSzAV6o.js
[2026-08-17T19:48:39.103Z] [APP PROTOCOL] Request: app://lorapok/assets/index-CcW-TewB.css -> /mnt/NewVolume/Personal_Projects/lorapok_player/lorapok-player/release/builds/linux/linux-unpacked/resources/app.asar/dist/assets/index-CcW-TewB.css
[2026-08-17T19:48:39.595Z] Renderer Finished Load
[2026-08-17T19:48:39.596Z] Window Ready to Show
[2026-08-17T19:48:39.717Z] [RENDERER] App Component Mounted
[2026-08-17T19:48:39.718Z] Renderer reported READY
[2026-08-17T19:48:39.786Z] [RENDERER CONSOLE] L:1 Received protocol/CLI URL: lorapok:///mnt/NewVolume/Personal_Projects/lorapok_player/test_media/long_sample.mp4 (app://lorapok/assets/index-CdSzAV6o.js:237)
[2026-08-17T19:48:39.802Z] [PATH DECODE] Input: /mnt/NewVolume/Personal_Projects/lorapok_player/test_media/long_sample.mp4
[2026-08-17T19:48:39.833Z] [PATH DECODE] Input: /mnt/NewVolume/Personal_Projects/lorapok_player/test_media/long_sample.mp4
[2026-08-17T19:48:39.848Z] [RENDERER CONSOLE] L:3 LORAPOK_UI_ERROR: Error: Error invoking remote method 'get-media-tracks': Error: spawn ENOTDIR (app://lorapok/assets/index-CdSzAV6o.js:237)
[2026-08-17T19:48:39.850Z] [RENDERER] RENDERER_ERROR: Error invoking remote method 'get-media-tracks': Error: spawn ENOTDIR 
[2026-08-17T19:48:39.851Z] [RENDERER CONSOLE] L:3 Uncaught (in promise) Error: Error invoking remote method 'get-media-tracks': Error: spawn ENOTDIR (app://lorapok/index.html:0)
[2026-08-17T19:48:39.852Z] [RENDERER CONSOLE] L:3 LORAPOK_UI_ERROR: Error: Error invoking remote method 'get-video-duration': Error: spawn ENOTDIR (app://lorapok/assets/index-CdSzAV6o.js:237)
[2026-08-17T19:48:39.853Z] [RENDERER] RENDERER_ERROR: Error invoking remote method 'get-video-duration': Error: spawn ENOTDIR 
[2026-08-17T19:48:39.854Z] [RENDERER CONSOLE] L:3 Uncaught (in promise) Error: Error invoking remote method 'get-video-duration': Error: spawn ENOTDIR (app://lorapok/index.html:0)
[2026-08-17T19:48:40.076Z] [MEDIA DEBUG] Raw URL: media:///mnt/NewVolume/Personal_Projects/lorapok_player/test_media/long_sample.mp4
[2026-08-17T19:48:40.076Z] [PATH DECODE] Input: media:///mnt/NewVolume/Personal_Projects/lorapok_player/test_media/long_sample.mp4
[2026-08-17T19:48:40.090Z] Deep Probe Error: Error: spawn ENOTDIR
[2026-08-17T19:48:40.090Z] 🧠 Universal Decode: .mp4 -> fMP4
[2026-08-17T19:48:40.104Z] FFmpeg Error: Cannot find ffmpeg
[2026-08-17T19:48:45.989Z] --- LORAPOK STARTUP ---
[2026-08-17T19:48:46.220Z] ⚠️ FFmpeg binary not found at static path, checking system path...
[2026-08-17T19:48:46.224Z] ✅ FFprobe Initialized: /mnt/NewVolume/Personal_Projects/lorapok_player/lorapok-player/release/builds/linux/linux-unpacked/resources/app.asar/dist-electron/bin/linux/x64/ffprobe
[2026-08-17T19:48:46.248Z] Creating Window...
[2026-08-17T19:48:46.652Z] [APP PROTOCOL] Request: app://lorapok/index.html -> /mnt/NewVolume/Personal_Projects/lorapok_player/lorapok-player/release/builds/linux/linux-unpacked/resources/app.asar/dist/index.html
[2026-08-17T19:48:46.978Z] [APP PROTOCOL] Request: app://lorapok/assets/index-CdSzAV6o.js -> /mnt/NewVolume/Personal_Projects/lorapok_player/lorapok-player/release/builds/linux/linux-unpacked/resources/app.asar/dist/assets/index-CdSzAV6o.js
[2026-08-17T19:48:46.989Z] [APP PROTOCOL] Request: app://lorapok/assets/index-CcW-TewB.css -> /mnt/NewVolume/Personal_Projects/lorapok_player/lorapok-player/release/builds/linux/linux-unpacked/resources/app.asar/dist/assets/index-CcW-TewB.css
[2026-08-17T19:48:47.441Z] Renderer Finished Load
[2026-08-17T19:48:47.443Z] Window Ready to Show
[2026-08-17T19:48:47.550Z] [RENDERER] App Component Mounted
[2026-08-17T19:48:47.552Z] Renderer reported READY
[2026-08-17T19:48:47.614Z] [RENDERER CONSOLE] L:1 Received protocol/CLI URL: lorapok:///mnt/NewVolume/Personal_Projects/lorapok_player/test_media/PXL_20240713_091018599.mp4 (app://lorapok/assets/index-CdSzAV6o.js:237)
[2026-08-17T19:48:47.629Z] [PATH DECODE] Input: /mnt/NewVolume/Personal_Projects/lorapok_player/test_media/PXL_20240713_091018599.mp4
[2026-08-17T19:48:47.657Z] [PATH DECODE] Input: /mnt/NewVolume/Personal_Projects/lorapok_player/test_media/PXL_20240713_091018599.mp4
[2026-08-17T19:48:47.671Z] [RENDERER CONSOLE] L:3 LORAPOK_UI_ERROR: Error: Error invoking remote method 'get-media-tracks': Error: spawn ENOTDIR (app://lorapok/assets/index-CdSzAV6o.js:237)
[2026-08-17T19:48:47.672Z] [RENDERER] RENDERER_ERROR: Error invoking remote method 'get-media-tracks': Error: spawn ENOTDIR 
[2026-08-17T19:48:47.672Z] [RENDERER CONSOLE] L:3 Uncaught (in promise) Error: Error invoking remote method 'get-media-tracks': Error: spawn ENOTDIR (app://lorapok/index.html:0)
[2026-08-17T19:48:47.674Z] [RENDERER CONSOLE] L:3 LORAPOK_UI_ERROR: Error: Error invoking remote method 'get-video-duration': Error: spawn ENOTDIR (app://lorapok/assets/index-CdSzAV6o.js:237)
[2026-08-17T19:48:47.674Z] [RENDERER] RENDERER_ERROR: Error invoking remote method 'get-video-duration': Error: spawn ENOTDIR 
[2026-08-17T19:48:47.675Z] [RENDERER CONSOLE] L:3 Uncaught (in promise) Error: Error invoking remote method 'get-video-duration': Error: spawn ENOTDIR (app://lorapok/index.html:0)
[2026-08-17T19:48:47.900Z] [MEDIA DEBUG] Raw URL: media:///mnt/NewVolume/Personal_Projects/lorapok_player/test_media/PXL_20240713_091018599.mp4
[2026-08-17T19:48:47.900Z] [PATH DECODE] Input: media:///mnt/NewVolume/Personal_Projects/lorapok_player/test_media/PXL_20240713_091018599.mp4
[2026-08-17T19:48:47.912Z] Deep Probe Error: Error: spawn ENOTDIR
[2026-08-17T19:48:47.912Z] 🧠 Universal Decode: .mp4 -> fMP4
[2026-08-17T19:48:47.926Z] FFmpeg Error: Cannot find ffmpeg
[2026-08-17T19:48:54.232Z] --- LORAPOK STARTUP ---
[2026-08-17T19:48:54.420Z] ⚠️ FFmpeg binary not found at static path, checking system path...
[2026-08-17T19:48:54.424Z] ✅ FFprobe Initialized: /mnt/NewVolume/Personal_Projects/lorapok_player/lorapok-player/release/builds/linux/linux-unpacked/resources/app.asar/dist-electron/bin/linux/x64/ffprobe
[2026-08-17T19:48:54.442Z] Creating Window...
[2026-08-17T19:48:54.734Z] [APP PROTOCOL] Request: app://lorapok/index.html -> /mnt/NewVolume/Personal_Projects/lorapok_player/lorapok-player/release/builds/linux/linux-unpacked/resources/app.asar/dist/index.html
[2026-08-17T19:48:54.960Z] [APP PROTOCOL] Request: app://lorapok/assets/index-CdSzAV6o.js -> /mnt/NewVolume/Personal_Projects/lorapok_player/lorapok-player/release/builds/linux/linux-unpacked/resources/app.asar/dist/assets/index-CdSzAV6o.js
[2026-08-17T19:48:54.967Z] [APP PROTOCOL] Request: app://lorapok/assets/index-CcW-TewB.css -> /mnt/NewVolume/Personal_Projects/lorapok_player/lorapok-player/release/builds/linux/linux-unpacked/resources/app.asar/dist/assets/index-CcW-TewB.css
[2026-08-17T19:48:55.276Z] Renderer Finished Load
[2026-08-17T19:48:55.277Z] Window Ready to Show
[2026-08-17T19:48:55.344Z] [RENDERER] App Component Mounted
[2026-08-17T19:48:55.345Z] Renderer reported READY
[2026-08-17T19:48:55.380Z] [RENDERER CONSOLE] L:1 Received protocol/CLI URL: lorapok:///mnt/NewVolume/Personal_Projects/lorapok_player/test_media/PXL_20240713_095454016.mp4 (app://lorapok/assets/index-CdSzAV6o.js:237)
[2026-08-17T19:48:55.388Z] [PATH DECODE] Input: /mnt/NewVolume/Personal_Projects/lorapok_player/test_media/PXL_20240713_095454016.mp4
[2026-08-17T19:48:55.410Z] [PATH DECODE] Input: /mnt/NewVolume/Personal_Projects/lorapok_player/test_media/PXL_20240713_095454016.mp4
[2026-08-17T19:48:55.422Z] [RENDERER CONSOLE] L:3 LORAPOK_UI_ERROR: Error: Error invoking remote method 'get-media-tracks': Error: spawn ENOTDIR (app://lorapok/assets/index-CdSzAV6o.js:237)
[2026-08-17T19:48:55.423Z] [RENDERER] RENDERER_ERROR: Error invoking remote method 'get-media-tracks': Error: spawn ENOTDIR 
[2026-08-17T19:48:55.424Z] [RENDERER CONSOLE] L:3 Uncaught (in promise) Error: Error invoking remote method 'get-media-tracks': Error: spawn ENOTDIR (app://lorapok/index.html:0)
[2026-08-17T19:48:55.425Z] [RENDERER CONSOLE] L:3 LORAPOK_UI_ERROR: Error: Error invoking remote method 'get-video-duration': Error: spawn ENOTDIR (app://lorapok/assets/index-CdSzAV6o.js:237)
[2026-08-17T19:48:55.426Z] [RENDERER] RENDERER_ERROR: Error invoking remote method 'get-video-duration': Error: spawn ENOTDIR 
[2026-08-17T19:48:55.426Z] [RENDERER CONSOLE] L:3 Uncaught (in promise) Error: Error invoking remote method 'get-video-duration': Error: spawn ENOTDIR (app://lorapok/index.html:0)
[2026-08-17T19:48:55.654Z] [MEDIA DEBUG] Raw URL: media:///mnt/NewVolume/Personal_Projects/lorapok_player/test_media/PXL_20240713_095454016.mp4
[2026-08-17T19:48:55.655Z] [PATH DECODE] Input: media:///mnt/NewVolume/Personal_Projects/lorapok_player/test_media/PXL_20240713_095454016.mp4
[2026-08-17T19:48:55.663Z] Deep Probe Error: Error: spawn ENOTDIR
[2026-08-17T19:48:55.663Z] 🧠 Universal Decode: .mp4 -> fMP4
[2026-08-17T19:48:55.672Z] FFmpeg Error: Cannot find ffmpeg
[2026-08-17T19:49:01.648Z] --- LORAPOK STARTUP ---
[2026-08-17T19:49:01.765Z] ⚠️ FFmpeg binary not found at static path, checking system path...
[2026-08-17T19:49:01.767Z] ✅ FFprobe Initialized: /mnt/NewVolume/Personal_Projects/lorapok_player/lorapok-player/release/builds/linux/linux-unpacked/resources/app.asar/dist-electron/bin/linux/x64/ffprobe
[2026-08-17T19:49:01.780Z] Creating Window...
[2026-08-17T19:49:01.960Z] [APP PROTOCOL] Request: app://lorapok/index.html -> /mnt/NewVolume/Personal_Projects/lorapok_player/lorapok-player/release/builds/linux/linux-unpacked/resources/app.asar/dist/index.html
[2026-08-17T19:49:02.091Z] [APP PROTOCOL] Request: app://lorapok/assets/index-CdSzAV6o.js -> /mnt/NewVolume/Personal_Projects/lorapok_player/lorapok-player/release/builds/linux/linux-unpacked/resources/app.asar/dist/assets/index-CdSzAV6o.js
[2026-08-17T19:49:02.097Z] [APP PROTOCOL] Request: app://lorapok/assets/index-CcW-TewB.css -> /mnt/NewVolume/Personal_Projects/lorapok_player/lorapok-player/release/builds/linux/linux-unpacked/resources/app.asar/dist/assets/index-CcW-TewB.css
[2026-08-17T19:49:02.295Z] Renderer Finished Load
[2026-08-17T19:49:02.296Z] Window Ready to Show
[2026-08-17T19:49:02.345Z] [RENDERER] App Component Mounted
[2026-08-17T19:49:02.346Z] Renderer reported READY
[2026-08-17T19:49:02.373Z] [RENDERER CONSOLE] L:1 Received protocol/CLI URL: lorapok:///mnt/NewVolume/Personal_Projects/lorapok_player/test_media/sample_1080p.mp4 (app://lorapok/assets/index-CdSzAV6o.js:237)
[2026-08-17T19:49:02.379Z] [PATH DECODE] Input: /mnt/NewVolume/Personal_Projects/lorapok_player/test_media/sample_1080p.mp4
[2026-08-17T19:49:02.392Z] [PATH DECODE] Input: /mnt/NewVolume/Personal_Projects/lorapok_player/test_media/sample_1080p.mp4
[2026-08-17T19:49:02.400Z] [RENDERER CONSOLE] L:3 LORAPOK_UI_ERROR: Error: Error invoking remote method 'get-media-tracks': Error: spawn ENOTDIR (app://lorapok/assets/index-CdSzAV6o.js:237)
[2026-08-17T19:49:02.401Z] [RENDERER] RENDERER_ERROR: Error invoking remote method 'get-media-tracks': Error: spawn ENOTDIR 
[2026-08-17T19:49:02.401Z] [RENDERER CONSOLE] L:3 Uncaught (in promise) Error: Error invoking remote method 'get-media-tracks': Error: spawn ENOTDIR (app://lorapok/index.html:0)
[2026-08-17T19:49:02.402Z] [RENDERER CONSOLE] L:3 LORAPOK_UI_ERROR: Error: Error invoking remote method 'get-video-duration': Error: spawn ENOTDIR (app://lorapok/assets/index-CdSzAV6o.js:237)
[2026-08-17T19:49:02.402Z] [RENDERER] RENDERER_ERROR: Error invoking remote method 'get-video-duration': Error: spawn ENOTDIR 
[2026-08-17T19:49:02.403Z] [RENDERER CONSOLE] L:3 Uncaught (in promise) Error: Error invoking remote method 'get-video-duration': Error: spawn ENOTDIR (app://lorapok/index.html:0)
[2026-08-17T19:49:02.651Z] [MEDIA DEBUG] Raw URL: media:///mnt/NewVolume/Personal_Projects/lorapok_player/test_media/sample_1080p.mp4
[2026-08-17T19:49:02.652Z] [PATH DECODE] Input: media:///mnt/NewVolume/Personal_Projects/lorapok_player/test_media/sample_1080p.mp4
[2026-08-17T19:49:02.659Z] Deep Probe Error: Error: spawn ENOTDIR
[2026-08-17T19:49:02.660Z] 🧠 Universal Decode: .mp4 -> fMP4
[2026-08-17T19:49:02.668Z] FFmpeg Error: Cannot find ffmpeg
[2026-08-17T19:49:09.674Z] --- LORAPOK STARTUP ---
[2026-08-17T19:49:09.775Z] ⚠️ FFmpeg binary not found at static path, checking system path...
[2026-08-17T19:49:09.777Z] ✅ FFprobe Initialized: /mnt/NewVolume/Personal_Projects/lorapok_player/lorapok-player/release/builds/linux/linux-unpacked/resources/app.asar/dist-electron/bin/linux/x64/ffprobe
[2026-08-17T19:49:09.790Z] Creating Window...
[2026-08-17T19:49:09.970Z] [APP PROTOCOL] Request: app://lorapok/index.html -> /mnt/NewVolume/Personal_Projects/lorapok_player/lorapok-player/release/builds/linux/linux-unpacked/resources/app.asar/dist/index.html
[2026-08-17T19:49:10.097Z] [APP PROTOCOL] Request: app://lorapok/assets/index-CdSzAV6o.js -> /mnt/NewVolume/Personal_Projects/lorapok_player/lorapok-player/release/builds/linux/linux-unpacked/resources/app.asar/dist/assets/index-CdSzAV6o.js
[2026-08-17T19:49:10.102Z] [APP PROTOCOL] Request: app://lorapok/assets/index-CcW-TewB.css -> /mnt/NewVolume/Personal_Projects/lorapok_player/lorapok-player/release/builds/linux/linux-unpacked/resources/app.asar/dist/assets/index-CcW-TewB.css
[2026-08-17T19:49:10.296Z] Renderer Finished Load
[2026-08-17T19:49:10.297Z] Window Ready to Show
[2026-08-17T19:49:10.346Z] [RENDERER] App Component Mounted
[2026-08-17T19:49:10.347Z] Renderer reported READY
[2026-08-17T19:49:10.374Z] [RENDERER CONSOLE] L:1 Received protocol/CLI URL: lorapok:///mnt/NewVolume/Personal_Projects/lorapok_player/test_media/sample.3gp (app://lorapok/assets/index-CdSzAV6o.js:237)
[2026-08-17T19:49:10.381Z] [PATH DECODE] Input: /mnt/NewVolume/Personal_Projects/lorapok_player/test_media/sample.3gp
[2026-08-17T19:49:10.397Z] [PATH DECODE] Input: /mnt/NewVolume/Personal_Projects/lorapok_player/test_media/sample.3gp
[2026-08-17T19:49:10.406Z] [RENDERER CONSOLE] L:3 LORAPOK_UI_ERROR: Error: Error invoking remote method 'get-media-tracks': Error: spawn ENOTDIR (app://lorapok/assets/index-CdSzAV6o.js:237)
[2026-08-17T19:49:10.407Z] [RENDERER] RENDERER_ERROR: Error invoking remote method 'get-media-tracks': Error: spawn ENOTDIR 
[2026-08-17T19:49:10.407Z] [RENDERER CONSOLE] L:3 Uncaught (in promise) Error: Error invoking remote method 'get-media-tracks': Error: spawn ENOTDIR (app://lorapok/index.html:0)
[2026-08-17T19:49:10.408Z] [RENDERER CONSOLE] L:3 LORAPOK_UI_ERROR: Error: Error invoking remote method 'get-video-duration': Error: spawn ENOTDIR (app://lorapok/assets/index-CdSzAV6o.js:237)
[2026-08-17T19:49:10.408Z] [RENDERER] RENDERER_ERROR: Error invoking remote method 'get-video-duration': Error: spawn ENOTDIR 
[2026-08-17T19:49:10.409Z] [RENDERER CONSOLE] L:3 Uncaught (in promise) Error: Error invoking remote method 'get-video-duration': Error: spawn ENOTDIR (app://lorapok/index.html:0)
[2026-08-17T19:49:10.644Z] [MEDIA DEBUG] Raw URL: media:///mnt/NewVolume/Personal_Projects/lorapok_player/test_media/sample.3gp
[2026-08-17T19:49:10.645Z] [PATH DECODE] Input: media:///mnt/NewVolume/Personal_Projects/lorapok_player/test_media/sample.3gp
[2026-08-17T19:49:10.646Z] 🧠 Universal Decode: .3gp -> fMP4
[2026-08-17T19:49:10.653Z] FFmpeg Error: Cannot find ffmpeg
[2026-08-17T19:49:17.711Z] --- LORAPOK STARTUP ---
[2026-08-17T19:49:17.828Z] ⚠️ FFmpeg binary not found at static path, checking system path...
[2026-08-17T19:49:17.830Z] ✅ FFprobe Initialized: /mnt/NewVolume/Personal_Projects/lorapok_player/lorapok-player/release/builds/linux/linux-unpacked/resources/app.asar/dist-electron/bin/linux/x64/ffprobe
[2026-08-17T19:49:17.844Z] Creating Window...
[2026-08-17T19:49:18.017Z] [APP PROTOCOL] Request: app://lorapok/index.html -> /mnt/NewVolume/Personal_Projects/lorapok_player/lorapok-player/release/builds/linux/linux-unpacked/resources/app.asar/dist/index.html
[2026-08-17T19:49:18.141Z] [APP PROTOCOL] Request: app://lorapok/assets/index-CdSzAV6o.js -> /mnt/NewVolume/Personal_Projects/lorapok_player/lorapok-player/release/builds/linux/linux-unpacked/resources/app.asar/dist/assets/index-CdSzAV6o.js
[2026-08-17T19:49:18.146Z] [APP PROTOCOL] Request: app://lorapok/assets/index-CcW-TewB.css -> /mnt/NewVolume/Personal_Projects/lorapok_player/lorapok-player/release/builds/linux/linux-unpacked/resources/app.asar/dist/assets/index-CcW-TewB.css
[2026-08-17T19:49:18.343Z] Renderer Finished Load
[2026-08-17T19:49:18.344Z] Window Ready to Show
[2026-08-17T19:49:18.394Z] [RENDERER] App Component Mounted
[2026-08-17T19:49:18.395Z] Renderer reported READY
[2026-08-17T19:49:18.421Z] [RENDERER CONSOLE] L:1 Received protocol/CLI URL: lorapok:///mnt/NewVolume/Personal_Projects/lorapok_player/test_media/sample.aac (app://lorapok/assets/index-CdSzAV6o.js:237)
[2026-08-17T19:49:18.427Z] [PATH DECODE] Input: /mnt/NewVolume/Personal_Projects/lorapok_player/test_media/sample.aac
[2026-08-17T19:49:18.443Z] [PATH DECODE] Input: /mnt/NewVolume/Personal_Projects/lorapok_player/test_media/sample.aac
[2026-08-17T19:49:18.452Z] [RENDERER CONSOLE] L:3 LORAPOK_UI_ERROR: Error: Error invoking remote method 'get-media-tracks': Error: spawn ENOTDIR (app://lorapok/assets/index-CdSzAV6o.js:237)
[2026-08-17T19:49:18.452Z] [RENDERER] RENDERER_ERROR: Error invoking remote method 'get-media-tracks': Error: spawn ENOTDIR 
[2026-08-17T19:49:18.452Z] [RENDERER CONSOLE] L:3 Uncaught (in promise) Error: Error invoking remote method 'get-media-tracks': Error: spawn ENOTDIR (app://lorapok/index.html:0)
[2026-08-17T19:49:18.453Z] [RENDERER CONSOLE] L:3 LORAPOK_UI_ERROR: Error: Error invoking remote method 'get-video-duration': Error: spawn ENOTDIR (app://lorapok/assets/index-CdSzAV6o.js:237)
[2026-08-17T19:49:18.454Z] [RENDERER] RENDERER_ERROR: Error invoking remote method 'get-video-duration': Error: spawn ENOTDIR 
[2026-08-17T19:49:18.454Z] [RENDERER CONSOLE] L:3 Uncaught (in promise) Error: Error invoking remote method 'get-video-duration': Error: spawn ENOTDIR (app://lorapok/index.html:0)
[2026-08-17T19:49:18.691Z] [MEDIA DEBUG] Raw URL: media:///mnt/NewVolume/Personal_Projects/lorapok_player/test_media/sample.aac
[2026-08-17T19:49:18.692Z] [PATH DECODE] Input: media:///mnt/NewVolume/Personal_Projects/lorapok_player/test_media/sample.aac
[2026-08-17T19:49:18.713Z] [RENDERER CONSOLE] L:1 ⚠️ Native playback failed. Switching to Neural Decode... (app://lorapok/assets/index-CdSzAV6o.js:237)
[2026-08-17T19:49:18.720Z] [MEDIA DEBUG] Raw URL: media:///mnt/NewVolume/Personal_Projects/lorapok_player/test_media/sample.aac?transcode=true
[2026-08-17T19:49:18.721Z] [PATH DECODE] Input: media:///mnt/NewVolume/Personal_Projects/lorapok_player/test_media/sample.aac?transcode=true
[2026-08-17T19:49:18.721Z] 🧠 Universal Decode: .aac -> fMP4
[2026-08-17T19:49:18.725Z] [PATH DECODE] Input: /mnt/NewVolume/Personal_Projects/lorapok_player/test_media/sample.aac?transcode=true
[2026-08-17T19:49:18.737Z] [RENDERER CONSOLE] L:3 LORAPOK_UI_ERROR: Error: Error invoking remote method 'get-video-duration': Error: spawn ENOTDIR (app://lorapok/assets/index-CdSzAV6o.js:237)
[2026-08-17T19:49:18.738Z] [RENDERER] RENDERER_ERROR: Error invoking remote method 'get-video-duration': Error: spawn ENOTDIR 
[2026-08-17T19:49:18.739Z] [RENDERER CONSOLE] L:3 Uncaught (in promise) Error: Error invoking remote method 'get-video-duration': Error: spawn ENOTDIR (app://lorapok/index.html:0)
[2026-08-17T19:49:18.740Z] FFmpeg Error: Cannot find ffmpeg
[2026-08-17T19:49:25.730Z] --- LORAPOK STARTUP ---
[2026-08-17T19:49:25.842Z] ⚠️ FFmpeg binary not found at static path, checking system path...
[2026-08-17T19:49:25.845Z] ✅ FFprobe Initialized: /mnt/NewVolume/Personal_Projects/lorapok_player/lorapok-player/release/builds/linux/linux-unpacked/resources/app.asar/dist-electron/bin/linux/x64/ffprobe
[2026-08-17T19:49:25.859Z] Creating Window...
[2026-08-17T19:49:26.038Z] [APP PROTOCOL] Request: app://lorapok/index.html -> /mnt/NewVolume/Personal_Projects/lorapok_player/lorapok-player/release/builds/linux/linux-unpacked/resources/app.asar/dist/index.html
[2026-08-17T19:49:26.165Z] [APP PROTOCOL] Request: app://lorapok/assets/index-CdSzAV6o.js -> /mnt/NewVolume/Personal_Projects/lorapok_player/lorapok-player/release/builds/linux/linux-unpacked/resources/app.asar/dist/assets/index-CdSzAV6o.js
[2026-08-17T19:49:26.171Z] [APP PROTOCOL] Request: app://lorapok/assets/index-CcW-TewB.css -> /mnt/NewVolume/Personal_Projects/lorapok_player/lorapok-player/release/builds/linux/linux-unpacked/resources/app.asar/dist/assets/index-CcW-TewB.css
[2026-08-17T19:49:26.362Z] Renderer Finished Load
[2026-08-17T19:49:26.364Z] Window Ready to Show
[2026-08-17T19:49:26.411Z] [RENDERER] App Component Mounted
[2026-08-17T19:49:26.412Z] Renderer reported READY
[2026-08-17T19:49:26.438Z] [RENDERER CONSOLE] L:1 Received protocol/CLI URL: lorapok:///mnt/NewVolume/Personal_Projects/lorapok_player/test_media/sample.avi (app://lorapok/assets/index-CdSzAV6o.js:237)
[2026-08-17T19:49:26.444Z] [PATH DECODE] Input: /mnt/NewVolume/Personal_Projects/lorapok_player/test_media/sample.avi
[2026-08-17T19:49:26.458Z] [PATH DECODE] Input: /mnt/NewVolume/Personal_Projects/lorapok_player/test_media/sample.avi
[2026-08-17T19:49:26.466Z] [RENDERER CONSOLE] L:3 LORAPOK_UI_ERROR: Error: Error invoking remote method 'get-media-tracks': Error: spawn ENOTDIR (app://lorapok/assets/index-CdSzAV6o.js:237)
[2026-08-17T19:49:26.467Z] [RENDERER] RENDERER_ERROR: Error invoking remote method 'get-media-tracks': Error: spawn ENOTDIR 
[2026-08-17T19:49:26.467Z] [RENDERER CONSOLE] L:3 Uncaught (in promise) Error: Error invoking remote method 'get-media-tracks': Error: spawn ENOTDIR (app://lorapok/index.html:0)
[2026-08-17T19:49:26.468Z] [RENDERER CONSOLE] L:3 LORAPOK_UI_ERROR: Error: Error invoking remote method 'get-video-duration': Error: spawn ENOTDIR (app://lorapok/assets/index-CdSzAV6o.js:237)
[2026-08-17T19:49:26.469Z] [RENDERER] RENDERER_ERROR: Error invoking remote method 'get-video-duration': Error: spawn ENOTDIR 
[2026-08-17T19:49:26.469Z] [RENDERER CONSOLE] L:3 Uncaught (in promise) Error: Error invoking remote method 'get-video-duration': Error: spawn ENOTDIR (app://lorapok/index.html:0)
[2026-08-17T19:49:26.750Z] [MEDIA DEBUG] Raw URL: media:///mnt/NewVolume/Personal_Projects/lorapok_player/test_media/sample.avi
[2026-08-17T19:49:26.750Z] [PATH DECODE] Input: media:///mnt/NewVolume/Personal_Projects/lorapok_player/test_media/sample.avi
[2026-08-17T19:49:26.751Z] 🧠 Universal Decode: .avi -> fMP4
[2026-08-17T19:49:26.757Z] FFmpeg Error: Cannot find ffmpeg
[2026-08-17T19:49:33.760Z] --- LORAPOK STARTUP ---
[2026-08-17T19:49:33.867Z] ⚠️ FFmpeg binary not found at static path, checking system path...
[2026-08-17T19:49:33.869Z] ✅ FFprobe Initialized: /mnt/NewVolume/Personal_Projects/lorapok_player/lorapok-player/release/builds/linux/linux-unpacked/resources/app.asar/dist-electron/bin/linux/x64/ffprobe
[2026-08-17T19:49:33.882Z] Creating Window...
[2026-08-17T19:49:34.072Z] [APP PROTOCOL] Request: app://lorapok/index.html -> /mnt/NewVolume/Personal_Projects/lorapok_player/lorapok-player/release/builds/linux/linux-unpacked/resources/app.asar/dist/index.html
[2026-08-17T19:49:34.198Z] [APP PROTOCOL] Request: app://lorapok/assets/index-CdSzAV6o.js -> /mnt/NewVolume/Personal_Projects/lorapok_player/lorapok-player/release/builds/linux/linux-unpacked/resources/app.asar/dist/assets/index-CdSzAV6o.js
[2026-08-17T19:49:34.204Z] [APP PROTOCOL] Request: app://lorapok/assets/index-CcW-TewB.css -> /mnt/NewVolume/Personal_Projects/lorapok_player/lorapok-player/release/builds/linux/linux-unpacked/resources/app.asar/dist/assets/index-CcW-TewB.css
[2026-08-17T19:49:34.403Z] Renderer Finished Load
[2026-08-17T19:49:34.404Z] Window Ready to Show
[2026-08-17T19:49:34.453Z] [RENDERER] App Component Mounted
[2026-08-17T19:49:34.454Z] Renderer reported READY
[2026-08-17T19:49:34.480Z] [RENDERER CONSOLE] L:1 Received protocol/CLI URL: lorapok:///mnt/NewVolume/Personal_Projects/lorapok_player/test_media/sample.flac (app://lorapok/assets/index-CdSzAV6o.js:237)
[2026-08-17T19:49:34.485Z] [PATH DECODE] Input: /mnt/NewVolume/Personal_Projects/lorapok_player/test_media/sample.flac
[2026-08-17T19:49:34.500Z] [PATH DECODE] Input: /mnt/NewVolume/Personal_Projects/lorapok_player/test_media/sample.flac
[2026-08-17T19:49:34.509Z] [RENDERER CONSOLE] L:3 LORAPOK_UI_ERROR: Error: Error invoking remote method 'get-media-tracks': Error: spawn ENOTDIR (app://lorapok/assets/index-CdSzAV6o.js:237)
[2026-08-17T19:49:34.510Z] [RENDERER] RENDERER_ERROR: Error invoking remote method 'get-media-tracks': Error: spawn ENOTDIR 
[2026-08-17T19:49:34.511Z] [RENDERER CONSOLE] L:3 Uncaught (in promise) Error: Error invoking remote method 'get-media-tracks': Error: spawn ENOTDIR (app://lorapok/index.html:0)
[2026-08-17T19:49:34.512Z] [RENDERER CONSOLE] L:3 LORAPOK_UI_ERROR: Error: Error invoking remote method 'get-video-duration': Error: spawn ENOTDIR (app://lorapok/assets/index-CdSzAV6o.js:237)
[2026-08-17T19:49:34.512Z] [RENDERER] RENDERER_ERROR: Error invoking remote method 'get-video-duration': Error: spawn ENOTDIR 
[2026-08-17T19:49:34.512Z] [RENDERER CONSOLE] L:3 Uncaught (in promise) Error: Error invoking remote method 'get-video-duration': Error: spawn ENOTDIR (app://lorapok/index.html:0)
[2026-08-17T19:49:34.745Z] [MEDIA DEBUG] Raw URL: media:///mnt/NewVolume/Personal_Projects/lorapok_player/test_media/sample.flac
[2026-08-17T19:49:34.745Z] [PATH DECODE] Input: media:///mnt/NewVolume/Personal_Projects/lorapok_player/test_media/sample.flac
[2026-08-17T19:49:34.768Z] [RENDERER CONSOLE] L:1 ⚠️ Native playback failed. Switching to Neural Decode... (app://lorapok/assets/index-CdSzAV6o.js:237)
[2026-08-17T19:49:34.775Z] [MEDIA DEBUG] Raw URL: media:///mnt/NewVolume/Personal_Projects/lorapok_player/test_media/sample.flac?transcode=true
[2026-08-17T19:49:34.776Z] [PATH DECODE] Input: media:///mnt/NewVolume/Personal_Projects/lorapok_player/test_media/sample.flac?transcode=true
[2026-08-17T19:49:34.776Z] 🧠 Universal Decode: .flac -> fMP4
[2026-08-17T19:49:34.780Z] [PATH DECODE] Input: /mnt/NewVolume/Personal_Projects/lorapok_player/test_media/sample.flac?transcode=true
[2026-08-17T19:49:34.790Z] FFmpeg Error: Cannot find ffmpeg
[2026-08-17T19:49:34.792Z] [RENDERER CONSOLE] L:3 LORAPOK_UI_ERROR: Error: Error invoking remote method 'get-video-duration': Error: spawn ENOTDIR (app://lorapok/assets/index-CdSzAV6o.js:237)
[2026-08-17T19:49:34.793Z] [RENDERER] RENDERER_ERROR: Error invoking remote method 'get-video-duration': Error: spawn ENOTDIR 
[2026-08-17T19:49:34.793Z] [RENDERER CONSOLE] L:3 Uncaught (in promise) Error: Error invoking remote method 'get-video-duration': Error: spawn ENOTDIR (app://lorapok/index.html:0)
[2026-08-17T19:49:41.805Z] --- LORAPOK STARTUP ---
[2026-08-17T19:49:41.931Z] ⚠️ FFmpeg binary not found at static path, checking system path...
[2026-08-17T19:49:41.933Z] ✅ FFprobe Initialized: /mnt/NewVolume/Personal_Projects/lorapok_player/lorapok-player/release/builds/linux/linux-unpacked/resources/app.asar/dist-electron/bin/linux/x64/ffprobe
[2026-08-17T19:49:41.947Z] Creating Window...
[2026-08-17T19:49:42.154Z] [APP PROTOCOL] Request: app://lorapok/index.html -> /mnt/NewVolume/Personal_Projects/lorapok_player/lorapok-player/release/builds/linux/linux-unpacked/resources/app.asar/dist/index.html
[2026-08-17T19:49:42.328Z] [APP PROTOCOL] Request: app://lorapok/assets/index-CdSzAV6o.js -> /mnt/NewVolume/Personal_Projects/lorapok_player/lorapok-player/release/builds/linux/linux-unpacked/resources/app.asar/dist/assets/index-CdSzAV6o.js
[2026-08-17T19:49:42.334Z] [APP PROTOCOL] Request: app://lorapok/assets/index-CcW-TewB.css -> /mnt/NewVolume/Personal_Projects/lorapok_player/lorapok-player/release/builds/linux/linux-unpacked/resources/app.asar/dist/assets/index-CcW-TewB.css
[2026-08-17T19:49:42.596Z] Renderer Finished Load
[2026-08-17T19:49:42.597Z] Window Ready to Show
[2026-08-17T19:49:42.658Z] [RENDERER] App Component Mounted
[2026-08-17T19:49:42.659Z] Renderer reported READY
[2026-08-17T19:49:42.689Z] [RENDERER CONSOLE] L:1 Received protocol/CLI URL: lorapok:///mnt/NewVolume/Personal_Projects/lorapok_player/test_media/sample.flv (app://lorapok/assets/index-CdSzAV6o.js:237)
[2026-08-17T19:49:42.695Z] [PATH DECODE] Input: /mnt/NewVolume/Personal_Projects/lorapok_player/test_media/sample.flv
[2026-08-17T19:49:42.710Z] [PATH DECODE] Input: /mnt/NewVolume/Personal_Projects/lorapok_player/test_media/sample.flv
[2026-08-17T19:49:42.719Z] [RENDERER CONSOLE] L:3 LORAPOK_UI_ERROR: Error: Error invoking remote method 'get-media-tracks': Error: spawn ENOTDIR (app://lorapok/assets/index-CdSzAV6o.js:237)
[2026-08-17T19:49:42.720Z] [RENDERER] RENDERER_ERROR: Error invoking remote method 'get-media-tracks': Error: spawn ENOTDIR 
[2026-08-17T19:49:42.720Z] [RENDERER CONSOLE] L:3 Uncaught (in promise) Error: Error invoking remote method 'get-media-tracks': Error: spawn ENOTDIR (app://lorapok/index.html:0)
[2026-08-17T19:49:42.721Z] [RENDERER CONSOLE] L:3 LORAPOK_UI_ERROR: Error: Error invoking remote method 'get-video-duration': Error: spawn ENOTDIR (app://lorapok/assets/index-CdSzAV6o.js:237)
[2026-08-17T19:49:42.722Z] [RENDERER] RENDERER_ERROR: Error invoking remote method 'get-video-duration': Error: spawn ENOTDIR 
[2026-08-17T19:49:42.722Z] [RENDERER CONSOLE] L:3 Uncaught (in promise) Error: Error invoking remote method 'get-video-duration': Error: spawn ENOTDIR (app://lorapok/index.html:0)
[2026-08-17T19:49:43.018Z] [MEDIA DEBUG] Raw URL: media:///mnt/NewVolume/Personal_Projects/lorapok_player/test_media/sample.flv
[2026-08-17T19:49:43.019Z] [PATH DECODE] Input: media:///mnt/NewVolume/Personal_Projects/lorapok_player/test_media/sample.flv
[2026-08-17T19:49:43.019Z] 🧠 Universal Decode: .flv -> fMP4
[2026-08-17T19:49:43.027Z] FFmpeg Error: Cannot find ffmpeg
[2026-08-17T19:49:49.817Z] --- LORAPOK STARTUP ---
[2026-08-17T19:49:49.925Z] ⚠️ FFmpeg binary not found at static path, checking system path...
[2026-08-17T19:49:49.927Z] ✅ FFprobe Initialized: /mnt/NewVolume/Personal_Projects/lorapok_player/lorapok-player/release/builds/linux/linux-unpacked/resources/app.asar/dist-electron/bin/linux/x64/ffprobe
[2026-08-17T19:49:49.940Z] Creating Window...
[2026-08-17T19:49:50.149Z] [APP PROTOCOL] Request: app://lorapok/index.html -> /mnt/NewVolume/Personal_Projects/lorapok_player/lorapok-player/release/builds/linux/linux-unpacked/resources/app.asar/dist/index.html
[2026-08-17T19:49:50.309Z] [APP PROTOCOL] Request: app://lorapok/assets/index-CdSzAV6o.js -> /mnt/NewVolume/Personal_Projects/lorapok_player/lorapok-player/release/builds/linux/linux-unpacked/resources/app.asar/dist/assets/index-CdSzAV6o.js
[2026-08-17T19:49:50.316Z] [APP PROTOCOL] Request: app://lorapok/assets/index-CcW-TewB.css -> /mnt/NewVolume/Personal_Projects/lorapok_player/lorapok-player/release/builds/linux/linux-unpacked/resources/app.asar/dist/assets/index-CcW-TewB.css
[2026-08-17T19:49:50.590Z] Renderer Finished Load
[2026-08-17T19:49:50.591Z] Window Ready to Show
[2026-08-17T19:49:50.654Z] [RENDERER] App Component Mounted
[2026-08-17T19:49:50.655Z] Renderer reported READY
[2026-08-17T19:49:50.688Z] [RENDERER CONSOLE] L:1 Received protocol/CLI URL: lorapok:///mnt/NewVolume/Personal_Projects/lorapok_player/test_media/sample.m4a (app://lorapok/assets/index-CdSzAV6o.js:237)
[2026-08-17T19:49:50.696Z] [PATH DECODE] Input: /mnt/NewVolume/Personal_Projects/lorapok_player/test_media/sample.m4a
[2026-08-17T19:49:50.715Z] [PATH DECODE] Input: /mnt/NewVolume/Personal_Projects/lorapok_player/test_media/sample.m4a
[2026-08-17T19:49:50.727Z] [RENDERER CONSOLE] L:3 LORAPOK_UI_ERROR: Error: Error invoking remote method 'get-media-tracks': Error: spawn ENOTDIR (app://lorapok/assets/index-CdSzAV6o.js:237)
[2026-08-17T19:49:50.728Z] [RENDERER] RENDERER_ERROR: Error invoking remote method 'get-media-tracks': Error: spawn ENOTDIR 
[2026-08-17T19:49:50.728Z] [RENDERER CONSOLE] L:3 Uncaught (in promise) Error: Error invoking remote method 'get-media-tracks': Error: spawn ENOTDIR (app://lorapok/index.html:0)
[2026-08-17T19:49:50.730Z] [RENDERER CONSOLE] L:3 LORAPOK_UI_ERROR: Error: Error invoking remote method 'get-video-duration': Error: spawn ENOTDIR (app://lorapok/assets/index-CdSzAV6o.js:237)
[2026-08-17T19:49:50.730Z] [RENDERER] RENDERER_ERROR: Error invoking remote method 'get-video-duration': Error: spawn ENOTDIR 
[2026-08-17T19:49:50.731Z] [RENDERER CONSOLE] L:3 Uncaught (in promise) Error: Error invoking remote method 'get-video-duration': Error: spawn ENOTDIR (app://lorapok/index.html:0)
[2026-08-17T19:49:51.009Z] [MEDIA DEBUG] Raw URL: media:///mnt/NewVolume/Personal_Projects/lorapok_player/test_media/sample.m4a
[2026-08-17T19:49:51.009Z] [PATH DECODE] Input: media:///mnt/NewVolume/Personal_Projects/lorapok_player/test_media/sample.m4a
[2026-08-17T19:49:51.036Z] [RENDERER CONSOLE] L:1 ⚠️ Native playback failed. Switching to Neural Decode... (app://lorapok/assets/index-CdSzAV6o.js:237)
[2026-08-17T19:49:51.043Z] [MEDIA DEBUG] Raw URL: media:///mnt/NewVolume/Personal_Projects/lorapok_player/test_media/sample.m4a?transcode=true
[2026-08-17T19:49:51.044Z] [PATH DECODE] Input: media:///mnt/NewVolume/Personal_Projects/lorapok_player/test_media/sample.m4a?transcode=true
[2026-08-17T19:49:51.044Z] 🧠 Universal Decode: .m4a -> fMP4
[2026-08-17T19:49:51.048Z] [PATH DECODE] Input: /mnt/NewVolume/Personal_Projects/lorapok_player/test_media/sample.m4a?transcode=true
[2026-08-17T19:49:51.061Z] FFmpeg Error: Cannot find ffmpeg
[2026-08-17T19:49:51.061Z] [RENDERER CONSOLE] L:3 LORAPOK_UI_ERROR: Error: Error invoking remote method 'get-video-duration': Error: spawn ENOTDIR (app://lorapok/assets/index-CdSzAV6o.js:237)
[2026-08-17T19:49:51.062Z] [RENDERER] RENDERER_ERROR: Error invoking remote method 'get-video-duration': Error: spawn ENOTDIR 
[2026-08-17T19:49:51.062Z] [RENDERER CONSOLE] L:3 Uncaught (in promise) Error: Error invoking remote method 'get-video-duration': Error: spawn ENOTDIR (app://lorapok/index.html:0)
[2026-08-17T19:49:57.864Z] --- LORAPOK STARTUP ---
[2026-08-17T19:49:57.976Z] ⚠️ FFmpeg binary not found at static path, checking system path...
[2026-08-17T19:49:57.978Z] ✅ FFprobe Initialized: /mnt/NewVolume/Personal_Projects/lorapok_player/lorapok-player/release/builds/linux/linux-unpacked/resources/app.asar/dist-electron/bin/linux/x64/ffprobe
[2026-08-17T19:49:57.994Z] Creating Window...
[2026-08-17T19:49:58.207Z] [APP PROTOCOL] Request: app://lorapok/index.html -> /mnt/NewVolume/Personal_Projects/lorapok_player/lorapok-player/release/builds/linux/linux-unpacked/resources/app.asar/dist/index.html
[2026-08-17T19:49:58.375Z] [APP PROTOCOL] Request: app://lorapok/assets/index-CdSzAV6o.js -> /mnt/NewVolume/Personal_Projects/lorapok_player/lorapok-player/release/builds/linux/linux-unpacked/resources/app.asar/dist/assets/index-CdSzAV6o.js
[2026-08-17T19:49:58.381Z] [APP PROTOCOL] Request: app://lorapok/assets/index-CcW-TewB.css -> /mnt/NewVolume/Personal_Projects/lorapok_player/lorapok-player/release/builds/linux/linux-unpacked/resources/app.asar/dist/assets/index-CcW-TewB.css
[2026-08-17T19:49:58.650Z] Renderer Finished Load
[2026-08-17T19:49:58.651Z] Window Ready to Show
[2026-08-17T19:49:58.716Z] [RENDERER] App Component Mounted
[2026-08-17T19:49:58.717Z] Renderer reported READY
[2026-08-17T19:49:58.746Z] [RENDERER CONSOLE] L:1 Received protocol/CLI URL: lorapok:///mnt/NewVolume/Personal_Projects/lorapok_player/test_media/sample.m4v (app://lorapok/assets/index-CdSzAV6o.js:237)
[2026-08-17T19:49:58.757Z] [PATH DECODE] Input: /mnt/NewVolume/Personal_Projects/lorapok_player/test_media/sample.m4v
[2026-08-17T19:49:58.778Z] [PATH DECODE] Input: /mnt/NewVolume/Personal_Projects/lorapok_player/test_media/sample.m4v
[2026-08-17T19:49:58.792Z] [RENDERER CONSOLE] L:3 LORAPOK_UI_ERROR: Error: Error invoking remote method 'get-media-tracks': Error: spawn ENOTDIR (app://lorapok/assets/index-CdSzAV6o.js:237)
[2026-08-17T19:49:58.793Z] [RENDERER] RENDERER_ERROR: Error invoking remote method 'get-media-tracks': Error: spawn ENOTDIR 
[2026-08-17T19:49:58.793Z] [RENDERER CONSOLE] L:3 Uncaught (in promise) Error: Error invoking remote method 'get-media-tracks': Error: spawn ENOTDIR (app://lorapok/index.html:0)
[2026-08-17T19:49:58.796Z] [RENDERER CONSOLE] L:3 LORAPOK_UI_ERROR: Error: Error invoking remote method 'get-video-duration': Error: spawn ENOTDIR (app://lorapok/assets/index-CdSzAV6o.js:237)
[2026-08-17T19:49:58.797Z] [RENDERER] RENDERER_ERROR: Error invoking remote method 'get-video-duration': Error: spawn ENOTDIR 
[2026-08-17T19:49:58.797Z] [RENDERER CONSOLE] L:3 Uncaught (in promise) Error: Error invoking remote method 'get-video-duration': Error: spawn ENOTDIR (app://lorapok/index.html:0)
[2026-08-17T19:49:59.020Z] [MEDIA DEBUG] Raw URL: media:///mnt/NewVolume/Personal_Projects/lorapok_player/test_media/sample.m4v
[2026-08-17T19:49:59.022Z] [PATH DECODE] Input: media:///mnt/NewVolume/Personal_Projects/lorapok_player/test_media/sample.m4v
[2026-08-17T19:49:59.023Z] 🧠 Universal Decode: .m4v -> fMP4
[2026-08-17T19:49:59.034Z] FFmpeg Error: Cannot find ffmpeg
[2026-08-17T19:50:05.970Z] --- LORAPOK STARTUP ---
[2026-08-17T19:50:06.111Z] ⚠️ FFmpeg binary not found at static path, checking system path...
[2026-08-17T19:50:06.113Z] ✅ FFprobe Initialized: /mnt/NewVolume/Personal_Projects/lorapok_player/lorapok-player/release/builds/linux/linux-unpacked/resources/app.asar/dist-electron/bin/linux/x64/ffprobe
[2026-08-17T19:50:06.129Z] Creating Window...
[2026-08-17T19:50:06.366Z] [APP PROTOCOL] Request: app://lorapok/index.html -> /mnt/NewVolume/Personal_Projects/lorapok_player/lorapok-player/release/builds/linux/linux-unpacked/resources/app.asar/dist/index.html
[2026-08-17T19:50:06.562Z] [APP PROTOCOL] Request: app://lorapok/assets/index-CdSzAV6o.js -> /mnt/NewVolume/Personal_Projects/lorapok_player/lorapok-player/release/builds/linux/linux-unpacked/resources/app.asar/dist/assets/index-CdSzAV6o.js
[2026-08-17T19:50:06.568Z] [APP PROTOCOL] Request: app://lorapok/assets/index-CcW-TewB.css -> /mnt/NewVolume/Personal_Projects/lorapok_player/lorapok-player/release/builds/linux/linux-unpacked/resources/app.asar/dist/assets/index-CcW-TewB.css
[2026-08-17T19:50:06.846Z] Renderer Finished Load
[2026-08-17T19:50:06.847Z] Window Ready to Show
[2026-08-17T19:50:06.909Z] [RENDERER] App Component Mounted
[2026-08-17T19:50:06.910Z] Renderer reported READY
[2026-08-17T19:50:06.941Z] [RENDERER CONSOLE] L:1 Received protocol/CLI URL: lorapok:///mnt/NewVolume/Personal_Projects/lorapok_player/test_media/sample.mkv (app://lorapok/assets/index-CdSzAV6o.js:237)
[2026-08-17T19:50:06.948Z] [PATH DECODE] Input: /mnt/NewVolume/Personal_Projects/lorapok_player/test_media/sample.mkv
[2026-08-17T19:50:06.963Z] [PATH DECODE] Input: /mnt/NewVolume/Personal_Projects/lorapok_player/test_media/sample.mkv
[2026-08-17T19:50:06.973Z] [RENDERER CONSOLE] L:3 LORAPOK_UI_ERROR: Error: Error invoking remote method 'get-media-tracks': Error: spawn ENOTDIR (app://lorapok/assets/index-CdSzAV6o.js:237)
[2026-08-17T19:50:06.974Z] [RENDERER] RENDERER_ERROR: Error invoking remote method 'get-media-tracks': Error: spawn ENOTDIR 
[2026-08-17T19:50:06.975Z] [RENDERER CONSOLE] L:3 Uncaught (in promise) Error: Error invoking remote method 'get-media-tracks': Error: spawn ENOTDIR (app://lorapok/index.html:0)
[2026-08-17T19:50:06.975Z] [RENDERER CONSOLE] L:3 LORAPOK_UI_ERROR: Error: Error invoking remote method 'get-video-duration': Error: spawn ENOTDIR (app://lorapok/assets/index-CdSzAV6o.js:237)
[2026-08-17T19:50:06.976Z] [RENDERER] RENDERER_ERROR: Error invoking remote method 'get-video-duration': Error: spawn ENOTDIR 
[2026-08-17T19:50:06.976Z] [RENDERER CONSOLE] L:3 Uncaught (in promise) Error: Error invoking remote method 'get-video-duration': Error: spawn ENOTDIR (app://lorapok/index.html:0)
[2026-08-17T19:50:07.248Z] [MEDIA DEBUG] Raw URL: media:///mnt/NewVolume/Personal_Projects/lorapok_player/test_media/sample.mkv
[2026-08-17T19:50:07.249Z] [PATH DECODE] Input: media:///mnt/NewVolume/Personal_Projects/lorapok_player/test_media/sample.mkv
[2026-08-17T19:50:07.250Z] 🧠 Universal Decode: .mkv -> fMP4
[2026-08-17T19:50:07.258Z] FFmpeg Error: Cannot find ffmpeg
[2026-08-17T19:50:13.918Z] --- LORAPOK STARTUP ---
[2026-08-17T19:50:14.038Z] ⚠️ FFmpeg binary not found at static path, checking system path...
[2026-08-17T19:50:14.041Z] ✅ FFprobe Initialized: /mnt/NewVolume/Personal_Projects/lorapok_player/lorapok-player/release/builds/linux/linux-unpacked/resources/app.asar/dist-electron/bin/linux/x64/ffprobe
[2026-08-17T19:50:14.054Z] Creating Window...
[2026-08-17T19:50:14.275Z] [APP PROTOCOL] Request: app://lorapok/index.html -> /mnt/NewVolume/Personal_Projects/lorapok_player/lorapok-player/release/builds/linux/linux-unpacked/resources/app.asar/dist/index.html
[2026-08-17T19:50:14.444Z] [APP PROTOCOL] Request: app://lorapok/assets/index-CdSzAV6o.js -> /mnt/NewVolume/Personal_Projects/lorapok_player/lorapok-player/release/builds/linux/linux-unpacked/resources/app.asar/dist/assets/index-CdSzAV6o.js
[2026-08-17T19:50:14.450Z] [APP PROTOCOL] Request: app://lorapok/assets/index-CcW-TewB.css -> /mnt/NewVolume/Personal_Projects/lorapok_player/lorapok-player/release/builds/linux/linux-unpacked/resources/app.asar/dist/assets/index-CcW-TewB.css
[2026-08-17T19:50:14.707Z] Renderer Finished Load
[2026-08-17T19:50:14.708Z] Window Ready to Show
[2026-08-17T19:50:14.769Z] [RENDERER] App Component Mounted
[2026-08-17T19:50:14.769Z] Renderer reported READY
[2026-08-17T19:50:14.800Z] [RENDERER CONSOLE] L:1 Received protocol/CLI URL: lorapok:///mnt/NewVolume/Personal_Projects/lorapok_player/test_media/sample.mov (app://lorapok/assets/index-CdSzAV6o.js:237)
[2026-08-17T19:50:14.807Z] [PATH DECODE] Input: /mnt/NewVolume/Personal_Projects/lorapok_player/test_media/sample.mov
[2026-08-17T19:50:14.826Z] [PATH DECODE] Input: /mnt/NewVolume/Personal_Projects/lorapok_player/test_media/sample.mov
[2026-08-17T19:50:14.835Z] [RENDERER CONSOLE] L:3 LORAPOK_UI_ERROR: Error: Error invoking remote method 'get-media-tracks': Error: spawn ENOTDIR (app://lorapok/assets/index-CdSzAV6o.js:237)
[2026-08-17T19:50:14.835Z] [RENDERER] RENDERER_ERROR: Error invoking remote method 'get-media-tracks': Error: spawn ENOTDIR 
[2026-08-17T19:50:14.836Z] [RENDERER CONSOLE] L:3 Uncaught (in promise) Error: Error invoking remote method 'get-media-tracks': Error: spawn ENOTDIR (app://lorapok/index.html:0)
[2026-08-17T19:50:14.836Z] [RENDERER CONSOLE] L:3 LORAPOK_UI_ERROR: Error: Error invoking remote method 'get-video-duration': Error: spawn ENOTDIR (app://lorapok/assets/index-CdSzAV6o.js:237)
[2026-08-17T19:50:14.837Z] [RENDERER] RENDERER_ERROR: Error invoking remote method 'get-video-duration': Error: spawn ENOTDIR 
[2026-08-17T19:50:14.837Z] [RENDERER CONSOLE] L:3 Uncaught (in promise) Error: Error invoking remote method 'get-video-duration': Error: spawn ENOTDIR (app://lorapok/index.html:0)
[2026-08-17T19:50:15.131Z] [MEDIA DEBUG] Raw URL: media:///mnt/NewVolume/Personal_Projects/lorapok_player/test_media/sample.mov
[2026-08-17T19:50:15.132Z] [PATH DECODE] Input: media:///mnt/NewVolume/Personal_Projects/lorapok_player/test_media/sample.mov
[2026-08-17T19:50:15.133Z] 🧠 Universal Decode: .mov -> fMP4
[2026-08-17T19:50:15.146Z] FFmpeg Error: Cannot find ffmpeg
[2026-08-17T19:50:22.299Z] --- LORAPOK STARTUP ---
[2026-08-17T19:50:22.515Z] ⚠️ FFmpeg binary not found at static path, checking system path...
[2026-08-17T19:50:22.519Z] ✅ FFprobe Initialized: /mnt/NewVolume/Personal_Projects/lorapok_player/lorapok-player/release/builds/linux/linux-unpacked/resources/app.asar/dist-electron/bin/linux/x64/ffprobe
[2026-08-17T19:50:22.542Z] Creating Window...
[2026-08-17T19:50:22.957Z] [APP PROTOCOL] Request: app://lorapok/index.html -> /mnt/NewVolume/Personal_Projects/lorapok_player/lorapok-player/release/builds/linux/linux-unpacked/resources/app.asar/dist/index.html
[2026-08-17T19:50:23.382Z] [APP PROTOCOL] Request: app://lorapok/assets/index-CdSzAV6o.js -> /mnt/NewVolume/Personal_Projects/lorapok_player/lorapok-player/release/builds/linux/linux-unpacked/resources/app.asar/dist/assets/index-CdSzAV6o.js
[2026-08-17T19:50:23.397Z] [APP PROTOCOL] Request: app://lorapok/assets/index-CcW-TewB.css -> /mnt/NewVolume/Personal_Projects/lorapok_player/lorapok-player/release/builds/linux/linux-unpacked/resources/app.asar/dist/assets/index-CcW-TewB.css
[2026-08-17T19:50:24.145Z] Renderer Finished Load
[2026-08-17T19:50:24.150Z] Window Ready to Show
[2026-08-17T19:50:24.315Z] [RENDERER] App Component Mounted
[2026-08-17T19:50:24.318Z] Renderer reported READY
[2026-08-17T19:50:24.388Z] [RENDERER CONSOLE] L:1 Received protocol/CLI URL: lorapok:///mnt/NewVolume/Personal_Projects/lorapok_player/test_media/sample.mp3 (app://lorapok/assets/index-CdSzAV6o.js:237)
[2026-08-17T19:50:24.404Z] [PATH DECODE] Input: /mnt/NewVolume/Personal_Projects/lorapok_player/test_media/sample.mp3
[2026-08-17T19:50:24.431Z] [PATH DECODE] Input: /mnt/NewVolume/Personal_Projects/lorapok_player/test_media/sample.mp3
[2026-08-17T19:50:24.445Z] [RENDERER CONSOLE] L:3 LORAPOK_UI_ERROR: Error: Error invoking remote method 'get-media-tracks': Error: spawn ENOTDIR (app://lorapok/assets/index-CdSzAV6o.js:237)
[2026-08-17T19:50:24.446Z] [RENDERER] RENDERER_ERROR: Error invoking remote method 'get-media-tracks': Error: spawn ENOTDIR 
[2026-08-17T19:50:24.447Z] [RENDERER CONSOLE] L:3 Uncaught (in promise) Error: Error invoking remote method 'get-media-tracks': Error: spawn ENOTDIR (app://lorapok/index.html:0)
[2026-08-17T19:50:24.451Z] [RENDERER CONSOLE] L:3 LORAPOK_UI_ERROR: Error: Error invoking remote method 'get-video-duration': Error: spawn ENOTDIR (app://lorapok/assets/index-CdSzAV6o.js:237)
[2026-08-17T19:50:24.452Z] [RENDERER] RENDERER_ERROR: Error invoking remote method 'get-video-duration': Error: spawn ENOTDIR 
[2026-08-17T19:50:24.453Z] [RENDERER CONSOLE] L:3 Uncaught (in promise) Error: Error invoking remote method 'get-video-duration': Error: spawn ENOTDIR (app://lorapok/index.html:0)
[2026-08-17T19:50:24.715Z] [MEDIA DEBUG] Raw URL: media:///mnt/NewVolume/Personal_Projects/lorapok_player/test_media/sample.mp3
[2026-08-17T19:50:24.716Z] [PATH DECODE] Input: media:///mnt/NewVolume/Personal_Projects/lorapok_player/test_media/sample.mp3
[2026-08-17T19:50:30.206Z] --- LORAPOK STARTUP ---
[2026-08-17T19:50:30.418Z] ⚠️ FFmpeg binary not found at static path, checking system path...
[2026-08-17T19:50:30.426Z] ✅ FFprobe Initialized: /mnt/NewVolume/Personal_Projects/lorapok_player/lorapok-player/release/builds/linux/linux-unpacked/resources/app.asar/dist-electron/bin/linux/x64/ffprobe
[2026-08-17T19:50:30.467Z] Creating Window...
[2026-08-17T19:50:30.835Z] [APP PROTOCOL] Request: app://lorapok/index.html -> /mnt/NewVolume/Personal_Projects/lorapok_player/lorapok-player/release/builds/linux/linux-unpacked/resources/app.asar/dist/index.html
[2026-08-17T19:50:31.138Z] [APP PROTOCOL] Request: app://lorapok/assets/index-CdSzAV6o.js -> /mnt/NewVolume/Personal_Projects/lorapok_player/lorapok-player/release/builds/linux/linux-unpacked/resources/app.asar/dist/assets/index-CdSzAV6o.js
[2026-08-17T19:50:31.153Z] [APP PROTOCOL] Request: app://lorapok/assets/index-CcW-TewB.css -> /mnt/NewVolume/Personal_Projects/lorapok_player/lorapok-player/release/builds/linux/linux-unpacked/resources/app.asar/dist/assets/index-CcW-TewB.css
[2026-08-17T19:50:31.722Z] Renderer Finished Load
[2026-08-17T19:50:31.723Z] Window Ready to Show
[2026-08-17T19:50:31.846Z] [RENDERER] App Component Mounted
[2026-08-17T19:50:31.847Z] Renderer reported READY
[2026-08-17T19:50:31.904Z] [RENDERER CONSOLE] L:1 Received protocol/CLI URL: lorapok:///mnt/NewVolume/Personal_Projects/lorapok_player/test_media/sample.ogg (app://lorapok/assets/index-CdSzAV6o.js:237)
[2026-08-17T19:50:31.912Z] [PATH DECODE] Input: /mnt/NewVolume/Personal_Projects/lorapok_player/test_media/sample.ogg
[2026-08-17T19:50:31.935Z] [PATH DECODE] Input: /mnt/NewVolume/Personal_Projects/lorapok_player/test_media/sample.ogg
[2026-08-17T19:50:31.945Z] [RENDERER CONSOLE] L:3 LORAPOK_UI_ERROR: Error: Error invoking remote method 'get-media-tracks': Error: spawn ENOTDIR (app://lorapok/assets/index-CdSzAV6o.js:237)
[2026-08-17T19:50:31.945Z] [RENDERER] RENDERER_ERROR: Error invoking remote method 'get-media-tracks': Error: spawn ENOTDIR 
[2026-08-17T19:50:31.946Z] [RENDERER CONSOLE] L:3 Uncaught (in promise) Error: Error invoking remote method 'get-media-tracks': Error: spawn ENOTDIR (app://lorapok/index.html:0)
[2026-08-17T19:50:31.947Z] [RENDERER CONSOLE] L:3 LORAPOK_UI_ERROR: Error: Error invoking remote method 'get-video-duration': Error: spawn ENOTDIR (app://lorapok/assets/index-CdSzAV6o.js:237)
[2026-08-17T19:50:31.948Z] [RENDERER] RENDERER_ERROR: Error invoking remote method 'get-video-duration': Error: spawn ENOTDIR 
[2026-08-17T19:50:31.948Z] [RENDERER CONSOLE] L:3 Uncaught (in promise) Error: Error invoking remote method 'get-video-duration': Error: spawn ENOTDIR (app://lorapok/index.html:0)
[2026-08-17T19:50:32.258Z] [MEDIA DEBUG] Raw URL: media:///mnt/NewVolume/Personal_Projects/lorapok_player/test_media/sample.ogg
[2026-08-17T19:50:32.263Z] [PATH DECODE] Input: media:///mnt/NewVolume/Personal_Projects/lorapok_player/test_media/sample.ogg
[2026-08-17T19:50:32.326Z] [MEDIA DEBUG] Raw URL: media:///mnt/NewVolume/Personal_Projects/lorapok_player/test_media/sample.ogg
[2026-08-17T19:50:32.331Z] [PATH DECODE] Input: media:///mnt/NewVolume/Personal_Projects/lorapok_player/test_media/sample.ogg
[2026-08-17T19:50:38.136Z] --- LORAPOK STARTUP ---
[2026-08-17T19:50:38.298Z] ⚠️ FFmpeg binary not found at static path, checking system path...
[2026-08-17T19:50:38.305Z] ✅ FFprobe Initialized: /mnt/NewVolume/Personal_Projects/lorapok_player/lorapok-player/release/builds/linux/linux-unpacked/resources/app.asar/dist-electron/bin/linux/x64/ffprobe
[2026-08-17T19:50:38.335Z] Creating Window...
[2026-08-17T19:50:38.697Z] [APP PROTOCOL] Request: app://lorapok/index.html -> /mnt/NewVolume/Personal_Projects/lorapok_player/lorapok-player/release/builds/linux/linux-unpacked/resources/app.asar/dist/index.html
[2026-08-17T19:50:38.903Z] [APP PROTOCOL] Request: app://lorapok/assets/index-CdSzAV6o.js -> /mnt/NewVolume/Personal_Projects/lorapok_player/lorapok-player/release/builds/linux/linux-unpacked/resources/app.asar/dist/assets/index-CdSzAV6o.js
[2026-08-17T19:50:38.908Z] [APP PROTOCOL] Request: app://lorapok/assets/index-CcW-TewB.css -> /mnt/NewVolume/Personal_Projects/lorapok_player/lorapok-player/release/builds/linux/linux-unpacked/resources/app.asar/dist/assets/index-CcW-TewB.css
[2026-08-17T19:50:39.132Z] Renderer Finished Load
[2026-08-17T19:50:39.132Z] Window Ready to Show
[2026-08-17T19:50:39.188Z] [RENDERER] App Component Mounted
[2026-08-17T19:50:39.189Z] Renderer reported READY
[2026-08-17T19:50:39.222Z] [RENDERER CONSOLE] L:1 Received protocol/CLI URL: lorapok:///mnt/NewVolume/Personal_Projects/lorapok_player/test_media/sample_rmvb.rmvb (app://lorapok/assets/index-CdSzAV6o.js:237)
[2026-08-17T19:50:39.228Z] [PATH DECODE] Input: /mnt/NewVolume/Personal_Projects/lorapok_player/test_media/sample_rmvb.rmvb
[2026-08-17T19:50:39.242Z] [PATH DECODE] Input: /mnt/NewVolume/Personal_Projects/lorapok_player/test_media/sample_rmvb.rmvb
[2026-08-17T19:50:39.250Z] [RENDERER CONSOLE] L:3 LORAPOK_UI_ERROR: Error: Error invoking remote method 'get-media-tracks': Error: spawn ENOTDIR (app://lorapok/assets/index-CdSzAV6o.js:237)
[2026-08-17T19:50:39.251Z] [RENDERER] RENDERER_ERROR: Error invoking remote method 'get-media-tracks': Error: spawn ENOTDIR 
[2026-08-17T19:50:39.251Z] [RENDERER CONSOLE] L:3 Uncaught (in promise) Error: Error invoking remote method 'get-media-tracks': Error: spawn ENOTDIR (app://lorapok/index.html:0)
[2026-08-17T19:50:39.252Z] [RENDERER CONSOLE] L:3 LORAPOK_UI_ERROR: Error: Error invoking remote method 'get-video-duration': Error: spawn ENOTDIR (app://lorapok/assets/index-CdSzAV6o.js:237)
[2026-08-17T19:50:39.253Z] [RENDERER] RENDERER_ERROR: Error invoking remote method 'get-video-duration': Error: spawn ENOTDIR 
[2026-08-17T19:50:39.254Z] [RENDERER CONSOLE] L:3 Uncaught (in promise) Error: Error invoking remote method 'get-video-duration': Error: spawn ENOTDIR (app://lorapok/index.html:0)
[2026-08-17T19:50:39.487Z] [MEDIA DEBUG] Raw URL: media:///mnt/NewVolume/Personal_Projects/lorapok_player/test_media/sample_rmvb.rmvb
[2026-08-17T19:50:39.488Z] [PATH DECODE] Input: media:///mnt/NewVolume/Personal_Projects/lorapok_player/test_media/sample_rmvb.rmvb
[2026-08-17T19:50:39.488Z] 🧠 Universal Decode: .rmvb -> fMP4
[2026-08-17T19:50:39.496Z] FFmpeg Error: Cannot find ffmpeg
[2026-08-17T19:50:46.777Z] --- LORAPOK STARTUP ---
[2026-08-17T19:50:46.946Z] ⚠️ FFmpeg binary not found at static path, checking system path...
[2026-08-17T19:50:46.949Z] ✅ FFprobe Initialized: /mnt/NewVolume/Personal_Projects/lorapok_player/lorapok-player/release/builds/linux/linux-unpacked/resources/app.asar/dist-electron/bin/linux/x64/ffprobe
[2026-08-17T19:50:46.966Z] Creating Window...
[2026-08-17T19:50:47.226Z] [APP PROTOCOL] Request: app://lorapok/index.html -> /mnt/NewVolume/Personal_Projects/lorapok_player/lorapok-player/release/builds/linux/linux-unpacked/resources/app.asar/dist/index.html
[2026-08-17T19:50:47.417Z] [APP PROTOCOL] Request: app://lorapok/assets/index-CdSzAV6o.js -> /mnt/NewVolume/Personal_Projects/lorapok_player/lorapok-player/release/builds/linux/linux-unpacked/resources/app.asar/dist/assets/index-CdSzAV6o.js
[2026-08-17T19:50:47.425Z] [APP PROTOCOL] Request: app://lorapok/assets/index-CcW-TewB.css -> /mnt/NewVolume/Personal_Projects/lorapok_player/lorapok-player/release/builds/linux/linux-unpacked/resources/app.asar/dist/assets/index-CcW-TewB.css
[2026-08-17T19:50:47.692Z] Renderer Finished Load
[2026-08-17T19:50:47.693Z] Window Ready to Show
[2026-08-17T19:50:47.749Z] [RENDERER] App Component Mounted
[2026-08-17T19:50:47.750Z] Renderer reported READY
[2026-08-17T19:50:47.778Z] [RENDERER CONSOLE] L:1 Received protocol/CLI URL: lorapok:///mnt/NewVolume/Personal_Projects/lorapok_player/test_media/sample.webm (app://lorapok/assets/index-CdSzAV6o.js:237)
[2026-08-17T19:50:47.787Z] [PATH DECODE] Input: /mnt/NewVolume/Personal_Projects/lorapok_player/test_media/sample.webm
[2026-08-17T19:50:47.802Z] [PATH DECODE] Input: /mnt/NewVolume/Personal_Projects/lorapok_player/test_media/sample.webm
[2026-08-17T19:50:47.811Z] [RENDERER CONSOLE] L:3 LORAPOK_UI_ERROR: Error: Error invoking remote method 'get-media-tracks': Error: spawn ENOTDIR (app://lorapok/assets/index-CdSzAV6o.js:237)
[2026-08-17T19:50:47.812Z] [RENDERER] RENDERER_ERROR: Error invoking remote method 'get-media-tracks': Error: spawn ENOTDIR 
[2026-08-17T19:50:47.812Z] [RENDERER CONSOLE] L:3 Uncaught (in promise) Error: Error invoking remote method 'get-media-tracks': Error: spawn ENOTDIR (app://lorapok/index.html:0)
[2026-08-17T19:50:47.813Z] [RENDERER CONSOLE] L:3 LORAPOK_UI_ERROR: Error: Error invoking remote method 'get-video-duration': Error: spawn ENOTDIR (app://lorapok/assets/index-CdSzAV6o.js:237)
[2026-08-17T19:50:47.814Z] [RENDERER] RENDERER_ERROR: Error invoking remote method 'get-video-duration': Error: spawn ENOTDIR 
[2026-08-17T19:50:47.815Z] [RENDERER CONSOLE] L:3 Uncaught (in promise) Error: Error invoking remote method 'get-video-duration': Error: spawn ENOTDIR (app://lorapok/index.html:0)
[2026-08-17T19:50:48.108Z] [MEDIA DEBUG] Raw URL: media:///mnt/NewVolume/Personal_Projects/lorapok_player/test_media/sample.webm
[2026-08-17T19:50:48.108Z] [PATH DECODE] Input: media:///mnt/NewVolume/Personal_Projects/lorapok_player/test_media/sample.webm
[2026-08-17T19:50:54.551Z] --- LORAPOK STARTUP ---
[2026-08-17T19:50:54.818Z] ⚠️ FFmpeg binary not found at static path, checking system path...
[2026-08-17T19:50:54.823Z] ✅ FFprobe Initialized: /mnt/NewVolume/Personal_Projects/lorapok_player/lorapok-player/release/builds/linux/linux-unpacked/resources/app.asar/dist-electron/bin/linux/x64/ffprobe
[2026-08-17T19:50:54.851Z] Creating Window...
[2026-08-17T19:50:55.282Z] [APP PROTOCOL] Request: app://lorapok/index.html -> /mnt/NewVolume/Personal_Projects/lorapok_player/lorapok-player/release/builds/linux/linux-unpacked/resources/app.asar/dist/index.html
[2026-08-17T19:50:55.751Z] [APP PROTOCOL] Request: app://lorapok/assets/index-CdSzAV6o.js -> /mnt/NewVolume/Personal_Projects/lorapok_player/lorapok-player/release/builds/linux/linux-unpacked/resources/app.asar/dist/assets/index-CdSzAV6o.js
[2026-08-17T19:50:55.761Z] [APP PROTOCOL] Request: app://lorapok/assets/index-CcW-TewB.css -> /mnt/NewVolume/Personal_Projects/lorapok_player/lorapok-player/release/builds/linux/linux-unpacked/resources/app.asar/dist/assets/index-CcW-TewB.css
[2026-08-17T19:50:56.200Z] Renderer Finished Load
[2026-08-17T19:50:56.202Z] Window Ready to Show
[2026-08-17T19:50:56.312Z] [RENDERER] App Component Mounted
[2026-08-17T19:50:56.313Z] Renderer reported READY
[2026-08-17T19:50:56.376Z] [RENDERER CONSOLE] L:1 Received protocol/CLI URL: lorapok:///mnt/NewVolume/Personal_Projects/lorapok_player/test_media/sample.wmv (app://lorapok/assets/index-CdSzAV6o.js:237)
[2026-08-17T19:50:56.392Z] [PATH DECODE] Input: /mnt/NewVolume/Personal_Projects/lorapok_player/test_media/sample.wmv
[2026-08-17T19:50:56.451Z] [PATH DECODE] Input: /mnt/NewVolume/Personal_Projects/lorapok_player/test_media/sample.wmv
[2026-08-17T19:50:56.486Z] [RENDERER CONSOLE] L:3 LORAPOK_UI_ERROR: Error: Error invoking remote method 'get-media-tracks': Error: spawn ENOTDIR (app://lorapok/assets/index-CdSzAV6o.js:237)
[2026-08-17T19:50:56.494Z] [RENDERER] RENDERER_ERROR: Error invoking remote method 'get-media-tracks': Error: spawn ENOTDIR 
[2026-08-17T19:50:56.495Z] [RENDERER CONSOLE] L:3 Uncaught (in promise) Error: Error invoking remote method 'get-media-tracks': Error: spawn ENOTDIR (app://lorapok/index.html:0)
[2026-08-17T19:50:56.503Z] [RENDERER CONSOLE] L:3 LORAPOK_UI_ERROR: Error: Error invoking remote method 'get-video-duration': Error: spawn ENOTDIR (app://lorapok/assets/index-CdSzAV6o.js:237)
[2026-08-17T19:50:56.506Z] [RENDERER] RENDERER_ERROR: Error invoking remote method 'get-video-duration': Error: spawn ENOTDIR 
[2026-08-17T19:50:56.508Z] [RENDERER CONSOLE] L:3 Uncaught (in promise) Error: Error invoking remote method 'get-video-duration': Error: spawn ENOTDIR (app://lorapok/index.html:0)
[2026-08-17T19:50:56.769Z] [MEDIA DEBUG] Raw URL: media:///mnt/NewVolume/Personal_Projects/lorapok_player/test_media/sample.wmv
[2026-08-17T19:50:56.770Z] [PATH DECODE] Input: media:///mnt/NewVolume/Personal_Projects/lorapok_player/test_media/sample.wmv
[2026-08-17T19:50:56.772Z] 🧠 Universal Decode: .wmv -> fMP4
[2026-08-17T19:50:56.825Z] FFmpeg Error: Cannot find ffmpeg
[2026-08-17T19:51:03.090Z] --- LORAPOK STARTUP ---
[2026-08-17T19:51:03.331Z] ⚠️ FFmpeg binary not found at static path, checking system path...
[2026-08-17T19:51:03.336Z] ✅ FFprobe Initialized: /mnt/NewVolume/Personal_Projects/lorapok_player/lorapok-player/release/builds/linux/linux-unpacked/resources/app.asar/dist-electron/bin/linux/x64/ffprobe
[2026-08-17T19:51:03.364Z] Creating Window...
[2026-08-17T19:51:03.680Z] [APP PROTOCOL] Request: app://lorapok/index.html -> /mnt/NewVolume/Personal_Projects/lorapok_player/lorapok-player/release/builds/linux/linux-unpacked/resources/app.asar/dist/index.html
[2026-08-17T19:51:03.920Z] [APP PROTOCOL] Request: app://lorapok/assets/index-CdSzAV6o.js -> /mnt/NewVolume/Personal_Projects/lorapok_player/lorapok-player/release/builds/linux/linux-unpacked/resources/app.asar/dist/assets/index-CdSzAV6o.js
[2026-08-17T19:51:03.928Z] [APP PROTOCOL] Request: app://lorapok/assets/index-CcW-TewB.css -> /mnt/NewVolume/Personal_Projects/lorapok_player/lorapok-player/release/builds/linux/linux-unpacked/resources/app.asar/dist/assets/index-CcW-TewB.css
[2026-08-17T19:51:04.287Z] Renderer Finished Load
[2026-08-17T19:51:04.288Z] Window Ready to Show
[2026-08-17T19:51:04.366Z] [RENDERER] App Component Mounted
[2026-08-17T19:51:04.367Z] Renderer reported READY
[2026-08-17T19:51:04.408Z] [RENDERER CONSOLE] L:1 Received protocol/CLI URL: lorapok:///mnt/NewVolume/Personal_Projects/lorapok_player/https:/interactive-examples.mdn.mozilla.net/media/cc0-videos/flower.webm (app://lorapok/assets/index-CdSzAV6o.js:237)
[2026-08-17T19:51:04.423Z] [PATH DECODE] Input: /mnt/NewVolume/Personal_Projects/lorapok_player/https:/interactive-examples.mdn.mozilla.net/media/cc0-videos/flower.webm
[2026-08-17T19:51:04.456Z] [PATH DECODE] Input: /mnt/NewVolume/Personal_Projects/lorapok_player/https:/interactive-examples.mdn.mozilla.net/media/cc0-videos/flower.webm
[2026-08-17T19:51:04.473Z] [RENDERER CONSOLE] L:3 LORAPOK_UI_ERROR: Error: Error invoking remote method 'get-media-tracks': Error: spawn ENOTDIR (app://lorapok/assets/index-CdSzAV6o.js:237)
[2026-08-17T19:51:04.473Z] [RENDERER] RENDERER_ERROR: Error invoking remote method 'get-media-tracks': Error: spawn ENOTDIR 
[2026-08-17T19:51:04.474Z] [RENDERER CONSOLE] L:3 Uncaught (in promise) Error: Error invoking remote method 'get-media-tracks': Error: spawn ENOTDIR (app://lorapok/index.html:0)
[2026-08-17T19:51:04.475Z] [RENDERER CONSOLE] L:3 LORAPOK_UI_ERROR: Error: Error invoking remote method 'get-video-duration': Error: spawn ENOTDIR (app://lorapok/assets/index-CdSzAV6o.js:237)
[2026-08-17T19:51:04.475Z] [RENDERER] RENDERER_ERROR: Error invoking remote method 'get-video-duration': Error: spawn ENOTDIR 
[2026-08-17T19:51:04.476Z] [RENDERER CONSOLE] L:3 Uncaught (in promise) Error: Error invoking remote method 'get-video-duration': Error: spawn ENOTDIR (app://lorapok/index.html:0)
[2026-08-17T19:51:04.694Z] [MEDIA DEBUG] Raw URL: media:///mnt/NewVolume/Personal_Projects/lorapok_player/https:/interactive-examples.mdn.mozilla.net/media/cc0-videos/flower.webm
[2026-08-17T19:51:04.695Z] [PATH DECODE] Input: media:///mnt/NewVolume/Personal_Projects/lorapok_player/https:/interactive-examples.mdn.mozilla.net/media/cc0-videos/flower.webm
[2026-08-17T19:51:04.696Z] Media Protocol Error: Error: ENOENT: no such file or directory, stat '/mnt/NewVolume/Personal_Projects/lorapok_player/https:/interactive-examples.mdn.mozilla.net/media/cc0-videos/flower.webm'
[2026-08-17T19:51:04.736Z] [RENDERER CONSOLE] L:1 ⚠️ Native playback failed. Switching to Neural Decode... (app://lorapok/assets/index-CdSzAV6o.js:237)
[2026-08-17T19:51:04.747Z] [MEDIA DEBUG] Raw URL: media:///mnt/NewVolume/Personal_Projects/lorapok_player/https:/interactive-examples.mdn.mozilla.net/media/cc0-videos/flower.webm?transcode=true
[2026-08-17T19:51:04.748Z] [PATH DECODE] Input: media:///mnt/NewVolume/Personal_Projects/lorapok_player/https:/interactive-examples.mdn.mozilla.net/media/cc0-videos/flower.webm?transcode=true
[2026-08-17T19:51:04.749Z] Media Protocol Error: Error: ENOENT: no such file or directory, stat '/mnt/NewVolume/Personal_Projects/lorapok_player/https:/interactive-examples.mdn.mozilla.net/media/cc0-videos/flower.webm'
[2026-08-17T19:51:04.753Z] [PATH DECODE] Input: /mnt/NewVolume/Personal_Projects/lorapok_player/https:/interactive-examples.mdn.mozilla.net/media/cc0-videos/flower.webm?transcode=true
[2026-08-17T19:51:04.771Z] [RENDERER CONSOLE] L:3 LORAPOK_UI_ERROR: Error: Error invoking remote method 'get-video-duration': Error: spawn ENOTDIR (app://lorapok/assets/index-CdSzAV6o.js:237)
[2026-08-17T19:51:04.772Z] [RENDERER] RENDERER_ERROR: Error invoking remote method 'get-video-duration': Error: spawn ENOTDIR 
[2026-08-17T19:51:04.773Z] [RENDERER CONSOLE] L:3 Uncaught (in promise) Error: Error invoking remote method 'get-video-duration': Error: spawn ENOTDIR (app://lorapok/index.html:0)
[2026-08-17T19:51:04.774Z] [RENDERER CONSOLE] L:3 Video Error: The video could not be loaded, either because the server or network failed or because the format is not supported. [object MediaError] (app://lorapok/assets/index-CdSzAV6o.js:237)
[2026-08-17T19:51:14.804Z] --- LORAPOK STARTUP ---
[2026-08-17T19:51:15.079Z] ⚠️ FFmpeg binary not found at static path, checking system path...
[2026-08-17T19:51:15.083Z] ✅ FFprobe Initialized: /mnt/NewVolume/Personal_Projects/lorapok_player/lorapok-player/release/builds/linux/linux-unpacked/resources/app.asar/dist-electron/bin/linux/x64/ffprobe
[2026-08-17T19:51:15.111Z] Creating Window...
[2026-08-17T19:51:15.490Z] [APP PROTOCOL] Request: app://lorapok/index.html -> /mnt/NewVolume/Personal_Projects/lorapok_player/lorapok-player/release/builds/linux/linux-unpacked/resources/app.asar/dist/index.html
[2026-08-17T19:51:15.729Z] [APP PROTOCOL] Request: app://lorapok/assets/index-CdSzAV6o.js -> /mnt/NewVolume/Personal_Projects/lorapok_player/lorapok-player/release/builds/linux/linux-unpacked/resources/app.asar/dist/assets/index-CdSzAV6o.js
[2026-08-17T19:51:15.736Z] [APP PROTOCOL] Request: app://lorapok/assets/index-CcW-TewB.css -> /mnt/NewVolume/Personal_Projects/lorapok_player/lorapok-player/release/builds/linux/linux-unpacked/resources/app.asar/dist/assets/index-CcW-TewB.css
[2026-08-17T19:51:16.058Z] Renderer Finished Load
[2026-08-17T19:51:16.059Z] Window Ready to Show
[2026-08-17T19:51:16.125Z] [RENDERER] App Component Mounted
[2026-08-17T19:51:16.126Z] Renderer reported READY
[2026-08-17T19:51:29.749Z] --- LORAPOK STARTUP ---
[2026-08-17T19:51:29.851Z] ⚠️ FFmpeg binary not found at static path, checking system path...
[2026-08-17T19:51:29.853Z] ✅ FFprobe Initialized: /mnt/NewVolume/Personal_Projects/lorapok_player/lorapok-player/release/builds/linux/linux-unpacked/resources/app.asar/dist-electron/bin/linux/x64/ffprobe
[2026-08-17T19:51:29.865Z] Creating Window...
[2026-08-17T19:51:30.052Z] [APP PROTOCOL] Request: app://lorapok/index.html -> /mnt/NewVolume/Personal_Projects/lorapok_player/lorapok-player/release/builds/linux/linux-unpacked/resources/app.asar/dist/index.html
[2026-08-17T19:51:30.183Z] [APP PROTOCOL] Request: app://lorapok/assets/index-CdSzAV6o.js -> /mnt/NewVolume/Personal_Projects/lorapok_player/lorapok-player/release/builds/linux/linux-unpacked/resources/app.asar/dist/assets/index-CdSzAV6o.js
[2026-08-17T19:51:30.188Z] [APP PROTOCOL] Request: app://lorapok/assets/index-CcW-TewB.css -> /mnt/NewVolume/Personal_Projects/lorapok_player/lorapok-player/release/builds/linux/linux-unpacked/resources/app.asar/dist/assets/index-CcW-TewB.css
[2026-08-17T19:51:30.380Z] Renderer Finished Load
[2026-08-17T19:51:30.381Z] Window Ready to Show
[2026-08-17T19:51:30.431Z] [RENDERER] App Component Mounted
[2026-08-17T19:51:30.431Z] Renderer reported READY
[2026-08-17T19:51:30.458Z] [RENDERER CONSOLE] L:1 Received protocol/CLI URL: lorapok:///mnt/NewVolume/Personal_Projects/lorapok_player/https:/vjs.zencdn.net/v/oceans.mp4 (app://lorapok/assets/index-CdSzAV6o.js:237)
[2026-08-17T19:51:30.464Z] [PATH DECODE] Input: /mnt/NewVolume/Personal_Projects/lorapok_player/https:/vjs.zencdn.net/v/oceans.mp4
[2026-08-17T19:51:30.478Z] [PATH DECODE] Input: /mnt/NewVolume/Personal_Projects/lorapok_player/https:/vjs.zencdn.net/v/oceans.mp4
[2026-08-17T19:51:30.487Z] [RENDERER CONSOLE] L:3 LORAPOK_UI_ERROR: Error: Error invoking remote method 'get-media-tracks': Error: spawn ENOTDIR (app://lorapok/assets/index-CdSzAV6o.js:237)
[2026-08-17T19:51:30.487Z] [RENDERER] RENDERER_ERROR: Error invoking remote method 'get-media-tracks': Error: spawn ENOTDIR 
[2026-08-17T19:51:30.488Z] [RENDERER CONSOLE] L:3 Uncaught (in promise) Error: Error invoking remote method 'get-media-tracks': Error: spawn ENOTDIR (app://lorapok/index.html:0)
[2026-08-17T19:51:30.489Z] [RENDERER CONSOLE] L:3 LORAPOK_UI_ERROR: Error: Error invoking remote method 'get-video-duration': Error: spawn ENOTDIR (app://lorapok/assets/index-CdSzAV6o.js:237)
[2026-08-17T19:51:30.489Z] [RENDERER] RENDERER_ERROR: Error invoking remote method 'get-video-duration': Error: spawn ENOTDIR 
[2026-08-17T19:51:30.489Z] [RENDERER CONSOLE] L:3 Uncaught (in promise) Error: Error invoking remote method 'get-video-duration': Error: spawn ENOTDIR (app://lorapok/index.html:0)
[2026-08-17T19:51:30.726Z] [MEDIA DEBUG] Raw URL: media:///mnt/NewVolume/Personal_Projects/lorapok_player/https:/vjs.zencdn.net/v/oceans.mp4
[2026-08-17T19:51:30.727Z] [PATH DECODE] Input: media:///mnt/NewVolume/Personal_Projects/lorapok_player/https:/vjs.zencdn.net/v/oceans.mp4
[2026-08-17T19:51:30.728Z] Media Protocol Error: Error: ENOENT: no such file or directory, stat '/mnt/NewVolume/Personal_Projects/lorapok_player/https:/vjs.zencdn.net/v/oceans.mp4'
[2026-08-17T19:51:30.745Z] [RENDERER CONSOLE] L:1 ⚠️ Native playback failed. Switching to Neural Decode... (app://lorapok/assets/index-CdSzAV6o.js:237)
[2026-08-17T19:51:30.764Z] [MEDIA DEBUG] Raw URL: media:///mnt/NewVolume/Personal_Projects/lorapok_player/https:/vjs.zencdn.net/v/oceans.mp4?transcode=true
[2026-08-17T19:51:30.765Z] [PATH DECODE] Input: media:///mnt/NewVolume/Personal_Projects/lorapok_player/https:/vjs.zencdn.net/v/oceans.mp4?transcode=true
[2026-08-17T19:51:30.766Z] Media Protocol Error: Error: ENOENT: no such file or directory, stat '/mnt/NewVolume/Personal_Projects/lorapok_player/https:/vjs.zencdn.net/v/oceans.mp4'
[2026-08-17T19:51:30.767Z] [PATH DECODE] Input: /mnt/NewVolume/Personal_Projects/lorapok_player/https:/vjs.zencdn.net/v/oceans.mp4?transcode=true
[2026-08-17T19:51:30.776Z] [RENDERER CONSOLE] L:3 LORAPOK_UI_ERROR: Error: Error invoking remote method 'get-video-duration': Error: spawn ENOTDIR (app://lorapok/assets/index-CdSzAV6o.js:237)
[2026-08-17T19:51:30.777Z] [RENDERER] RENDERER_ERROR: Error invoking remote method 'get-video-duration': Error: spawn ENOTDIR 
[2026-08-17T19:51:30.777Z] [RENDERER CONSOLE] L:3 Uncaught (in promise) Error: Error invoking remote method 'get-video-duration': Error: spawn ENOTDIR (app://lorapok/index.html:0)
[2026-08-17T19:51:30.778Z] [RENDERER CONSOLE] L:3 Video Error: The video could not be loaded, either because the server or network failed or because the format is not supported. [object MediaError] (app://lorapok/assets/index-CdSzAV6o.js:237)
[2026-08-17T19:51:41.026Z] --- LORAPOK STARTUP ---
[2026-08-17T19:51:41.142Z] ⚠️ FFmpeg binary not found at static path, checking system path...
[2026-08-17T19:51:41.144Z] ✅ FFprobe Initialized: /mnt/NewVolume/Personal_Projects/lorapok_player/lorapok-player/release/builds/linux/linux-unpacked/resources/app.asar/dist-electron/bin/linux/x64/ffprobe
[2026-08-17T19:51:41.157Z] Creating Window...
[2026-08-17T19:51:41.333Z] [APP PROTOCOL] Request: app://lorapok/index.html -> /mnt/NewVolume/Personal_Projects/lorapok_player/lorapok-player/release/builds/linux/linux-unpacked/resources/app.asar/dist/index.html
[2026-08-17T19:51:41.463Z] [APP PROTOCOL] Request: app://lorapok/assets/index-CdSzAV6o.js -> /mnt/NewVolume/Personal_Projects/lorapok_player/lorapok-player/release/builds/linux/linux-unpacked/resources/app.asar/dist/assets/index-CdSzAV6o.js
[2026-08-17T19:51:41.469Z] [APP PROTOCOL] Request: app://lorapok/assets/index-CcW-TewB.css -> /mnt/NewVolume/Personal_Projects/lorapok_player/lorapok-player/release/builds/linux/linux-unpacked/resources/app.asar/dist/assets/index-CcW-TewB.css
[2026-08-17T19:51:41.660Z] Renderer Finished Load
[2026-08-17T19:51:41.661Z] Window Ready to Show
[2026-08-17T19:51:41.710Z] [RENDERER] App Component Mounted
[2026-08-17T19:51:41.711Z] Renderer reported READY
[2026-08-17T19:51:52.243Z] --- LORAPOK STARTUP ---
[2026-08-17T19:51:52.359Z] ⚠️ FFmpeg binary not found at static path, checking system path...
[2026-08-17T19:51:52.361Z] ✅ FFprobe Initialized: /mnt/NewVolume/Personal_Projects/lorapok_player/lorapok-player/release/builds/linux/linux-unpacked/resources/app.asar/dist-electron/bin/linux/x64/ffprobe
[2026-08-17T19:51:52.375Z] Creating Window...
[2026-08-17T19:51:52.560Z] [APP PROTOCOL] Request: app://lorapok/index.html -> /mnt/NewVolume/Personal_Projects/lorapok_player/lorapok-player/release/builds/linux/linux-unpacked/resources/app.asar/dist/index.html
[2026-08-17T19:51:52.688Z] [APP PROTOCOL] Request: app://lorapok/assets/index-CdSzAV6o.js -> /mnt/NewVolume/Personal_Projects/lorapok_player/lorapok-player/release/builds/linux/linux-unpacked/resources/app.asar/dist/assets/index-CdSzAV6o.js
[2026-08-17T19:51:52.694Z] [APP PROTOCOL] Request: app://lorapok/assets/index-CcW-TewB.css -> /mnt/NewVolume/Personal_Projects/lorapok_player/lorapok-player/release/builds/linux/linux-unpacked/resources/app.asar/dist/assets/index-CcW-TewB.css
[2026-08-17T19:51:52.881Z] Renderer Finished Load
[2026-08-17T19:51:52.882Z] Window Ready to Show
[2026-08-17T19:51:52.930Z] [RENDERER] App Component Mounted
[2026-08-17T19:51:52.931Z] Renderer reported READY
[2026-08-17T19:52:04.316Z] --- LORAPOK STARTUP ---
[2026-08-17T19:52:04.427Z] ⚠️ FFmpeg binary not found at static path, checking system path...
[2026-08-17T19:52:04.429Z] ✅ FFprobe Initialized: /mnt/NewVolume/Personal_Projects/lorapok_player/lorapok-player/release/builds/linux/linux-unpacked/resources/app.asar/dist-electron/bin/linux/x64/ffprobe
[2026-08-17T19:52:04.442Z] Creating Window...
[2026-08-17T19:52:04.622Z] [APP PROTOCOL] Request: app://lorapok/index.html -> /mnt/NewVolume/Personal_Projects/lorapok_player/lorapok-player/release/builds/linux/linux-unpacked/resources/app.asar/dist/index.html
[2026-08-17T19:52:04.746Z] [APP PROTOCOL] Request: app://lorapok/assets/index-CdSzAV6o.js -> /mnt/NewVolume/Personal_Projects/lorapok_player/lorapok-player/release/builds/linux/linux-unpacked/resources/app.asar/dist/assets/index-CdSzAV6o.js
[2026-08-17T19:52:04.751Z] [APP PROTOCOL] Request: app://lorapok/assets/index-CcW-TewB.css -> /mnt/NewVolume/Personal_Projects/lorapok_player/lorapok-player/release/builds/linux/linux-unpacked/resources/app.asar/dist/assets/index-CcW-TewB.css
[2026-08-17T19:52:04.940Z] Renderer Finished Load
[2026-08-17T19:52:04.941Z] Window Ready to Show
[2026-08-17T19:52:04.994Z] [RENDERER] App Component Mounted
[2026-08-17T19:52:04.994Z] Renderer reported READY
[2026-08-17T19:52:05.019Z] [RENDERER CONSOLE] L:1 Received protocol/CLI URL: lorapok:///mnt/NewVolume/Personal_Projects/lorapok_player/https:/interactive-examples.mdn.mozilla.net/media/cc0-videos/flower.mp4 (app://lorapok/assets/index-CdSzAV6o.js:237)
[2026-08-17T19:52:05.026Z] [PATH DECODE] Input: /mnt/NewVolume/Personal_Projects/lorapok_player/https:/interactive-examples.mdn.mozilla.net/media/cc0-videos/flower.mp4
[2026-08-17T19:52:05.041Z] [PATH DECODE] Input: /mnt/NewVolume/Personal_Projects/lorapok_player/https:/interactive-examples.mdn.mozilla.net/media/cc0-videos/flower.mp4
[2026-08-17T19:52:05.050Z] [RENDERER CONSOLE] L:3 LORAPOK_UI_ERROR: Error: Error invoking remote method 'get-media-tracks': Error: spawn ENOTDIR (app://lorapok/assets/index-CdSzAV6o.js:237)
[2026-08-17T19:52:05.051Z] [RENDERER] RENDERER_ERROR: Error invoking remote method 'get-media-tracks': Error: spawn ENOTDIR 
[2026-08-17T19:52:05.051Z] [RENDERER CONSOLE] L:3 Uncaught (in promise) Error: Error invoking remote method 'get-media-tracks': Error: spawn ENOTDIR (app://lorapok/index.html:0)
[2026-08-17T19:52:05.052Z] [RENDERER CONSOLE] L:3 LORAPOK_UI_ERROR: Error: Error invoking remote method 'get-video-duration': Error: spawn ENOTDIR (app://lorapok/assets/index-CdSzAV6o.js:237)
[2026-08-17T19:52:05.052Z] [RENDERER] RENDERER_ERROR: Error invoking remote method 'get-video-duration': Error: spawn ENOTDIR 
[2026-08-17T19:52:05.052Z] [RENDERER CONSOLE] L:3 Uncaught (in promise) Error: Error invoking remote method 'get-video-duration': Error: spawn ENOTDIR (app://lorapok/index.html:0)
[2026-08-17T19:52:05.343Z] [MEDIA DEBUG] Raw URL: media:///mnt/NewVolume/Personal_Projects/lorapok_player/https:/interactive-examples.mdn.mozilla.net/media/cc0-videos/flower.mp4
[2026-08-17T19:52:05.343Z] [PATH DECODE] Input: media:///mnt/NewVolume/Personal_Projects/lorapok_player/https:/interactive-examples.mdn.mozilla.net/media/cc0-videos/flower.mp4
[2026-08-17T19:52:05.343Z] Media Protocol Error: Error: ENOENT: no such file or directory, stat '/mnt/NewVolume/Personal_Projects/lorapok_player/https:/interactive-examples.mdn.mozilla.net/media/cc0-videos/flower.mp4'
[2026-08-17T19:52:05.358Z] [RENDERER CONSOLE] L:1 ⚠️ Native playback failed. Switching to Neural Decode... (app://lorapok/assets/index-CdSzAV6o.js:237)
[2026-08-17T19:52:05.364Z] [PATH DECODE] Input: /mnt/NewVolume/Personal_Projects/lorapok_player/https:/interactive-examples.mdn.mozilla.net/media/cc0-videos/flower.mp4?transcode=true
[2026-08-17T19:52:05.372Z] [MEDIA DEBUG] Raw URL: media:///mnt/NewVolume/Personal_Projects/lorapok_player/https:/interactive-examples.mdn.mozilla.net/media/cc0-videos/flower.mp4?transcode=true
[2026-08-17T19:52:05.372Z] [PATH DECODE] Input: media:///mnt/NewVolume/Personal_Projects/lorapok_player/https:/interactive-examples.mdn.mozilla.net/media/cc0-videos/flower.mp4?transcode=true
[2026-08-17T19:52:05.373Z] Media Protocol Error: Error: ENOENT: no such file or directory, stat '/mnt/NewVolume/Personal_Projects/lorapok_player/https:/interactive-examples.mdn.mozilla.net/media/cc0-videos/flower.mp4'
[2026-08-17T19:52:05.377Z] [RENDERER CONSOLE] L:3 LORAPOK_UI_ERROR: Error: Error invoking remote method 'get-video-duration': Error: spawn ENOTDIR (app://lorapok/assets/index-CdSzAV6o.js:237)
[2026-08-17T19:52:05.377Z] [RENDERER] RENDERER_ERROR: Error invoking remote method 'get-video-duration': Error: spawn ENOTDIR 
[2026-08-17T19:52:05.378Z] [RENDERER CONSOLE] L:3 Uncaught (in promise) Error: Error invoking remote method 'get-video-duration': Error: spawn ENOTDIR (app://lorapok/index.html:0)
[2026-08-17T19:52:05.378Z] [RENDERER CONSOLE] L:3 Video Error: The video could not be loaded, either because the server or network failed or because the format is not supported. [object MediaError] (app://lorapok/assets/index-CdSzAV6o.js:237)
[2026-08-17T19:52:15.710Z] --- LORAPOK STARTUP ---
[2026-08-17T19:52:15.841Z] ⚠️ FFmpeg binary not found at static path, checking system path...
[2026-08-17T19:52:15.843Z] ✅ FFprobe Initialized: /mnt/NewVolume/Personal_Projects/lorapok_player/lorapok-player/release/builds/linux/linux-unpacked/resources/app.asar/dist-electron/bin/linux/x64/ffprobe
[2026-08-17T19:52:15.857Z] Creating Window...
[2026-08-17T19:52:16.114Z] [APP PROTOCOL] Request: app://lorapok/index.html -> /mnt/NewVolume/Personal_Projects/lorapok_player/lorapok-player/release/builds/linux/linux-unpacked/resources/app.asar/dist/index.html
[2026-08-17T19:52:16.288Z] [APP PROTOCOL] Request: app://lorapok/assets/index-CdSzAV6o.js -> /mnt/NewVolume/Personal_Projects/lorapok_player/lorapok-player/release/builds/linux/linux-unpacked/resources/app.asar/dist/assets/index-CdSzAV6o.js
[2026-08-17T19:52:16.294Z] [APP PROTOCOL] Request: app://lorapok/assets/index-CcW-TewB.css -> /mnt/NewVolume/Personal_Projects/lorapok_player/lorapok-player/release/builds/linux/linux-unpacked/resources/app.asar/dist/assets/index-CcW-TewB.css
[2026-08-17T19:52:16.561Z] Renderer Finished Load
[2026-08-17T19:52:16.562Z] Window Ready to Show
[2026-08-17T19:52:16.626Z] [RENDERER] App Component Mounted
[2026-08-17T19:52:16.627Z] Renderer reported READY
[2026-08-17T19:52:32.505Z] --- LORAPOK STARTUP ---
[2026-08-17T19:52:32.618Z] ⚠️ FFmpeg binary not found at static path, checking system path...
[2026-08-17T19:52:32.620Z] ✅ FFprobe Initialized: /mnt/NewVolume/Personal_Projects/lorapok_player/lorapok-player/release/builds/linux/linux-unpacked/resources/app.asar/dist-electron/bin/linux/x64/ffprobe
[2026-08-17T19:52:32.633Z] Creating Window...
[2026-08-17T19:52:32.808Z] [APP PROTOCOL] Request: app://lorapok/index.html -> /mnt/NewVolume/Personal_Projects/lorapok_player/lorapok-player/release/builds/linux/linux-unpacked/resources/app.asar/dist/index.html
[2026-08-17T19:52:32.933Z] [APP PROTOCOL] Request: app://lorapok/assets/index-CdSzAV6o.js -> /mnt/NewVolume/Personal_Projects/lorapok_player/lorapok-player/release/builds/linux/linux-unpacked/resources/app.asar/dist/assets/index-CdSzAV6o.js
[2026-08-17T19:52:32.938Z] [APP PROTOCOL] Request: app://lorapok/assets/index-CcW-TewB.css -> /mnt/NewVolume/Personal_Projects/lorapok_player/lorapok-player/release/builds/linux/linux-unpacked/resources/app.asar/dist/assets/index-CcW-TewB.css
[2026-08-17T19:52:33.124Z] Renderer Finished Load
[2026-08-17T19:52:33.125Z] Window Ready to Show
[2026-08-17T19:52:33.175Z] [RENDERER] App Component Mounted
[2026-08-17T19:52:33.175Z] Renderer reported READY
[2026-08-17T19:52:43.683Z] --- LORAPOK STARTUP ---
[2026-08-17T19:52:43.784Z] ⚠️ FFmpeg binary not found at static path, checking system path...
[2026-08-17T19:52:43.786Z] ✅ FFprobe Initialized: /mnt/NewVolume/Personal_Projects/lorapok_player/lorapok-player/release/builds/linux/linux-unpacked/resources/app.asar/dist-electron/bin/linux/x64/ffprobe
[2026-08-17T19:52:43.798Z] Creating Window...
[2026-08-17T19:52:43.994Z] [APP PROTOCOL] Request: app://lorapok/index.html -> /mnt/NewVolume/Personal_Projects/lorapok_player/lorapok-player/release/builds/linux/linux-unpacked/resources/app.asar/dist/index.html
[2026-08-17T19:52:44.151Z] [APP PROTOCOL] Request: app://lorapok/assets/index-CdSzAV6o.js -> /mnt/NewVolume/Personal_Projects/lorapok_player/lorapok-player/release/builds/linux/linux-unpacked/resources/app.asar/dist/assets/index-CdSzAV6o.js
[2026-08-17T19:52:44.157Z] [APP PROTOCOL] Request: app://lorapok/assets/index-CcW-TewB.css -> /mnt/NewVolume/Personal_Projects/lorapok_player/lorapok-player/release/builds/linux/linux-unpacked/resources/app.asar/dist/assets/index-CcW-TewB.css
[2026-08-17T19:52:44.402Z] Renderer Finished Load
[2026-08-17T19:52:44.403Z] Window Ready to Show
[2026-08-17T19:52:44.461Z] [RENDERER] App Component Mounted
[2026-08-17T19:52:44.462Z] Renderer reported READY
[2026-08-17T19:52:55.380Z] --- LORAPOK STARTUP ---
[2026-08-17T19:52:55.476Z] ⚠️ FFmpeg binary not found at static path, checking system path...
[2026-08-17T19:52:55.478Z] ✅ FFprobe Initialized: /mnt/NewVolume/Personal_Projects/lorapok_player/lorapok-player/release/builds/linux/linux-unpacked/resources/app.asar/dist-electron/bin/linux/x64/ffprobe
[2026-08-17T19:52:55.489Z] Creating Window...
[2026-08-17T19:52:55.655Z] [APP PROTOCOL] Request: app://lorapok/index.html -> /mnt/NewVolume/Personal_Projects/lorapok_player/lorapok-player/release/builds/linux/linux-unpacked/resources/app.asar/dist/index.html
[2026-08-17T19:52:55.790Z] [APP PROTOCOL] Request: app://lorapok/assets/index-CdSzAV6o.js -> /mnt/NewVolume/Personal_Projects/lorapok_player/lorapok-player/release/builds/linux/linux-unpacked/resources/app.asar/dist/assets/index-CdSzAV6o.js
[2026-08-17T19:52:55.795Z] [APP PROTOCOL] Request: app://lorapok/assets/index-CcW-TewB.css -> /mnt/NewVolume/Personal_Projects/lorapok_player/lorapok-player/release/builds/linux/linux-unpacked/resources/app.asar/dist/assets/index-CcW-TewB.css
[2026-08-17T19:52:56.014Z] Renderer Finished Load
[2026-08-17T19:52:56.015Z] Window Ready to Show
[2026-08-17T19:52:56.067Z] [RENDERER] App Component Mounted
[2026-08-17T19:52:56.068Z] Renderer reported READY
[2026-08-17T19:53:06.487Z] --- LORAPOK STARTUP ---
[2026-08-17T19:53:06.585Z] ⚠️ FFmpeg binary not found at static path, checking system path...
[2026-08-17T19:53:06.587Z] ✅ FFprobe Initialized: /mnt/NewVolume/Personal_Projects/lorapok_player/lorapok-player/release/builds/linux/linux-unpacked/resources/app.asar/dist-electron/bin/linux/x64/ffprobe
[2026-08-17T19:53:06.598Z] Creating Window...
[2026-08-17T19:53:06.779Z] [APP PROTOCOL] Request: app://lorapok/index.html -> /mnt/NewVolume/Personal_Projects/lorapok_player/lorapok-player/release/builds/linux/linux-unpacked/resources/app.asar/dist/index.html
[2026-08-17T19:53:06.926Z] [APP PROTOCOL] Request: app://lorapok/assets/index-CdSzAV6o.js -> /mnt/NewVolume/Personal_Projects/lorapok_player/lorapok-player/release/builds/linux/linux-unpacked/resources/app.asar/dist/assets/index-CdSzAV6o.js
[2026-08-17T19:53:06.931Z] [APP PROTOCOL] Request: app://lorapok/assets/index-CcW-TewB.css -> /mnt/NewVolume/Personal_Projects/lorapok_player/lorapok-player/release/builds/linux/linux-unpacked/resources/app.asar/dist/assets/index-CcW-TewB.css
[2026-08-17T19:53:07.171Z] Renderer Finished Load
[2026-08-17T19:53:07.171Z] Window Ready to Show
[2026-08-17T19:53:07.225Z] [RENDERER] App Component Mounted
[2026-08-17T19:53:07.226Z] Renderer reported READY
